2026-07-04 19:00:07,959 - 
 Starting Training Routine...
2026-07-04 19:00:07,959 - --------------------------------------------------
2026-07-04 19:00:09,263 - Epoch [01/100] | Train Loss: 0.8029 - Train Acc: 70.12% | Val Loss: 0.5116 - Val Acc: 81.20%
2026-07-04 19:00:10,005 - Epoch [02/100] | Train Loss: 0.3883 - Train Acc: 85.72% | Val Loss: 4.1584 - Val Acc: 31.31%
2026-07-04 19:00:10,730 - Epoch [03/100] | Train Loss: 0.2875 - Train Acc: 90.00% | Val Loss: 0.7550 - Val Acc: 75.27%
2026-07-04 19:00:11,452 - Epoch [04/100] | Train Loss: 0.2370 - Train Acc: 91.64% | Val Loss: 0.2931 - Val Acc: 89.39%
2026-07-04 19:00:12,190 - Epoch [05/100] | Train Loss: 0.2046 - Train Acc: 93.03% | Val Loss: 0.5173 - Val Acc: 82.08%
2026-07-04 19:00:12,903 - Epoch [06/100] | Train Loss: 0.1723 - Train Acc: 94.17% | Val Loss: 0.2049 - Val Acc: 92.90%
2026-07-04 19:00:13,630 - Epoch [07/100] | Train Loss: 0.1546 - Train Acc: 94.58% | Val Loss: 0.4709 - Val Acc: 82.00%
2026-07-04 19:00:14,368 - Epoch [08/100] | Train Loss: 0.1438 - Train Acc: 95.01% | Val Loss: 0.2074 - Val Acc: 92.90%
2026-07-04 19:00:15,096 - Epoch [09/100] | Train Loss: 0.1260 - Train Acc: 95.69% | Val Loss: 0.5899 - Val Acc: 81.05%
2026-07-04 19:00:15,821 - Epoch [10/100] | Train Loss: 0.1257 - Train Acc: 95.70% | Val Loss: 0.2944 - Val Acc: 89.76%
2026-07-04 19:00:16,560 - Epoch [11/100] | Train Loss: 0.1089 - Train Acc: 96.39% | Val Loss: 0.4552 - Val Acc: 87.34%
2026-07-04 19:00:17,281 - Epoch [12/100] | Train Loss: 0.1180 - Train Acc: 95.99% | Val Loss: 0.3228 - Val Acc: 89.98%
2026-07-04 19:00:18,022 - Epoch [13/100] | Train Loss: 0.1111 - Train Acc: 96.22% | Val Loss: 1.3539 - Val Acc: 71.91%
2026-07-04 19:00:18,745 - Epoch [14/100] | Train Loss: 0.0973 - Train Acc: 96.68% | Val Loss: 0.4600 - Val Acc: 86.76%
2026-07-04 19:00:19,459 - Epoch [15/100] | Train Loss: 0.0903 - Train Acc: 96.91% | Val Loss: 0.4986 - Val Acc: 88.73%
2026-07-04 19:00:20,192 - Epoch [16/100] | Train Loss: 0.0867 - Train Acc: 96.90% | Val Loss: 1.7614 - Val Acc: 68.11%
2026-07-04 19:00:20,914 - Epoch [17/100] | Train Loss: 0.0862 - Train Acc: 97.14% | Val Loss: 0.1729 - Val Acc: 95.03%
2026-07-04 19:00:21,685 - Epoch [18/100] | Train Loss: 0.0733 - Train Acc: 97.52% | Val Loss: 0.6495 - Val Acc: 82.81%
2026-07-04 19:00:22,442 - Epoch [19/100] | Train Loss: 0.0820 - Train Acc: 97.14% | Val Loss: 0.2189 - Val Acc: 93.27%
2026-07-04 19:00:23,206 - Epoch [20/100] | Train Loss: 0.0705 - Train Acc: 97.61% | Val Loss: 0.3030 - Val Acc: 91.00%
2026-07-04 19:00:23,960 - Epoch [21/100] | Train Loss: 0.0781 - Train Acc: 97.21% | Val Loss: 0.2916 - Val Acc: 91.44%
2026-07-04 19:00:24,714 - Epoch [22/100] | Train Loss: 0.0568 - Train Acc: 97.94% | Val Loss: 0.3542 - Val Acc: 92.10%
2026-07-04 19:00:25,478 - Epoch [23/100] | Train Loss: 0.0655 - Train Acc: 97.68% | Val Loss: 0.1551 - Val Acc: 95.98%
2026-07-04 19:00:26,228 - Epoch [24/100] | Train Loss: 0.0763 - Train Acc: 97.60% | Val Loss: 0.1272 - Val Acc: 96.78%
2026-07-04 19:00:26,992 - Epoch [25/100] | Train Loss: 0.0559 - Train Acc: 98.13% | Val Loss: 0.6663 - Val Acc: 84.86%
2026-07-04 19:00:27,756 - Epoch [26/100] | Train Loss: 0.0497 - Train Acc: 98.35% | Val Loss: 0.1639 - Val Acc: 95.32%
2026-07-04 19:00:28,610 - Epoch [27/100] | Train Loss: 0.0563 - Train Acc: 98.11% | Val Loss: 0.2245 - Val Acc: 93.20%
2026-07-04 19:00:29,465 - Epoch [28/100] | Train Loss: 0.0486 - Train Acc: 98.24% | Val Loss: 0.4194 - Val Acc: 90.27%
2026-07-04 19:00:30,352 - Epoch [29/100] | Train Loss: 0.0500 - Train Acc: 98.42% | Val Loss: 0.1705 - Val Acc: 94.51%
2026-07-04 19:00:31,181 - Epoch [30/100] | Train Loss: 0.0457 - Train Acc: 98.47% | Val Loss: 1.3168 - Val Acc: 74.03%
2026-07-04 19:00:32,063 - Epoch [31/100] | Train Loss: 0.0561 - Train Acc: 98.09% | Val Loss: 0.1337 - Val Acc: 96.34%
2026-07-04 19:00:32,882 - Epoch [32/100] | Train Loss: 0.0602 - Train Acc: 98.01% | Val Loss: 0.3311 - Val Acc: 92.54%
2026-07-04 19:00:33,709 - Epoch [33/100] | Train Loss: 0.0471 - Train Acc: 98.50% | Val Loss: 0.1382 - Val Acc: 96.78%
2026-07-04 19:00:34,494 - Epoch [34/100] | Train Loss: 0.0439 - Train Acc: 98.49% | Val Loss: 0.2992 - Val Acc: 94.44%
2026-07-04 19:00:35,279 - Epoch [35/100] | Train Loss: 0.0408 - Train Acc: 98.62% | Val Loss: 0.2882 - Val Acc: 93.20%
2026-07-04 19:00:36,071 - Epoch [36/100] | Train Loss: 0.0457 - Train Acc: 98.55% | Val Loss: 0.1063 - Val Acc: 97.15%
2026-07-04 19:00:36,898 - Epoch [37/100] | Train Loss: 0.0573 - Train Acc: 98.11% | Val Loss: 0.1918 - Val Acc: 95.68%
2026-07-04 19:00:37,660 - Epoch [38/100] | Train Loss: 0.0314 - Train Acc: 98.98% | Val Loss: 0.5233 - Val Acc: 88.81%
2026-07-04 19:00:38,394 - Epoch [39/100] | Train Loss: 0.0352 - Train Acc: 98.99% | Val Loss: 0.2557 - Val Acc: 93.20%
2026-07-04 19:00:39,113 - Epoch [40/100] | Train Loss: 0.0203 - Train Acc: 99.28% | Val Loss: 0.4507 - Val Acc: 89.17%
2026-07-04 19:00:39,856 - Epoch [41/100] | Train Loss: 0.0209 - Train Acc: 99.33% | Val Loss: 1.0718 - Val Acc: 80.76%
2026-07-04 19:00:40,588 - Epoch [42/100] | Train Loss: 0.0434 - Train Acc: 98.64% | Val Loss: 0.1635 - Val Acc: 96.34%
2026-07-04 19:00:41,322 - Epoch [43/100] | Train Loss: 0.0915 - Train Acc: 97.51% | Val Loss: 0.5575 - Val Acc: 82.30%
2026-07-04 19:00:42,055 - Epoch [44/100] | Train Loss: 0.0482 - Train Acc: 98.37% | Val Loss: 0.2485 - Val Acc: 93.93%
2026-07-04 19:00:42,777 - Epoch [45/100] | Train Loss: 0.0297 - Train Acc: 98.95% | Val Loss: 0.1738 - Val Acc: 96.20%
2026-07-04 19:00:43,504 - Epoch [46/100] | Train Loss: 0.0267 - Train Acc: 99.11% | Val Loss: 0.1315 - Val Acc: 97.44%
2026-07-04 19:00:44,249 - Epoch [47/100] | Train Loss: 0.0594 - Train Acc: 98.21% | Val Loss: 0.1911 - Val Acc: 96.93%
2026-07-04 19:00:45,005 - Epoch [48/100] | Train Loss: 0.0235 - Train Acc: 99.17% | Val Loss: 0.7477 - Val Acc: 86.39%
2026-07-04 19:00:45,764 - Epoch [49/100] | Train Loss: 0.0490 - Train Acc: 98.46% | Val Loss: 0.2481 - Val Acc: 93.20%
2026-07-04 19:00:46,490 - Epoch [50/100] | Train Loss: 0.0224 - Train Acc: 99.31% | Val Loss: 0.9981 - Val Acc: 82.08%
2026-07-04 19:00:47,239 - Epoch [51/100] | Train Loss: 0.0261 - Train Acc: 99.20% | Val Loss: 0.6369 - Val Acc: 89.61%
2026-07-04 19:00:48,020 - Epoch [52/100] | Train Loss: 0.0233 - Train Acc: 99.24% | Val Loss: 0.2777 - Val Acc: 94.95%
2026-07-04 19:00:48,746 - Epoch [53/100] | Train Loss: 0.0257 - Train Acc: 99.15% | Val Loss: 0.1418 - Val Acc: 97.37%
2026-07-04 19:00:49,479 - Epoch [54/100] | Train Loss: 0.0231 - Train Acc: 99.33% | Val Loss: 0.2868 - Val Acc: 94.59%
2026-07-04 19:00:50,213 - Epoch [55/100] | Train Loss: 0.0208 - Train Acc: 99.37% | Val Loss: 0.1597 - Val Acc: 96.42%
2026-07-04 19:00:50,939 - Epoch [56/100] | Train Loss: 0.0432 - Train Acc: 98.76% | Val Loss: 0.6863 - Val Acc: 82.88%
2026-07-04 19:00:51,660 - Epoch [57/100] | Train Loss: 0.0307 - Train Acc: 98.95% | Val Loss: 0.1034 - Val Acc: 97.51%
2026-07-04 19:00:52,389 - Epoch [58/100] | Train Loss: 0.0201 - Train Acc: 99.38% | Val Loss: 0.1789 - Val Acc: 96.56%
2026-07-04 19:00:53,119 - Epoch [59/100] | Train Loss: 0.0169 - Train Acc: 99.44% | Val Loss: 0.1291 - Val Acc: 97.07%
2026-07-04 19:00:53,832 - Epoch [60/100] | Train Loss: 0.0258 - Train Acc: 99.24% | Val Loss: 0.2775 - Val Acc: 94.88%
2026-07-04 19:00:54,547 - Epoch [61/100] | Train Loss: 0.0444 - Train Acc: 98.78% | Val Loss: 0.4225 - Val Acc: 91.00%
2026-07-04 19:00:55,279 - Epoch [62/100] | Train Loss: 0.0174 - Train Acc: 99.45% | Val Loss: 0.3629 - Val Acc: 92.10%
2026-07-04 19:00:56,018 - Epoch [63/100] | Train Loss: 0.0243 - Train Acc: 99.20% | Val Loss: 0.1357 - Val Acc: 97.51%
2026-07-04 19:00:56,762 - Epoch [64/100] | Train Loss: 0.0111 - Train Acc: 99.70% | Val Loss: 0.1648 - Val Acc: 96.42%
2026-07-04 19:00:57,495 - Epoch [65/100] | Train Loss: 0.0206 - Train Acc: 99.39% | Val Loss: 0.2492 - Val Acc: 95.25%
2026-07-04 19:00:58,227 - Epoch [66/100] | Train Loss: 0.0215 - Train Acc: 99.46% | Val Loss: 0.2883 - Val Acc: 94.37%
2026-07-04 19:00:58,968 - Epoch [67/100] | Train Loss: 0.0286 - Train Acc: 99.02% | Val Loss: 0.2028 - Val Acc: 96.34%
2026-07-04 19:00:59,695 - Epoch [68/100] | Train Loss: 0.0361 - Train Acc: 99.14% | Val Loss: 0.4010 - Val Acc: 91.15%
2026-07-04 19:01:00,441 - Epoch [69/100] | Train Loss: 0.0173 - Train Acc: 99.37% | Val Loss: 0.1317 - Val Acc: 97.51%
2026-07-04 19:01:01,169 - Epoch [70/100] | Train Loss: 0.0186 - Train Acc: 99.59% | Val Loss: 0.8158 - Val Acc: 86.03%
2026-07-04 19:01:01,895 - Epoch [71/100] | Train Loss: 0.0556 - Train Acc: 98.47% | Val Loss: 0.1365 - Val Acc: 97.22%
2026-07-04 19:01:02,626 - Epoch [72/100] | Train Loss: 0.0159 - Train Acc: 99.39% | Val Loss: 0.2395 - Val Acc: 95.39%
2026-07-04 19:01:03,363 - Epoch [73/100] | Train Loss: 0.0225 - Train Acc: 99.41% | Val Loss: 0.3162 - Val Acc: 94.00%
2026-07-04 19:01:04,085 - Epoch [74/100] | Train Loss: 0.0169 - Train Acc: 99.42% | Val Loss: 0.2287 - Val Acc: 97.00%
2026-07-04 19:01:04,808 - Epoch [75/100] | Train Loss: 0.0201 - Train Acc: 99.37% | Val Loss: 0.2326 - Val Acc: 96.85%
2026-07-04 19:01:05,548 - Epoch [76/100] | Train Loss: 0.0183 - Train Acc: 99.46% | Val Loss: 0.3573 - Val Acc: 94.44%
2026-07-04 19:01:06,268 - Epoch [77/100] | Train Loss: 0.0410 - Train Acc: 99.03% | Val Loss: 1.0823 - Val Acc: 82.88%
2026-07-04 19:01:07,001 - Epoch [78/100] | Train Loss: 0.0324 - Train Acc: 99.08% | Val Loss: 0.1504 - Val Acc: 97.00%
2026-07-04 19:01:07,728 - Epoch [79/100] | Train Loss: 0.0562 - Train Acc: 98.70% | Val Loss: 0.1151 - Val Acc: 97.00%
2026-07-04 19:01:08,465 - Epoch [80/100] | Train Loss: 0.0372 - Train Acc: 98.98% | Val Loss: 0.2052 - Val Acc: 95.46%
2026-07-04 19:01:09,208 - Epoch [81/100] | Train Loss: 0.0106 - Train Acc: 99.67% | Val Loss: 0.1701 - Val Acc: 96.78%
2026-07-04 19:01:09,935 - Epoch [82/100] | Train Loss: 0.0150 - Train Acc: 99.54% | Val Loss: 0.1421 - Val Acc: 96.34%
2026-07-04 19:01:10,668 - Epoch [83/100] | Train Loss: 0.0041 - Train Acc: 99.82% | Val Loss: 0.1521 - Val Acc: 97.88%
2026-07-04 19:01:11,409 - Epoch [84/100] | Train Loss: 0.0242 - Train Acc: 99.28% | Val Loss: 0.1905 - Val Acc: 96.93%
2026-07-04 19:01:12,139 - Epoch [85/100] | Train Loss: 0.0116 - Train Acc: 99.68% | Val Loss: 0.1485 - Val Acc: 97.59%
2026-07-04 19:01:12,884 - Epoch [86/100] | Train Loss: 0.0110 - Train Acc: 99.67% | Val Loss: 0.1486 - Val Acc: 97.88%
2026-07-04 19:01:13,604 - Epoch [87/100] | Train Loss: 0.0364 - Train Acc: 99.02% | Val Loss: 0.2052 - Val Acc: 96.78%
2026-07-04 19:01:14,340 - Epoch [88/100] | Train Loss: 0.0224 - Train Acc: 99.28% | Val Loss: 0.8463 - Val Acc: 82.00%
2026-07-04 19:01:15,070 - Epoch [89/100] | Train Loss: 0.0160 - Train Acc: 99.44% | Val Loss: 0.1386 - Val Acc: 97.29%
2026-07-04 19:01:15,825 - Epoch [90/100] | Train Loss: 0.0077 - Train Acc: 99.72% | Val Loss: 0.2151 - Val Acc: 96.42%
2026-07-04 19:01:16,552 - Epoch [91/100] | Train Loss: 0.0309 - Train Acc: 99.23% | Val Loss: 0.1477 - Val Acc: 97.59%
2026-07-04 19:01:17,278 - Epoch [92/100] | Train Loss: 0.0062 - Train Acc: 99.80% | Val Loss: 0.1625 - Val Acc: 97.15%
2026-07-04 19:01:18,015 - Epoch [93/100] | Train Loss: 0.0312 - Train Acc: 99.10% | Val Loss: 0.2058 - Val Acc: 96.56%
2026-07-04 19:01:18,745 - Epoch [94/100] | Train Loss: 0.0181 - Train Acc: 99.40% | Val Loss: 0.1683 - Val Acc: 96.85%
2026-07-04 19:01:19,492 - Epoch [95/100] | Train Loss: 0.0220 - Train Acc: 99.36% | Val Loss: 0.1528 - Val Acc: 97.88%
2026-07-04 19:01:20,206 - Epoch [96/100] | Train Loss: 0.0099 - Train Acc: 99.68% | Val Loss: 0.1524 - Val Acc: 97.73%
2026-07-04 19:01:20,934 - Epoch [97/100] | Train Loss: 0.0148 - Train Acc: 99.51% | Val Loss: 0.1551 - Val Acc: 97.59%
2026-07-04 19:01:21,664 - Epoch [98/100] | Train Loss: 0.0264 - Train Acc: 99.32% | Val Loss: 2.9907 - Val Acc: 64.89%
2026-07-04 19:01:22,404 - Epoch [99/100] | Train Loss: 0.0286 - Train Acc: 99.23% | Val Loss: 0.2067 - Val Acc: 95.90%
2026-07-04 19:01:23,124 - Epoch [100/100] | Train Loss: 0.0131 - Train Acc: 99.55% | Val Loss: 0.1834 - Val Acc: 96.71%
2026-07-04 19:01:23,124 - --------------------------------------------------
2026-07-04 19:01:23,124 - Training Complete!
2026-07-04 19:01:23,124 - Total Training Time: 75.17 seconds
2026-07-04 19:01:23,124 - Peak GPU Memory (allocated): 95.76 MB
2026-07-04 19:01:23,187 - 
 Starting Training Routine...
2026-07-04 19:01:23,187 - --------------------------------------------------
2026-07-04 19:01:23,485 - Epoch [01/100] | Train Loss: 0.2752 - Train Acc: 89.02% | Val Loss: 2.4223 - Val Acc: 75.14%
2026-07-04 19:01:23,761 - Epoch [02/100] | Train Loss: 0.1635 - Train Acc: 94.01% | Val Loss: 1.0634 - Val Acc: 68.07%
2026-07-04 19:01:24,031 - Epoch [03/100] | Train Loss: 0.1168 - Train Acc: 95.54% | Val Loss: 2.0988 - Val Acc: 44.36%
2026-07-04 19:01:24,299 - Epoch [04/100] | Train Loss: 0.1149 - Train Acc: 95.92% | Val Loss: 0.1992 - Val Acc: 93.31%
2026-07-04 19:01:24,574 - Epoch [05/100] | Train Loss: 0.0973 - Train Acc: 96.58% | Val Loss: 1.8277 - Val Acc: 47.23%
2026-07-04 19:01:24,830 - Epoch [06/100] | Train Loss: 0.0976 - Train Acc: 96.52% | Val Loss: 0.2098 - Val Acc: 93.88%
2026-07-04 19:01:25,115 - Epoch [07/100] | Train Loss: 0.0824 - Train Acc: 96.86% | Val Loss: 0.2968 - Val Acc: 86.23%
2026-07-04 19:01:25,387 - Epoch [08/100] | Train Loss: 0.0662 - Train Acc: 97.54% | Val Loss: 0.1988 - Val Acc: 94.07%
2026-07-04 19:01:25,658 - Epoch [09/100] | Train Loss: 0.0583 - Train Acc: 97.77% | Val Loss: 0.1052 - Val Acc: 96.75%
2026-07-04 19:01:25,927 - Epoch [10/100] | Train Loss: 0.0540 - Train Acc: 97.86% | Val Loss: 0.0958 - Val Acc: 96.56%
2026-07-04 19:01:26,198 - Epoch [11/100] | Train Loss: 0.0476 - Train Acc: 98.07% | Val Loss: 0.1976 - Val Acc: 95.03%
2026-07-04 19:01:26,461 - Epoch [12/100] | Train Loss: 0.0486 - Train Acc: 98.00% | Val Loss: 0.1683 - Val Acc: 94.84%
2026-07-04 19:01:26,739 - Epoch [13/100] | Train Loss: 0.0566 - Train Acc: 98.09% | Val Loss: 0.3808 - Val Acc: 87.76%
2026-07-04 19:01:27,001 - Epoch [14/100] | Train Loss: 0.0377 - Train Acc: 98.58% | Val Loss: 0.0726 - Val Acc: 97.90%
2026-07-04 19:01:27,278 - Epoch [15/100] | Train Loss: 0.0291 - Train Acc: 98.96% | Val Loss: 0.3604 - Val Acc: 85.47%
2026-07-04 19:01:27,549 - Epoch [16/100] | Train Loss: 0.0228 - Train Acc: 99.13% | Val Loss: 0.1294 - Val Acc: 96.56%
2026-07-04 19:01:27,829 - Epoch [17/100] | Train Loss: 0.0210 - Train Acc: 99.15% | Val Loss: 0.1213 - Val Acc: 97.13%
2026-07-04 19:01:28,098 - Epoch [18/100] | Train Loss: 0.0226 - Train Acc: 99.13% | Val Loss: 0.1431 - Val Acc: 97.71%
2026-07-04 19:01:28,362 - Epoch [19/100] | Train Loss: 0.0420 - Train Acc: 98.49% | Val Loss: 0.0788 - Val Acc: 97.51%
2026-07-04 19:01:28,640 - Epoch [20/100] | Train Loss: 0.0202 - Train Acc: 99.32% | Val Loss: 0.2529 - Val Acc: 94.65%
2026-07-04 19:01:28,911 - Epoch [21/100] | Train Loss: 0.0176 - Train Acc: 99.34% | Val Loss: 0.2409 - Val Acc: 96.94%
2026-07-04 19:01:29,183 - Epoch [22/100] | Train Loss: 0.0150 - Train Acc: 99.53% | Val Loss: 0.2021 - Val Acc: 96.18%
2026-07-04 19:01:29,440 - Epoch [23/100] | Train Loss: 0.0161 - Train Acc: 99.38% | Val Loss: 0.1067 - Val Acc: 97.32%
2026-07-04 19:01:29,714 - Epoch [24/100] | Train Loss: 0.0158 - Train Acc: 99.49% | Val Loss: 0.1122 - Val Acc: 97.51%
2026-07-04 19:01:29,989 - Epoch [25/100] | Train Loss: 0.0125 - Train Acc: 99.53% | Val Loss: 0.4563 - Val Acc: 94.46%
2026-07-04 19:01:30,267 - Epoch [26/100] | Train Loss: 0.0155 - Train Acc: 99.58% | Val Loss: 0.2056 - Val Acc: 94.84%
2026-07-04 19:01:30,529 - Epoch [27/100] | Train Loss: 0.0159 - Train Acc: 99.41% | Val Loss: 0.1511 - Val Acc: 95.41%
2026-07-04 19:01:30,807 - Epoch [28/100] | Train Loss: 0.0150 - Train Acc: 99.45% | Val Loss: 0.1491 - Val Acc: 97.71%
2026-07-04 19:01:31,071 - Epoch [29/100] | Train Loss: 0.0051 - Train Acc: 99.83% | Val Loss: 0.1891 - Val Acc: 95.79%
2026-07-04 19:01:31,343 - Epoch [30/100] | Train Loss: 0.0183 - Train Acc: 99.30% | Val Loss: 0.1079 - Val Acc: 97.90%
2026-07-04 19:01:31,611 - Epoch [31/100] | Train Loss: 0.0119 - Train Acc: 99.47% | Val Loss: 0.2839 - Val Acc: 91.97%
2026-07-04 19:01:31,888 - Epoch [32/100] | Train Loss: 0.0183 - Train Acc: 99.34% | Val Loss: 0.5112 - Val Acc: 84.89%
2026-07-04 19:01:32,151 - Epoch [33/100] | Train Loss: 0.0125 - Train Acc: 99.51% | Val Loss: 0.2017 - Val Acc: 97.32%
2026-07-04 19:01:32,428 - Epoch [34/100] | Train Loss: 0.0078 - Train Acc: 99.70% | Val Loss: 0.1413 - Val Acc: 98.09%
2026-07-04 19:01:32,705 - Epoch [35/100] | Train Loss: 0.0032 - Train Acc: 99.87% | Val Loss: 0.2290 - Val Acc: 97.32%
2026-07-04 19:01:32,975 - Epoch [36/100] | Train Loss: 0.0206 - Train Acc: 99.21% | Val Loss: 0.1036 - Val Acc: 98.09%
2026-07-04 19:01:33,233 - Epoch [37/100] | Train Loss: 0.0056 - Train Acc: 99.81% | Val Loss: 0.2032 - Val Acc: 97.51%
2026-07-04 19:01:33,523 - Epoch [38/100] | Train Loss: 0.0029 - Train Acc: 99.89% | Val Loss: 0.2338 - Val Acc: 97.71%
2026-07-04 19:01:33,794 - Epoch [39/100] | Train Loss: 0.0177 - Train Acc: 99.49% | Val Loss: 0.1817 - Val Acc: 97.90%
2026-07-04 19:01:34,065 - Epoch [40/100] | Train Loss: 0.0139 - Train Acc: 99.53% | Val Loss: 0.1359 - Val Acc: 97.32%
2026-07-04 19:01:34,343 - Epoch [41/100] | Train Loss: 0.0202 - Train Acc: 99.41% | Val Loss: 0.2028 - Val Acc: 93.12%
2026-07-04 19:01:34,606 - Epoch [42/100] | Train Loss: 0.0211 - Train Acc: 99.21% | Val Loss: 0.1268 - Val Acc: 97.32%
2026-07-04 19:01:34,884 - Epoch [43/100] | Train Loss: 0.0026 - Train Acc: 99.85% | Val Loss: 0.2008 - Val Acc: 97.13%
2026-07-04 19:01:35,155 - Epoch [44/100] | Train Loss: 0.0038 - Train Acc: 99.92% | Val Loss: 0.1942 - Val Acc: 97.90%
2026-07-04 19:01:35,426 - Epoch [45/100] | Train Loss: 0.0221 - Train Acc: 99.11% | Val Loss: 0.1836 - Val Acc: 97.71%
2026-07-04 19:01:35,697 - Epoch [46/100] | Train Loss: 0.0054 - Train Acc: 99.75% | Val Loss: 0.1815 - Val Acc: 97.90%
2026-07-04 19:01:35,968 - Epoch [47/100] | Train Loss: 0.0031 - Train Acc: 99.85% | Val Loss: 0.2194 - Val Acc: 97.51%
2026-07-04 19:01:36,242 - Epoch [48/100] | Train Loss: 0.0018 - Train Acc: 99.94% | Val Loss: 0.2012 - Val Acc: 98.09%
2026-07-04 19:01:36,510 - Epoch [49/100] | Train Loss: 0.0001 - Train Acc: 100.00% | Val Loss: 0.2443 - Val Acc: 97.90%
2026-07-04 19:01:36,781 - Epoch [50/100] | Train Loss: 0.0000 - Train Acc: 100.00% | Val Loss: 0.2526 - Val Acc: 97.90%
2026-07-04 19:01:37,052 - Epoch [51/100] | Train Loss: 0.0000 - Train Acc: 100.00% | Val Loss: 0.2545 - Val Acc: 97.90%
2026-07-04 19:01:37,323 - Epoch [52/100] | Train Loss: 0.0000 - Train Acc: 100.00% | Val Loss: 0.2674 - Val Acc: 97.90%
2026-07-04 19:01:37,593 - Epoch [53/100] | Train Loss: 0.0000 - Train Acc: 100.00% | Val Loss: 0.2711 - Val Acc: 97.90%
2026-07-04 19:01:37,864 - Epoch [54/100] | Train Loss: 0.0000 - Train Acc: 100.00% | Val Loss: 0.2719 - Val Acc: 97.90%
2026-07-04 19:01:38,135 - Epoch [55/100] | Train Loss: 0.0000 - Train Acc: 100.00% | Val Loss: 0.2756 - Val Acc: 97.90%
2026-07-04 19:01:38,406 - Epoch [56/100] | Train Loss: 0.0000 - Train Acc: 100.00% | Val Loss: 0.2845 - Val Acc: 97.90%
2026-07-04 19:01:38,677 - Epoch [57/100] | Train Loss: 0.0000 - Train Acc: 100.00% | Val Loss: 0.2910 - Val Acc: 98.09%
2026-07-04 19:01:38,948 - Epoch [58/100] | Train Loss: 0.0000 - Train Acc: 100.00% | Val Loss: 0.2946 - Val Acc: 98.28%
2026-07-04 19:01:39,219 - Epoch [59/100] | Train Loss: 0.0000 - Train Acc: 100.00% | Val Loss: 0.2773 - Val Acc: 97.51%
2026-07-04 19:01:39,490 - Epoch [60/100] | Train Loss: 0.0000 - Train Acc: 100.00% | Val Loss: 0.2979 - Val Acc: 97.90%
2026-07-04 19:01:39,761 - Epoch [61/100] | Train Loss: 0.0000 - Train Acc: 100.00% | Val Loss: 0.2983 - Val Acc: 98.09%
2026-07-04 19:01:40,032 - Epoch [62/100] | Train Loss: 0.0000 - Train Acc: 100.00% | Val Loss: 0.3003 - Val Acc: 98.09%
2026-07-04 19:01:40,302 - Epoch [63/100] | Train Loss: 0.0000 - Train Acc: 100.00% | Val Loss: 0.3060 - Val Acc: 98.09%
2026-07-04 19:01:40,573 - Epoch [64/100] | Train Loss: 0.0000 - Train Acc: 100.00% | Val Loss: 0.3061 - Val Acc: 98.09%
2026-07-04 19:01:40,844 - Epoch [65/100] | Train Loss: 0.0000 - Train Acc: 100.00% | Val Loss: 0.3081 - Val Acc: 98.09%
2026-07-04 19:01:41,115 - Epoch [66/100] | Train Loss: 0.0000 - Train Acc: 100.00% | Val Loss: 0.3082 - Val Acc: 98.09%
2026-07-04 19:01:41,386 - Epoch [67/100] | Train Loss: 0.0000 - Train Acc: 100.00% | Val Loss: 0.3093 - Val Acc: 98.09%
2026-07-04 19:01:41,657 - Epoch [68/100] | Train Loss: 0.0000 - Train Acc: 100.00% | Val Loss: 0.3068 - Val Acc: 98.09%
2026-07-04 19:01:41,928 - Epoch [69/100] | Train Loss: 0.0000 - Train Acc: 100.00% | Val Loss: 0.3098 - Val Acc: 98.09%
2026-07-04 19:01:42,199 - Epoch [70/100] | Train Loss: 0.0000 - Train Acc: 100.00% | Val Loss: 0.3112 - Val Acc: 98.09%
2026-07-04 19:01:42,470 - Epoch [71/100] | Train Loss: 0.0000 - Train Acc: 100.00% | Val Loss: 0.3102 - Val Acc: 98.09%
2026-07-04 19:01:42,741 - Epoch [72/100] | Train Loss: 0.0000 - Train Acc: 100.00% | Val Loss: 0.3156 - Val Acc: 98.09%
2026-07-04 19:01:43,012 - Epoch [73/100] | Train Loss: 0.0000 - Train Acc: 100.00% | Val Loss: 0.3154 - Val Acc: 98.09%
2026-07-04 19:01:43,282 - Epoch [74/100] | Train Loss: 0.0000 - Train Acc: 100.00% | Val Loss: 0.3174 - Val Acc: 98.09%
2026-07-04 19:01:43,560 - Epoch [75/100] | Train Loss: 0.0000 - Train Acc: 100.00% | Val Loss: 0.3193 - Val Acc: 98.09%
2026-07-04 19:01:43,831 - Epoch [76/100] | Train Loss: 0.0000 - Train Acc: 100.00% | Val Loss: 0.3195 - Val Acc: 98.09%
2026-07-04 19:01:44,102 - Epoch [77/100] | Train Loss: 0.0000 - Train Acc: 100.00% | Val Loss: 0.3223 - Val Acc: 98.09%
2026-07-04 19:01:44,373 - Epoch [78/100] | Train Loss: 0.0000 - Train Acc: 100.00% | Val Loss: 0.3248 - Val Acc: 98.09%
2026-07-04 19:01:44,644 - Epoch [79/100] | Train Loss: 0.0000 - Train Acc: 100.00% | Val Loss: 0.3238 - Val Acc: 98.09%
2026-07-04 19:01:44,915 - Epoch [80/100] | Train Loss: 0.0000 - Train Acc: 100.00% | Val Loss: 0.3407 - Val Acc: 98.09%
2026-07-04 19:01:45,186 - Epoch [81/100] | Train Loss: 0.0000 - Train Acc: 100.00% | Val Loss: 0.3411 - Val Acc: 98.09%
2026-07-04 19:01:45,464 - Epoch [82/100] | Train Loss: 0.0000 - Train Acc: 100.00% | Val Loss: 0.3401 - Val Acc: 98.09%
2026-07-04 19:01:45,734 - Epoch [83/100] | Train Loss: 0.0000 - Train Acc: 100.00% | Val Loss: 0.3413 - Val Acc: 98.09%
2026-07-04 19:01:46,012 - Epoch [84/100] | Train Loss: 0.0000 - Train Acc: 100.00% | Val Loss: 0.3577 - Val Acc: 98.28%
2026-07-04 19:01:46,283 - Epoch [85/100] | Train Loss: 0.0000 - Train Acc: 100.00% | Val Loss: 0.3593 - Val Acc: 98.28%
2026-07-04 19:01:46,554 - Epoch [86/100] | Train Loss: 0.0000 - Train Acc: 100.00% | Val Loss: 0.3589 - Val Acc: 98.28%
2026-07-04 19:01:46,825 - Epoch [87/100] | Train Loss: 0.0000 - Train Acc: 100.00% | Val Loss: 0.3602 - Val Acc: 98.28%
2026-07-04 19:01:47,099 - Epoch [88/100] | Train Loss: 0.0000 - Train Acc: 100.00% | Val Loss: 0.3598 - Val Acc: 98.28%
2026-07-04 19:01:47,367 - Epoch [89/100] | Train Loss: 0.0000 - Train Acc: 100.00% | Val Loss: 0.3575 - Val Acc: 98.09%
2026-07-04 19:01:47,645 - Epoch [90/100] | Train Loss: 0.0000 - Train Acc: 100.00% | Val Loss: 0.3649 - Val Acc: 98.09%
2026-07-04 19:01:47,914 - Epoch [91/100] | Train Loss: 0.0000 - Train Acc: 100.00% | Val Loss: 0.3669 - Val Acc: 97.90%
2026-07-04 19:01:48,179 - Epoch [92/100] | Train Loss: 0.0000 - Train Acc: 100.00% | Val Loss: 0.3673 - Val Acc: 98.09%
2026-07-04 19:01:48,450 - Epoch [93/100] | Train Loss: 0.0000 - Train Acc: 100.00% | Val Loss: 0.3762 - Val Acc: 98.09%
2026-07-04 19:01:48,721 - Epoch [94/100] | Train Loss: 0.0000 - Train Acc: 100.00% | Val Loss: 0.3772 - Val Acc: 98.09%
2026-07-04 19:01:48,992 - Epoch [95/100] | Train Loss: 0.0000 - Train Acc: 100.00% | Val Loss: 0.3792 - Val Acc: 98.09%
2026-07-04 19:01:49,263 - Epoch [96/100] | Train Loss: 0.0000 - Train Acc: 100.00% | Val Loss: 0.3797 - Val Acc: 98.09%
2026-07-04 19:01:49,534 - Epoch [97/100] | Train Loss: 0.0000 - Train Acc: 100.00% | Val Loss: 0.3778 - Val Acc: 98.09%
2026-07-04 19:01:49,810 - Epoch [98/100] | Train Loss: 0.0000 - Train Acc: 100.00% | Val Loss: 0.3812 - Val Acc: 98.09%
2026-07-04 19:01:50,083 - Epoch [99/100] | Train Loss: 0.0000 - Train Acc: 100.00% | Val Loss: 0.3825 - Val Acc: 98.09%
2026-07-04 19:01:50,361 - Epoch [100/100] | Train Loss: 0.0000 - Train Acc: 100.00% | Val Loss: 0.3809 - Val Acc: 98.09%
2026-07-04 19:01:50,361 - --------------------------------------------------
2026-07-04 19:01:50,361 - Training Complete!
2026-07-04 19:01:50,361 - Total Training Time: 27.17 seconds
2026-07-04 19:01:50,361 - Peak GPU Memory (allocated): 92.60 MB
2026-07-04 19:01:50,567 - 
 Starting Training Routine...
2026-07-04 19:01:50,567 - --------------------------------------------------
2026-07-04 19:01:51,017 - Epoch [01/100] | Train Loss: 0.9925 - Train Acc: 66.64% | Val Loss: 1.2218 - Val Acc: 66.67%
2026-07-04 19:01:51,456 - Epoch [02/100] | Train Loss: 0.8462 - Train Acc: 69.72% | Val Loss: 0.8954 - Val Acc: 67.67%
2026-07-04 19:01:51,889 - Epoch [03/100] | Train Loss: 0.8116 - Train Acc: 70.02% | Val Loss: 1.1406 - Val Acc: 67.67%
2026-07-04 19:01:52,326 - Epoch [04/100] | Train Loss: 0.7905 - Train Acc: 71.55% | Val Loss: 0.8099 - Val Acc: 71.54%
2026-07-04 19:01:52,762 - Epoch [05/100] | Train Loss: 0.7595 - Train Acc: 72.09% | Val Loss: 1.0316 - Val Acc: 61.30%
2026-07-04 19:01:53,205 - Epoch [06/100] | Train Loss: 0.7393 - Train Acc: 73.24% | Val Loss: 1.0771 - Val Acc: 60.05%
2026-07-04 19:01:53,646 - Epoch [07/100] | Train Loss: 0.7081 - Train Acc: 73.87% | Val Loss: 0.8460 - Val Acc: 72.03%
2026-07-04 19:01:54,077 - Epoch [08/100] | Train Loss: 0.6869 - Train Acc: 74.63% | Val Loss: 0.7286 - Val Acc: 73.91%
2026-07-04 19:01:54,514 - Epoch [09/100] | Train Loss: 0.6592 - Train Acc: 76.18% | Val Loss: 0.7815 - Val Acc: 71.79%
2026-07-04 19:01:54,953 - Epoch [10/100] | Train Loss: 0.6524 - Train Acc: 76.20% | Val Loss: 0.7925 - Val Acc: 68.66%
2026-07-04 19:01:55,390 - Epoch [11/100] | Train Loss: 0.6352 - Train Acc: 76.17% | Val Loss: 1.1200 - Val Acc: 68.29%
2026-07-04 19:01:55,834 - Epoch [12/100] | Train Loss: 0.6037 - Train Acc: 77.32% | Val Loss: 0.7054 - Val Acc: 75.41%
2026-07-04 19:01:56,279 - Epoch [13/100] | Train Loss: 0.6004 - Train Acc: 78.24% | Val Loss: 1.1481 - Val Acc: 54.68%
2026-07-04 19:01:56,723 - Epoch [14/100] | Train Loss: 0.5856 - Train Acc: 77.99% | Val Loss: 0.8831 - Val Acc: 65.54%
2026-07-04 19:01:57,162 - Epoch [15/100] | Train Loss: 0.5578 - Train Acc: 79.18% | Val Loss: 0.6661 - Val Acc: 76.53%
2026-07-04 19:01:57,599 - Epoch [16/100] | Train Loss: 0.5508 - Train Acc: 79.57% | Val Loss: 0.8283 - Val Acc: 67.04%
2026-07-04 19:01:58,036 - Epoch [17/100] | Train Loss: 0.5319 - Train Acc: 80.09% | Val Loss: 0.7572 - Val Acc: 70.41%
2026-07-04 19:01:58,481 - Epoch [18/100] | Train Loss: 0.5267 - Train Acc: 80.04% | Val Loss: 1.3045 - Val Acc: 52.81%
2026-07-04 19:01:58,918 - Epoch [19/100] | Train Loss: 0.4938 - Train Acc: 81.37% | Val Loss: 0.9750 - Val Acc: 60.67%
2026-07-04 19:01:59,363 - Epoch [20/100] | Train Loss: 0.4721 - Train Acc: 82.12% | Val Loss: 0.7485 - Val Acc: 73.66%
2026-07-04 19:01:59,800 - Epoch [21/100] | Train Loss: 0.4508 - Train Acc: 82.79% | Val Loss: 1.1569 - Val Acc: 59.55%
2026-07-04 19:02:00,238 - Epoch [22/100] | Train Loss: 0.4492 - Train Acc: 82.79% | Val Loss: 0.8445 - Val Acc: 72.03%
2026-07-04 19:02:00,676 - Epoch [23/100] | Train Loss: 0.4222 - Train Acc: 83.92% | Val Loss: 0.8209 - Val Acc: 71.66%
2026-07-04 19:02:01,120 - Epoch [24/100] | Train Loss: 0.3955 - Train Acc: 85.05% | Val Loss: 0.8114 - Val Acc: 71.79%
2026-07-04 19:02:01,565 - Epoch [25/100] | Train Loss: 0.3922 - Train Acc: 84.89% | Val Loss: 0.8253 - Val Acc: 74.66%
2026-07-04 19:02:01,999 - Epoch [26/100] | Train Loss: 0.3534 - Train Acc: 86.31% | Val Loss: 1.0826 - Val Acc: 70.66%
2026-07-04 19:02:02,433 - Epoch [27/100] | Train Loss: 0.3491 - Train Acc: 86.97% | Val Loss: 0.8372 - Val Acc: 71.54%
2026-07-04 19:02:02,877 - Epoch [28/100] | Train Loss: 0.3247 - Train Acc: 87.45% | Val Loss: 1.0639 - Val Acc: 65.79%
2026-07-04 19:02:03,329 - Epoch [29/100] | Train Loss: 0.3300 - Train Acc: 87.46% | Val Loss: 0.8467 - Val Acc: 73.66%
2026-07-04 19:02:03,760 - Epoch [30/100] | Train Loss: 0.2924 - Train Acc: 88.71% | Val Loss: 0.8312 - Val Acc: 72.91%
2026-07-04 19:02:04,197 - Epoch [31/100] | Train Loss: 0.2620 - Train Acc: 89.96% | Val Loss: 0.8906 - Val Acc: 73.66%
2026-07-04 19:02:04,628 - Epoch [32/100] | Train Loss: 0.2578 - Train Acc: 90.23% | Val Loss: 0.9762 - Val Acc: 75.16%
2026-07-04 19:02:05,066 - Epoch [33/100] | Train Loss: 0.2436 - Train Acc: 90.83% | Val Loss: 1.3701 - Val Acc: 66.92%
2026-07-04 19:02:05,496 - Epoch [34/100] | Train Loss: 0.2312 - Train Acc: 91.14% | Val Loss: 0.9918 - Val Acc: 74.41%
2026-07-04 19:02:05,935 - Epoch [35/100] | Train Loss: 0.2124 - Train Acc: 91.93% | Val Loss: 2.8759 - Val Acc: 52.81%
2026-07-04 19:02:06,365 - Epoch [36/100] | Train Loss: 0.1915 - Train Acc: 92.69% | Val Loss: 1.1089 - Val Acc: 72.16%
2026-07-04 19:02:06,795 - Epoch [37/100] | Train Loss: 0.1865 - Train Acc: 92.73% | Val Loss: 1.1792 - Val Acc: 74.53%
2026-07-04 19:02:07,226 - Epoch [38/100] | Train Loss: 0.1772 - Train Acc: 93.15% | Val Loss: 1.2769 - Val Acc: 73.03%
2026-07-04 19:02:07,670 - Epoch [39/100] | Train Loss: 0.1767 - Train Acc: 93.40% | Val Loss: 1.4605 - Val Acc: 69.29%
2026-07-04 19:02:08,101 - Epoch [40/100] | Train Loss: 0.1570 - Train Acc: 93.95% | Val Loss: 1.1885 - Val Acc: 73.66%
2026-07-04 19:02:08,539 - Epoch [41/100] | Train Loss: 0.1469 - Train Acc: 94.48% | Val Loss: 1.1531 - Val Acc: 72.91%
2026-07-04 19:02:08,978 - Epoch [42/100] | Train Loss: 0.1605 - Train Acc: 94.02% | Val Loss: 1.3288 - Val Acc: 72.03%
2026-07-04 19:02:09,407 - Epoch [43/100] | Train Loss: 0.1607 - Train Acc: 94.30% | Val Loss: 1.3517 - Val Acc: 71.29%
2026-07-04 19:02:09,838 - Epoch [44/100] | Train Loss: 0.1407 - Train Acc: 95.26% | Val Loss: 1.2942 - Val Acc: 71.54%
2026-07-04 19:02:10,268 - Epoch [45/100] | Train Loss: 0.1456 - Train Acc: 94.80% | Val Loss: 1.5229 - Val Acc: 73.41%
2026-07-04 19:02:10,699 - Epoch [46/100] | Train Loss: 0.1315 - Train Acc: 95.14% | Val Loss: 1.2554 - Val Acc: 72.53%
2026-07-04 19:02:11,130 - Epoch [47/100] | Train Loss: 0.1133 - Train Acc: 95.63% | Val Loss: 1.2646 - Val Acc: 75.78%
2026-07-04 19:02:11,560 - Epoch [48/100] | Train Loss: 0.1169 - Train Acc: 95.67% | Val Loss: 1.3532 - Val Acc: 76.03%
2026-07-04 19:02:11,991 - Epoch [49/100] | Train Loss: 0.1005 - Train Acc: 96.50% | Val Loss: 1.5865 - Val Acc: 74.53%
2026-07-04 19:02:12,422 - Epoch [50/100] | Train Loss: 0.1219 - Train Acc: 95.88% | Val Loss: 1.4407 - Val Acc: 71.04%
2026-07-04 19:02:12,852 - Epoch [51/100] | Train Loss: 0.1060 - Train Acc: 96.46% | Val Loss: 1.3744 - Val Acc: 75.16%
2026-07-04 19:02:13,283 - Epoch [52/100] | Train Loss: 0.1025 - Train Acc: 96.16% | Val Loss: 1.9677 - Val Acc: 64.79%
2026-07-04 19:02:13,714 - Epoch [53/100] | Train Loss: 0.1186 - Train Acc: 95.98% | Val Loss: 1.4208 - Val Acc: 73.28%
2026-07-04 19:02:14,144 - Epoch [54/100] | Train Loss: 0.0864 - Train Acc: 96.84% | Val Loss: 1.4413 - Val Acc: 74.91%
2026-07-04 19:02:14,589 - Epoch [55/100] | Train Loss: 0.0782 - Train Acc: 97.28% | Val Loss: 1.6065 - Val Acc: 71.91%
2026-07-04 19:02:15,020 - Epoch [56/100] | Train Loss: 0.0908 - Train Acc: 96.87% | Val Loss: 1.5329 - Val Acc: 75.03%
2026-07-04 19:02:15,450 - Epoch [57/100] | Train Loss: 0.0818 - Train Acc: 97.23% | Val Loss: 1.4260 - Val Acc: 74.91%
2026-07-04 19:02:15,888 - Epoch [58/100] | Train Loss: 0.0787 - Train Acc: 97.27% | Val Loss: 1.4022 - Val Acc: 75.41%
2026-07-04 19:02:16,332 - Epoch [59/100] | Train Loss: 0.0994 - Train Acc: 96.63% | Val Loss: 1.4992 - Val Acc: 73.41%
2026-07-04 19:02:16,763 - Epoch [60/100] | Train Loss: 0.0848 - Train Acc: 96.88% | Val Loss: 1.7327 - Val Acc: 70.04%
2026-07-04 19:02:17,201 - Epoch [61/100] | Train Loss: 0.0949 - Train Acc: 96.89% | Val Loss: 1.6188 - Val Acc: 71.29%
2026-07-04 19:02:17,638 - Epoch [62/100] | Train Loss: 0.0794 - Train Acc: 97.20% | Val Loss: 1.3489 - Val Acc: 75.03%
2026-07-04 19:02:18,069 - Epoch [63/100] | Train Loss: 0.0806 - Train Acc: 97.10% | Val Loss: 2.3311 - Val Acc: 60.30%
2026-07-04 19:02:18,505 - Epoch [64/100] | Train Loss: 0.0767 - Train Acc: 97.16% | Val Loss: 1.5609 - Val Acc: 73.41%
2026-07-04 19:02:18,937 - Epoch [65/100] | Train Loss: 0.0678 - Train Acc: 97.67% | Val Loss: 1.7126 - Val Acc: 70.04%
2026-07-04 19:02:19,375 - Epoch [66/100] | Train Loss: 0.0688 - Train Acc: 97.73% | Val Loss: 2.4277 - Val Acc: 62.67%
2026-07-04 19:02:19,806 - Epoch [67/100] | Train Loss: 0.0652 - Train Acc: 97.67% | Val Loss: 1.6658 - Val Acc: 71.29%
2026-07-04 19:02:20,251 - Epoch [68/100] | Train Loss: 0.0878 - Train Acc: 96.89% | Val Loss: 1.7640 - Val Acc: 70.91%
2026-07-04 19:02:20,688 - Epoch [69/100] | Train Loss: 0.0894 - Train Acc: 97.03% | Val Loss: 1.5197 - Val Acc: 71.91%
2026-07-04 19:02:21,125 - Epoch [70/100] | Train Loss: 0.0627 - Train Acc: 97.89% | Val Loss: 1.8381 - Val Acc: 68.66%
2026-07-04 19:02:21,563 - Epoch [71/100] | Train Loss: 0.0549 - Train Acc: 98.24% | Val Loss: 1.5382 - Val Acc: 72.78%
2026-07-04 19:02:21,997 - Epoch [72/100] | Train Loss: 0.0510 - Train Acc: 98.16% | Val Loss: 2.1772 - Val Acc: 68.04%
2026-07-04 19:02:22,424 - Epoch [73/100] | Train Loss: 0.0672 - Train Acc: 97.61% | Val Loss: 1.7615 - Val Acc: 70.91%
2026-07-04 19:02:22,862 - Epoch [74/100] | Train Loss: 0.0871 - Train Acc: 96.96% | Val Loss: 1.5796 - Val Acc: 73.66%
2026-07-04 19:02:23,293 - Epoch [75/100] | Train Loss: 0.0727 - Train Acc: 97.48% | Val Loss: 1.6264 - Val Acc: 74.78%
2026-07-04 19:02:23,737 - Epoch [76/100] | Train Loss: 0.0645 - Train Acc: 97.96% | Val Loss: 1.4775 - Val Acc: 75.03%
2026-07-04 19:02:24,175 - Epoch [77/100] | Train Loss: 0.0665 - Train Acc: 97.52% | Val Loss: 1.8090 - Val Acc: 70.91%
2026-07-04 19:02:24,619 - Epoch [78/100] | Train Loss: 0.0757 - Train Acc: 97.64% | Val Loss: 1.7094 - Val Acc: 69.79%
2026-07-04 19:02:25,050 - Epoch [79/100] | Train Loss: 0.0576 - Train Acc: 97.99% | Val Loss: 1.6278 - Val Acc: 75.53%
2026-07-04 19:02:25,495 - Epoch [80/100] | Train Loss: 0.0402 - Train Acc: 98.64% | Val Loss: 1.8847 - Val Acc: 70.91%
2026-07-04 19:02:25,932 - Epoch [81/100] | Train Loss: 0.0514 - Train Acc: 98.35% | Val Loss: 1.7225 - Val Acc: 72.16%
2026-07-04 19:02:26,377 - Epoch [82/100] | Train Loss: 0.0634 - Train Acc: 98.04% | Val Loss: 1.9338 - Val Acc: 74.28%
2026-07-04 19:02:26,814 - Epoch [83/100] | Train Loss: 0.0777 - Train Acc: 97.38% | Val Loss: 1.8161 - Val Acc: 69.66%
2026-07-04 19:02:27,259 - Epoch [84/100] | Train Loss: 0.0552 - Train Acc: 98.29% | Val Loss: 1.8042 - Val Acc: 71.41%
2026-07-04 19:02:27,696 - Epoch [85/100] | Train Loss: 0.0351 - Train Acc: 98.81% | Val Loss: 1.7179 - Val Acc: 72.66%
2026-07-04 19:02:28,134 - Epoch [86/100] | Train Loss: 0.0511 - Train Acc: 98.27% | Val Loss: 1.9940 - Val Acc: 71.54%
2026-07-04 19:02:28,572 - Epoch [87/100] | Train Loss: 0.0727 - Train Acc: 97.81% | Val Loss: 1.6594 - Val Acc: 70.91%
2026-07-04 19:02:29,016 - Epoch [88/100] | Train Loss: 0.0579 - Train Acc: 98.24% | Val Loss: 1.8867 - Val Acc: 75.03%
2026-07-04 19:02:29,447 - Epoch [89/100] | Train Loss: 0.0533 - Train Acc: 98.04% | Val Loss: 1.7062 - Val Acc: 72.41%
2026-07-04 19:02:29,885 - Epoch [90/100] | Train Loss: 0.0916 - Train Acc: 97.17% | Val Loss: 1.5575 - Val Acc: 71.66%
2026-07-04 19:02:30,315 - Epoch [91/100] | Train Loss: 0.0568 - Train Acc: 98.20% | Val Loss: 1.8225 - Val Acc: 73.41%
2026-07-04 19:02:30,746 - Epoch [92/100] | Train Loss: 0.0518 - Train Acc: 98.35% | Val Loss: 1.6910 - Val Acc: 74.91%
2026-07-04 19:02:31,183 - Epoch [93/100] | Train Loss: 0.0503 - Train Acc: 98.52% | Val Loss: 1.6397 - Val Acc: 73.78%
2026-07-04 19:02:31,614 - Epoch [94/100] | Train Loss: 0.0488 - Train Acc: 98.35% | Val Loss: 1.7150 - Val Acc: 73.16%
2026-07-04 19:02:32,045 - Epoch [95/100] | Train Loss: 0.0491 - Train Acc: 98.27% | Val Loss: 1.8258 - Val Acc: 71.66%
2026-07-04 19:02:32,486 - Epoch [96/100] | Train Loss: 0.0568 - Train Acc: 98.09% | Val Loss: 1.8179 - Val Acc: 72.91%
2026-07-04 19:02:32,920 - Epoch [97/100] | Train Loss: 0.0624 - Train Acc: 97.93% | Val Loss: 1.9493 - Val Acc: 71.91%
2026-07-04 19:02:33,358 - Epoch [98/100] | Train Loss: 0.0624 - Train Acc: 98.25% | Val Loss: 1.7272 - Val Acc: 74.66%
2026-07-04 19:02:33,802 - Epoch [99/100] | Train Loss: 0.0560 - Train Acc: 98.11% | Val Loss: 1.7306 - Val Acc: 73.53%
2026-07-04 19:02:34,239 - Epoch [100/100] | Train Loss: 0.0382 - Train Acc: 98.70% | Val Loss: 2.3259 - Val Acc: 68.66%
2026-07-04 19:02:34,239 - --------------------------------------------------
2026-07-04 19:02:34,239 - Training Complete!
2026-07-04 19:02:34,239 - Total Training Time: 43.67 seconds
2026-07-04 19:02:34,239 - Peak GPU Memory (allocated): 96.24 MB
2026-07-04 19:02:34,400 - 
 Starting Training Routine...
2026-07-04 19:02:34,400 - --------------------------------------------------
2026-07-04 19:02:35,219 - Epoch [01/100] | Train Loss: 0.6846 - Train Acc: 76.23% | Val Loss: 0.2907 - Val Acc: 90.43%
2026-07-04 19:02:36,018 - Epoch [02/100] | Train Loss: 0.3066 - Train Acc: 89.60% | Val Loss: 0.2654 - Val Acc: 91.47%
2026-07-04 19:02:36,817 - Epoch [03/100] | Train Loss: 0.2258 - Train Acc: 92.03% | Val Loss: 0.4961 - Val Acc: 86.00%
2026-07-04 19:02:37,609 - Epoch [04/100] | Train Loss: 0.1701 - Train Acc: 93.83% | Val Loss: 0.0842 - Val Acc: 97.01%
2026-07-04 19:02:38,407 - Epoch [05/100] | Train Loss: 0.1317 - Train Acc: 95.19% | Val Loss: 0.1378 - Val Acc: 96.22%
2026-07-04 19:02:39,199 - Epoch [06/100] | Train Loss: 0.1321 - Train Acc: 95.48% | Val Loss: 0.0479 - Val Acc: 98.18%
2026-07-04 19:02:39,991 - Epoch [07/100] | Train Loss: 0.1039 - Train Acc: 96.36% | Val Loss: 0.0699 - Val Acc: 98.05%
2026-07-04 19:02:40,783 - Epoch [08/100] | Train Loss: 0.0728 - Train Acc: 97.40% | Val Loss: 0.0795 - Val Acc: 97.72%
2026-07-04 19:02:41,575 - Epoch [09/100] | Train Loss: 0.0780 - Train Acc: 97.25% | Val Loss: 0.1616 - Val Acc: 96.61%
2026-07-04 19:02:42,367 - Epoch [10/100] | Train Loss: 0.0911 - Train Acc: 97.11% | Val Loss: 0.0693 - Val Acc: 98.44%
2026-07-04 19:02:43,166 - Epoch [11/100] | Train Loss: 0.0722 - Train Acc: 97.71% | Val Loss: 0.1080 - Val Acc: 96.61%
2026-07-04 19:02:43,957 - Epoch [12/100] | Train Loss: 0.0649 - Train Acc: 97.84% | Val Loss: 0.0528 - Val Acc: 98.63%
2026-07-04 19:02:44,749 - Epoch [13/100] | Train Loss: 0.0596 - Train Acc: 97.97% | Val Loss: 0.1215 - Val Acc: 97.72%
2026-07-04 19:02:45,541 - Epoch [14/100] | Train Loss: 0.0687 - Train Acc: 97.74% | Val Loss: 0.0495 - Val Acc: 98.44%
2026-07-04 19:02:46,333 - Epoch [15/100] | Train Loss: 0.0455 - Train Acc: 98.39% | Val Loss: 0.1878 - Val Acc: 95.64%
2026-07-04 19:02:47,125 - Epoch [16/100] | Train Loss: 0.0725 - Train Acc: 97.76% | Val Loss: 0.0877 - Val Acc: 97.53%
2026-07-04 19:02:47,917 - Epoch [17/100] | Train Loss: 0.0574 - Train Acc: 98.21% | Val Loss: 0.0822 - Val Acc: 98.50%
2026-07-04 19:02:48,709 - Epoch [18/100] | Train Loss: 0.0510 - Train Acc: 98.32% | Val Loss: 0.1919 - Val Acc: 95.44%
2026-07-04 19:02:49,501 - Epoch [19/100] | Train Loss: 0.0575 - Train Acc: 98.19% | Val Loss: 0.1501 - Val Acc: 96.55%
2026-07-04 19:02:50,292 - Epoch [20/100] | Train Loss: 0.0715 - Train Acc: 97.49% | Val Loss: 0.0233 - Val Acc: 99.28%
2026-07-04 19:02:51,091 - Epoch [21/100] | Train Loss: 0.0305 - Train Acc: 99.01% | Val Loss: 0.0811 - Val Acc: 97.85%
2026-07-04 19:02:51,883 - Epoch [22/100] | Train Loss: 0.0422 - Train Acc: 98.74% | Val Loss: 0.0586 - Val Acc: 98.37%
2026-07-04 19:02:52,675 - Epoch [23/100] | Train Loss: 0.0257 - Train Acc: 99.20% | Val Loss: 0.1015 - Val Acc: 97.66%
2026-07-04 19:02:53,467 - Epoch [24/100] | Train Loss: 0.0359 - Train Acc: 98.87% | Val Loss: 0.0417 - Val Acc: 98.76%
2026-07-04 19:02:54,259 - Epoch [25/100] | Train Loss: 0.0366 - Train Acc: 98.86% | Val Loss: 0.0282 - Val Acc: 99.15%
2026-07-04 19:02:55,051 - Epoch [26/100] | Train Loss: 0.0383 - Train Acc: 98.82% | Val Loss: 0.0213 - Val Acc: 99.28%
2026-07-04 19:02:55,842 - Epoch [27/100] | Train Loss: 0.0434 - Train Acc: 98.71% | Val Loss: 0.1512 - Val Acc: 97.59%
2026-07-04 19:02:56,634 - Epoch [28/100] | Train Loss: 0.0319 - Train Acc: 98.88% | Val Loss: 0.0375 - Val Acc: 99.22%
2026-07-04 19:02:57,426 - Epoch [29/100] | Train Loss: 0.0313 - Train Acc: 99.01% | Val Loss: 0.0490 - Val Acc: 99.02%
2026-07-04 19:02:58,218 - Epoch [30/100] | Train Loss: 0.0227 - Train Acc: 99.28% | Val Loss: 0.0633 - Val Acc: 98.44%
2026-07-04 19:02:59,010 - Epoch [31/100] | Train Loss: 0.0305 - Train Acc: 98.93% | Val Loss: 0.2498 - Val Acc: 95.57%
2026-07-04 19:02:59,802 - Epoch [32/100] | Train Loss: 0.0606 - Train Acc: 98.53% | Val Loss: 0.1571 - Val Acc: 97.07%
2026-07-04 19:03:00,593 - Epoch [33/100] | Train Loss: 0.0283 - Train Acc: 99.08% | Val Loss: 0.0303 - Val Acc: 99.28%
2026-07-04 19:03:01,392 - Epoch [34/100] | Train Loss: 0.0316 - Train Acc: 99.03% | Val Loss: 0.2693 - Val Acc: 94.66%
2026-07-04 19:03:02,184 - Epoch [35/100] | Train Loss: 0.0336 - Train Acc: 98.93% | Val Loss: 0.0312 - Val Acc: 99.41%
2026-07-04 19:03:02,983 - Epoch [36/100] | Train Loss: 0.0170 - Train Acc: 99.43% | Val Loss: 0.3620 - Val Acc: 96.03%
2026-07-04 19:03:03,779 - Epoch [37/100] | Train Loss: 0.0355 - Train Acc: 99.04% | Val Loss: 0.0292 - Val Acc: 99.02%
2026-07-04 19:03:04,567 - Epoch [38/100] | Train Loss: 0.0327 - Train Acc: 99.12% | Val Loss: 0.0674 - Val Acc: 98.89%
2026-07-04 19:03:05,366 - Epoch [39/100] | Train Loss: 0.0805 - Train Acc: 97.94% | Val Loss: 0.0541 - Val Acc: 98.83%
2026-07-04 19:03:06,158 - Epoch [40/100] | Train Loss: 0.0411 - Train Acc: 99.04% | Val Loss: 0.0437 - Val Acc: 99.22%
2026-07-04 19:03:06,949 - Epoch [41/100] | Train Loss: 0.0310 - Train Acc: 99.19% | Val Loss: 0.0567 - Val Acc: 99.02%
2026-07-04 19:03:07,741 - Epoch [42/100] | Train Loss: 0.0215 - Train Acc: 99.43% | Val Loss: 0.0219 - Val Acc: 99.35%
2026-07-04 19:03:08,533 - Epoch [43/100] | Train Loss: 0.0097 - Train Acc: 99.66% | Val Loss: 0.0163 - Val Acc: 99.74%
2026-07-04 19:03:09,332 - Epoch [44/100] | Train Loss: 0.0156 - Train Acc: 99.59% | Val Loss: 0.0678 - Val Acc: 99.22%
2026-07-04 19:03:10,130 - Epoch [45/100] | Train Loss: 0.0138 - Train Acc: 99.54% | Val Loss: 0.0788 - Val Acc: 99.09%
2026-07-04 19:03:10,923 - Epoch [46/100] | Train Loss: 0.0309 - Train Acc: 99.13% | Val Loss: 0.0615 - Val Acc: 99.15%
2026-07-04 19:03:11,714 - Epoch [47/100] | Train Loss: 0.0478 - Train Acc: 98.85% | Val Loss: 0.0778 - Val Acc: 98.57%
2026-07-04 19:03:12,506 - Epoch [48/100] | Train Loss: 0.0463 - Train Acc: 98.84% | Val Loss: 0.1299 - Val Acc: 98.44%
2026-07-04 19:03:13,298 - Epoch [49/100] | Train Loss: 0.0150 - Train Acc: 99.52% | Val Loss: 0.0518 - Val Acc: 98.83%
2026-07-04 19:03:14,090 - Epoch [50/100] | Train Loss: 0.0284 - Train Acc: 99.32% | Val Loss: 0.0444 - Val Acc: 99.09%
2026-07-04 19:03:14,882 - Epoch [51/100] | Train Loss: 0.0261 - Train Acc: 99.36% | Val Loss: 0.1364 - Val Acc: 97.72%
2026-07-04 19:03:15,678 - Epoch [52/100] | Train Loss: 0.0187 - Train Acc: 99.46% | Val Loss: 0.0433 - Val Acc: 99.22%
2026-07-04 19:03:16,473 - Epoch [53/100] | Train Loss: 0.0169 - Train Acc: 99.52% | Val Loss: 0.1611 - Val Acc: 98.70%
2026-07-04 19:03:17,271 - Epoch [54/100] | Train Loss: 0.0131 - Train Acc: 99.57% | Val Loss: 0.0237 - Val Acc: 99.48%
2026-07-04 19:03:18,067 - Epoch [55/100] | Train Loss: 0.0486 - Train Acc: 99.02% | Val Loss: 0.0528 - Val Acc: 98.89%
2026-07-04 19:03:18,855 - Epoch [56/100] | Train Loss: 0.0225 - Train Acc: 99.42% | Val Loss: 0.0647 - Val Acc: 98.96%
2026-07-04 19:03:19,647 - Epoch [57/100] | Train Loss: 0.0281 - Train Acc: 99.34% | Val Loss: 0.0537 - Val Acc: 98.57%
2026-07-04 19:03:20,439 - Epoch [58/100] | Train Loss: 0.0319 - Train Acc: 99.25% | Val Loss: 0.0521 - Val Acc: 98.96%
2026-07-04 19:03:21,231 - Epoch [59/100] | Train Loss: 0.0238 - Train Acc: 99.48% | Val Loss: 0.1263 - Val Acc: 97.40%
2026-07-04 19:03:22,023 - Epoch [60/100] | Train Loss: 0.0286 - Train Acc: 99.30% | Val Loss: 0.0593 - Val Acc: 98.89%
2026-07-04 19:03:22,815 - Epoch [61/100] | Train Loss: 0.0209 - Train Acc: 99.38% | Val Loss: 0.2141 - Val Acc: 97.40%
2026-07-04 19:03:23,606 - Epoch [62/100] | Train Loss: 0.0332 - Train Acc: 99.29% | Val Loss: 0.1007 - Val Acc: 98.44%
2026-07-04 19:03:24,398 - Epoch [63/100] | Train Loss: 0.0505 - Train Acc: 98.81% | Val Loss: 0.0776 - Val Acc: 98.76%
2026-07-04 19:03:25,190 - Epoch [64/100] | Train Loss: 0.0135 - Train Acc: 99.65% | Val Loss: 0.1143 - Val Acc: 98.83%
2026-07-04 19:03:25,982 - Epoch [65/100] | Train Loss: 0.0135 - Train Acc: 99.58% | Val Loss: 0.0532 - Val Acc: 99.41%
2026-07-04 19:03:26,774 - Epoch [66/100] | Train Loss: 0.0183 - Train Acc: 99.64% | Val Loss: 0.0406 - Val Acc: 99.02%
2026-07-04 19:03:27,573 - Epoch [67/100] | Train Loss: 0.0098 - Train Acc: 99.70% | Val Loss: 0.1876 - Val Acc: 98.57%
2026-07-04 19:03:28,365 - Epoch [68/100] | Train Loss: 0.0126 - Train Acc: 99.65% | Val Loss: 0.4411 - Val Acc: 96.29%
2026-07-04 19:03:29,156 - Epoch [69/100] | Train Loss: 0.0116 - Train Acc: 99.70% | Val Loss: 0.0417 - Val Acc: 99.28%
2026-07-04 19:03:29,948 - Epoch [70/100] | Train Loss: 0.0237 - Train Acc: 99.41% | Val Loss: 0.1098 - Val Acc: 98.11%
2026-07-04 19:03:30,740 - Epoch [71/100] | Train Loss: 0.0284 - Train Acc: 99.30% | Val Loss: 0.0889 - Val Acc: 98.37%
2026-07-04 19:03:31,539 - Epoch [72/100] | Train Loss: 0.0221 - Train Acc: 99.48% | Val Loss: 0.0413 - Val Acc: 99.09%
2026-07-04 19:03:32,331 - Epoch [73/100] | Train Loss: 0.0357 - Train Acc: 99.36% | Val Loss: 0.1239 - Val Acc: 99.15%
2026-07-04 19:03:33,123 - Epoch [74/100] | Train Loss: 0.0387 - Train Acc: 99.07% | Val Loss: 0.1809 - Val Acc: 98.18%
2026-07-04 19:03:33,915 - Epoch [75/100] | Train Loss: 0.0274 - Train Acc: 99.25% | Val Loss: 0.0662 - Val Acc: 99.15%
2026-07-04 19:03:34,710 - Epoch [76/100] | Train Loss: 0.0242 - Train Acc: 99.46% | Val Loss: 0.0470 - Val Acc: 99.09%
2026-07-04 19:03:35,498 - Epoch [77/100] | Train Loss: 0.0121 - Train Acc: 99.69% | Val Loss: 0.0451 - Val Acc: 99.61%
2026-07-04 19:03:36,290 - Epoch [78/100] | Train Loss: 0.0214 - Train Acc: 99.54% | Val Loss: 0.0325 - Val Acc: 99.41%
2026-07-04 19:03:37,082 - Epoch [79/100] | Train Loss: 0.0110 - Train Acc: 99.63% | Val Loss: 0.0570 - Val Acc: 99.41%
2026-07-04 19:03:37,874 - Epoch [80/100] | Train Loss: 0.0353 - Train Acc: 99.46% | Val Loss: 0.1586 - Val Acc: 98.24%
2026-07-04 19:03:38,673 - Epoch [81/100] | Train Loss: 0.0206 - Train Acc: 99.51% | Val Loss: 0.0175 - Val Acc: 99.67%
2026-07-04 19:03:39,465 - Epoch [82/100] | Train Loss: 0.0233 - Train Acc: 99.42% | Val Loss: 0.2573 - Val Acc: 96.81%
2026-07-04 19:03:40,256 - Epoch [83/100] | Train Loss: 0.0181 - Train Acc: 99.55% | Val Loss: 0.2331 - Val Acc: 98.70%
2026-07-04 19:03:41,048 - Epoch [84/100] | Train Loss: 0.0362 - Train Acc: 99.15% | Val Loss: 0.0900 - Val Acc: 98.70%
2026-07-04 19:03:41,840 - Epoch [85/100] | Train Loss: 0.0141 - Train Acc: 99.57% | Val Loss: 0.0949 - Val Acc: 98.31%
2026-07-04 19:03:42,632 - Epoch [86/100] | Train Loss: 0.0081 - Train Acc: 99.72% | Val Loss: 0.0797 - Val Acc: 98.83%
2026-07-04 19:03:43,424 - Epoch [87/100] | Train Loss: 0.0220 - Train Acc: 99.51% | Val Loss: 0.0308 - Val Acc: 99.48%
2026-07-04 19:03:44,223 - Epoch [88/100] | Train Loss: 0.0236 - Train Acc: 99.45% | Val Loss: 0.1198 - Val Acc: 98.89%
2026-07-04 19:03:45,015 - Epoch [89/100] | Train Loss: 0.0125 - Train Acc: 99.71% | Val Loss: 0.2531 - Val Acc: 98.96%
2026-07-04 19:03:45,806 - Epoch [90/100] | Train Loss: 0.0311 - Train Acc: 99.51% | Val Loss: 1.1075 - Val Acc: 94.01%
2026-07-04 19:03:46,605 - Epoch [91/100] | Train Loss: 0.0264 - Train Acc: 99.34% | Val Loss: 0.0763 - Val Acc: 99.09%
2026-07-04 19:03:47,397 - Epoch [92/100] | Train Loss: 0.0131 - Train Acc: 99.66% | Val Loss: 0.4946 - Val Acc: 98.11%
2026-07-04 19:03:48,189 - Epoch [93/100] | Train Loss: 0.0348 - Train Acc: 99.33% | Val Loss: 0.1674 - Val Acc: 99.41%
2026-07-04 19:03:48,988 - Epoch [94/100] | Train Loss: 0.0314 - Train Acc: 99.41% | Val Loss: 0.0695 - Val Acc: 99.09%
2026-07-04 19:03:49,780 - Epoch [95/100] | Train Loss: 0.0199 - Train Acc: 99.47% | Val Loss: 0.1155 - Val Acc: 99.48%
2026-07-04 19:03:50,571 - Epoch [96/100] | Train Loss: 0.0100 - Train Acc: 99.73% | Val Loss: 0.0747 - Val Acc: 99.28%
2026-07-04 19:03:51,363 - Epoch [97/100] | Train Loss: 0.0102 - Train Acc: 99.78% | Val Loss: 0.0371 - Val Acc: 99.61%
2026-07-04 19:03:52,155 - Epoch [98/100] | Train Loss: 0.0165 - Train Acc: 99.65% | Val Loss: 0.0295 - Val Acc: 99.48%
2026-07-04 19:03:52,947 - Epoch [99/100] | Train Loss: 0.0165 - Train Acc: 99.60% | Val Loss: 0.1346 - Val Acc: 98.50%
2026-07-04 19:03:53,739 - Epoch [100/100] | Train Loss: 0.0089 - Train Acc: 99.78% | Val Loss: 0.3049 - Val Acc: 98.70%
2026-07-04 19:03:53,739 - --------------------------------------------------
2026-07-04 19:03:53,739 - Training Complete!
2026-07-04 19:03:53,739 - Total Training Time: 79.34 seconds
2026-07-04 19:03:53,739 - Peak GPU Memory (allocated): 94.98 MB
2026-07-04 19:03:53,937 - 
 Starting Training Routine...
2026-07-04 19:03:53,937 - --------------------------------------------------
2026-07-04 19:03:55,142 - Epoch [01/100] | Train Loss: 1.0605 - Train Acc: 57.90% | Val Loss: 1.1854 - Val Acc: 56.84%
2026-07-04 19:03:56,324 - Epoch [02/100] | Train Loss: 0.5737 - Train Acc: 78.24% | Val Loss: 1.7851 - Val Acc: 53.69%
2026-07-04 19:03:57,518 - Epoch [03/100] | Train Loss: 0.3753 - Train Acc: 86.54% | Val Loss: 1.1519 - Val Acc: 62.77%
2026-07-04 19:03:58,678 - Epoch [04/100] | Train Loss: 0.2844 - Train Acc: 90.38% | Val Loss: 0.6201 - Val Acc: 79.37%
2026-07-04 19:03:59,865 - Epoch [05/100] | Train Loss: 0.2624 - Train Acc: 91.26% | Val Loss: 0.4753 - Val Acc: 83.91%
2026-07-04 19:04:01,053 - Epoch [06/100] | Train Loss: 0.2235 - Train Acc: 92.59% | Val Loss: 0.2646 - Val Acc: 92.10%
2026-07-04 19:04:02,220 - Epoch [07/100] | Train Loss: 0.1969 - Train Acc: 93.16% | Val Loss: 0.3253 - Val Acc: 89.10%
2026-07-04 19:04:03,380 - Epoch [08/100] | Train Loss: 0.1773 - Train Acc: 93.96% | Val Loss: 1.0408 - Val Acc: 74.76%
2026-07-04 19:04:04,547 - Epoch [09/100] | Train Loss: 0.1590 - Train Acc: 94.53% | Val Loss: 0.2149 - Val Acc: 94.00%
2026-07-04 19:04:05,714 - Epoch [10/100] | Train Loss: 0.1501 - Train Acc: 95.13% | Val Loss: 0.2294 - Val Acc: 93.64%
2026-07-04 19:04:06,874 - Epoch [11/100] | Train Loss: 0.1464 - Train Acc: 95.14% | Val Loss: 0.3787 - Val Acc: 89.83%
2026-07-04 19:04:08,041 - Epoch [12/100] | Train Loss: 0.1273 - Train Acc: 95.94% | Val Loss: 0.2015 - Val Acc: 94.81%
2026-07-04 19:04:09,208 - Epoch [13/100] | Train Loss: 0.1155 - Train Acc: 96.03% | Val Loss: 0.2090 - Val Acc: 92.83%
2026-07-04 19:04:10,375 - Epoch [14/100] | Train Loss: 0.1223 - Train Acc: 95.94% | Val Loss: 1.5263 - Val Acc: 62.11%
2026-07-04 19:04:11,535 - Epoch [15/100] | Train Loss: 0.0926 - Train Acc: 96.81% | Val Loss: 0.1965 - Val Acc: 94.07%
2026-07-04 19:04:12,698 - Epoch [16/100] | Train Loss: 0.1038 - Train Acc: 96.54% | Val Loss: 0.1664 - Val Acc: 95.17%
2026-07-04 19:04:13,855 - Epoch [17/100] | Train Loss: 0.0981 - Train Acc: 96.79% | Val Loss: 0.1960 - Val Acc: 93.56%
2026-07-04 19:04:15,015 - Epoch [18/100] | Train Loss: 0.0838 - Train Acc: 97.33% | Val Loss: 0.6203 - Val Acc: 81.86%
2026-07-04 19:04:16,175 - Epoch [19/100] | Train Loss: 0.0910 - Train Acc: 97.07% | Val Loss: 2.3826 - Val Acc: 62.69%
2026-07-04 19:04:17,335 - Epoch [20/100] | Train Loss: 0.0873 - Train Acc: 97.11% | Val Loss: 0.1150 - Val Acc: 96.27%
2026-07-04 19:04:18,509 - Epoch [21/100] | Train Loss: 0.0629 - Train Acc: 97.93% | Val Loss: 3.7005 - Val Acc: 55.82%
2026-07-04 19:04:19,669 - Epoch [22/100] | Train Loss: 0.0729 - Train Acc: 97.52% | Val Loss: 1.0962 - Val Acc: 76.52%
2026-07-04 19:04:20,836 - Epoch [23/100] | Train Loss: 0.0610 - Train Acc: 97.95% | Val Loss: 0.2251 - Val Acc: 93.86%
2026-07-04 19:04:21,996 - Epoch [24/100] | Train Loss: 0.0542 - Train Acc: 98.12% | Val Loss: 0.1616 - Val Acc: 94.51%
2026-07-04 19:04:23,156 - Epoch [25/100] | Train Loss: 0.0678 - Train Acc: 97.75% | Val Loss: 1.6154 - Val Acc: 67.37%
2026-07-04 19:04:24,316 - Epoch [26/100] | Train Loss: 0.0824 - Train Acc: 97.41% | Val Loss: 0.1636 - Val Acc: 96.05%
2026-07-04 19:04:25,483 - Epoch [27/100] | Train Loss: 0.0541 - Train Acc: 98.20% | Val Loss: 0.2606 - Val Acc: 92.76%
2026-07-04 19:04:26,650 - Epoch [28/100] | Train Loss: 0.0650 - Train Acc: 97.97% | Val Loss: 1.0440 - Val Acc: 79.96%
2026-07-04 19:04:27,810 - Epoch [29/100] | Train Loss: 0.1110 - Train Acc: 96.64% | Val Loss: 0.1932 - Val Acc: 95.32%
2026-07-04 19:04:28,977 - Epoch [30/100] | Train Loss: 0.0831 - Train Acc: 97.34% | Val Loss: 0.1053 - Val Acc: 97.07%
2026-07-04 19:04:30,137 - Epoch [31/100] | Train Loss: 0.0496 - Train Acc: 98.37% | Val Loss: 0.1129 - Val Acc: 96.93%
2026-07-04 19:04:31,290 - Epoch [32/100] | Train Loss: 0.0624 - Train Acc: 97.95% | Val Loss: 0.5892 - Val Acc: 87.78%
2026-07-04 19:04:32,457 - Epoch [33/100] | Train Loss: 0.1216 - Train Acc: 96.58% | Val Loss: 0.9065 - Val Acc: 79.74%
2026-07-04 19:04:33,617 - Epoch [34/100] | Train Loss: 0.0588 - Train Acc: 98.20% | Val Loss: 0.7118 - Val Acc: 86.61%
2026-07-04 19:04:34,777 - Epoch [35/100] | Train Loss: 0.0425 - Train Acc: 98.77% | Val Loss: 0.1099 - Val Acc: 96.78%
2026-07-04 19:04:35,937 - Epoch [36/100] | Train Loss: 0.0459 - Train Acc: 98.55% | Val Loss: 1.3765 - Val Acc: 77.98%
2026-07-04 19:04:37,090 - Epoch [37/100] | Train Loss: 0.0449 - Train Acc: 98.62% | Val Loss: 0.2268 - Val Acc: 95.83%
2026-07-04 19:04:38,278 - Epoch [38/100] | Train Loss: 0.0528 - Train Acc: 98.34% | Val Loss: 0.1910 - Val Acc: 93.64%
2026-07-04 19:04:39,452 - Epoch [39/100] | Train Loss: 0.0806 - Train Acc: 97.96% | Val Loss: 0.3762 - Val Acc: 90.42%
2026-07-04 19:04:40,612 - Epoch [40/100] | Train Loss: 0.0542 - Train Acc: 98.43% | Val Loss: 0.1276 - Val Acc: 96.05%
2026-07-04 19:04:41,772 - Epoch [41/100] | Train Loss: 0.0307 - Train Acc: 99.04% | Val Loss: 0.5829 - Val Acc: 87.64%
2026-07-04 19:04:42,932 - Epoch [42/100] | Train Loss: 0.0317 - Train Acc: 99.11% | Val Loss: 0.1123 - Val Acc: 97.29%
2026-07-04 19:04:44,092 - Epoch [43/100] | Train Loss: 0.0361 - Train Acc: 98.84% | Val Loss: 0.1982 - Val Acc: 95.10%
2026-07-04 19:04:45,252 - Epoch [44/100] | Train Loss: 0.0576 - Train Acc: 98.42% | Val Loss: 0.2375 - Val Acc: 94.44%
2026-07-04 19:04:46,405 - Epoch [45/100] | Train Loss: 0.0511 - Train Acc: 98.62% | Val Loss: 0.2729 - Val Acc: 95.76%
2026-07-04 19:04:47,572 - Epoch [46/100] | Train Loss: 0.0403 - Train Acc: 98.89% | Val Loss: 0.8077 - Val Acc: 85.37%
2026-07-04 19:04:48,739 - Epoch [47/100] | Train Loss: 0.0579 - Train Acc: 98.16% | Val Loss: 0.1184 - Val Acc: 96.42%
2026-07-04 19:04:49,892 - Epoch [48/100] | Train Loss: 0.0271 - Train Acc: 99.11% | Val Loss: 0.1001 - Val Acc: 97.59%
2026-07-04 19:04:51,052 - Epoch [49/100] | Train Loss: 0.0248 - Train Acc: 99.35% | Val Loss: 0.4700 - Val Acc: 89.03%
2026-07-04 19:04:52,212 - Epoch [50/100] | Train Loss: 0.0416 - Train Acc: 98.84% | Val Loss: 0.1139 - Val Acc: 97.51%
2026-07-04 19:04:53,372 - Epoch [51/100] | Train Loss: 0.0356 - Train Acc: 98.94% | Val Loss: 0.1910 - Val Acc: 94.66%
2026-07-04 19:04:54,532 - Epoch [52/100] | Train Loss: 0.0480 - Train Acc: 98.67% | Val Loss: 0.2185 - Val Acc: 95.46%
2026-07-04 19:04:55,695 - Epoch [53/100] | Train Loss: 0.0335 - Train Acc: 98.98% | Val Loss: 0.1045 - Val Acc: 96.85%
2026-07-04 19:04:56,852 - Epoch [54/100] | Train Loss: 0.0290 - Train Acc: 99.04% | Val Loss: 0.1213 - Val Acc: 97.00%
2026-07-04 19:04:58,012 - Epoch [55/100] | Train Loss: 0.0130 - Train Acc: 99.64% | Val Loss: 0.1714 - Val Acc: 96.93%
2026-07-04 19:04:59,179 - Epoch [56/100] | Train Loss: 0.0151 - Train Acc: 99.52% | Val Loss: 0.1951 - Val Acc: 96.71%
2026-07-04 19:05:00,339 - Epoch [57/100] | Train Loss: 0.0375 - Train Acc: 98.85% | Val Loss: 0.1534 - Val Acc: 96.05%
2026-07-04 19:05:01,506 - Epoch [58/100] | Train Loss: 0.0308 - Train Acc: 99.04% | Val Loss: 0.2141 - Val Acc: 94.88%
2026-07-04 19:05:02,666 - Epoch [59/100] | Train Loss: 0.0275 - Train Acc: 99.28% | Val Loss: 0.4549 - Val Acc: 91.51%
2026-07-04 19:05:03,833 - Epoch [60/100] | Train Loss: 0.0254 - Train Acc: 99.23% | Val Loss: 0.1017 - Val Acc: 97.44%
2026-07-04 19:05:04,993 - Epoch [61/100] | Train Loss: 0.0388 - Train Acc: 98.86% | Val Loss: 0.2127 - Val Acc: 95.54%
2026-07-04 19:05:06,153 - Epoch [62/100] | Train Loss: 0.0299 - Train Acc: 99.06% | Val Loss: 0.3579 - Val Acc: 91.66%
2026-07-04 19:05:07,322 - Epoch [63/100] | Train Loss: 0.0314 - Train Acc: 99.02% | Val Loss: 0.1103 - Val Acc: 97.00%
2026-07-04 19:05:08,497 - Epoch [64/100] | Train Loss: 0.0497 - Train Acc: 98.85% | Val Loss: 0.7455 - Val Acc: 92.68%
2026-07-04 19:05:09,678 - Epoch [65/100] | Train Loss: 0.0820 - Train Acc: 97.72% | Val Loss: 0.1176 - Val Acc: 97.29%
2026-07-04 19:05:10,859 - Epoch [66/100] | Train Loss: 0.0417 - Train Acc: 98.87% | Val Loss: 0.1330 - Val Acc: 97.51%
2026-07-04 19:05:12,029 - Epoch [67/100] | Train Loss: 0.0213 - Train Acc: 99.42% | Val Loss: 0.3089 - Val Acc: 94.66%
2026-07-04 19:05:13,210 - Epoch [68/100] | Train Loss: 0.0535 - Train Acc: 98.66% | Val Loss: 0.1878 - Val Acc: 95.68%
2026-07-04 19:05:14,377 - Epoch [69/100] | Train Loss: 0.0411 - Train Acc: 98.74% | Val Loss: 0.1040 - Val Acc: 98.10%
2026-07-04 19:05:15,558 - Epoch [70/100] | Train Loss: 0.0202 - Train Acc: 99.45% | Val Loss: 0.1000 - Val Acc: 97.88%
2026-07-04 19:05:16,725 - Epoch [71/100] | Train Loss: 0.0312 - Train Acc: 99.16% | Val Loss: 0.1836 - Val Acc: 96.78%
2026-07-04 19:05:17,913 - Epoch [72/100] | Train Loss: 0.0261 - Train Acc: 99.18% | Val Loss: 0.9036 - Val Acc: 82.52%
2026-07-04 19:05:19,094 - Epoch [73/100] | Train Loss: 0.0830 - Train Acc: 98.05% | Val Loss: 0.0932 - Val Acc: 97.37%
2026-07-04 19:05:20,268 - Epoch [74/100] | Train Loss: 0.0344 - Train Acc: 99.04% | Val Loss: 0.2133 - Val Acc: 95.10%
2026-07-04 19:05:21,428 - Epoch [75/100] | Train Loss: 0.0296 - Train Acc: 99.15% | Val Loss: 0.1102 - Val Acc: 97.44%
2026-07-04 19:05:22,595 - Epoch [76/100] | Train Loss: 0.0116 - Train Acc: 99.59% | Val Loss: 0.1219 - Val Acc: 98.17%
2026-07-04 19:05:23,761 - Epoch [77/100] | Train Loss: 0.0168 - Train Acc: 99.59% | Val Loss: 2.1356 - Val Acc: 77.83%
2026-07-04 19:05:24,929 - Epoch [78/100] | Train Loss: 0.0482 - Train Acc: 98.75% | Val Loss: 0.1827 - Val Acc: 97.37%
2026-07-04 19:05:26,096 - Epoch [79/100] | Train Loss: 0.0208 - Train Acc: 99.50% | Val Loss: 0.6333 - Val Acc: 89.25%
2026-07-04 19:05:27,263 - Epoch [80/100] | Train Loss: 0.0150 - Train Acc: 99.58% | Val Loss: 0.1082 - Val Acc: 97.59%
2026-07-04 19:05:28,430 - Epoch [81/100] | Train Loss: 0.0130 - Train Acc: 99.62% | Val Loss: 0.2658 - Val Acc: 95.83%
2026-07-04 19:05:29,603 - Epoch [82/100] | Train Loss: 0.0175 - Train Acc: 99.44% | Val Loss: 0.1306 - Val Acc: 98.10%
2026-07-04 19:05:30,774 - Epoch [83/100] | Train Loss: 0.0241 - Train Acc: 99.42% | Val Loss: 0.1543 - Val Acc: 97.00%
2026-07-04 19:05:31,940 - Epoch [84/100] | Train Loss: 0.0295 - Train Acc: 99.22% | Val Loss: 0.2085 - Val Acc: 96.27%
2026-07-04 19:05:33,328 - Epoch [85/100] | Train Loss: 0.0413 - Train Acc: 98.89% | Val Loss: 0.1260 - Val Acc: 96.85%
2026-07-04 19:05:34,491 - Epoch [86/100] | Train Loss: 0.0353 - Train Acc: 99.14% | Val Loss: 0.1899 - Val Acc: 95.83%
2026-07-04 19:05:35,643 - Epoch [87/100] | Train Loss: 0.0302 - Train Acc: 99.22% | Val Loss: 0.1624 - Val Acc: 96.71%
2026-07-04 19:05:36,798 - Epoch [88/100] | Train Loss: 0.0165 - Train Acc: 99.61% | Val Loss: 0.1317 - Val Acc: 97.22%
2026-07-04 19:05:37,961 - Epoch [89/100] | Train Loss: 0.0282 - Train Acc: 99.15% | Val Loss: 0.2122 - Val Acc: 96.85%
2026-07-04 19:05:39,122 - Epoch [90/100] | Train Loss: 0.0162 - Train Acc: 99.54% | Val Loss: 0.1689 - Val Acc: 97.73%
2026-07-04 19:05:40,279 - Epoch [91/100] | Train Loss: 0.0269 - Train Acc: 99.43% | Val Loss: 0.1794 - Val Acc: 96.42%
2026-07-04 19:05:41,432 - Epoch [92/100] | Train Loss: 0.0244 - Train Acc: 99.41% | Val Loss: 0.1262 - Val Acc: 96.63%
2026-07-04 19:05:42,586 - Epoch [93/100] | Train Loss: 0.0329 - Train Acc: 99.15% | Val Loss: 0.2632 - Val Acc: 94.00%
2026-07-04 19:05:43,742 - Epoch [94/100] | Train Loss: 0.0250 - Train Acc: 99.26% | Val Loss: 0.1456 - Val Acc: 97.88%
2026-07-04 19:05:44,896 - Epoch [95/100] | Train Loss: 0.0171 - Train Acc: 99.52% | Val Loss: 0.1429 - Val Acc: 97.51%
2026-07-04 19:05:46,044 - Epoch [96/100] | Train Loss: 0.0222 - Train Acc: 99.50% | Val Loss: 0.6985 - Val Acc: 86.25%
2026-07-04 19:05:47,191 - Epoch [97/100] | Train Loss: 0.0600 - Train Acc: 98.30% | Val Loss: 0.1893 - Val Acc: 96.12%
2026-07-04 19:05:48,341 - Epoch [98/100] | Train Loss: 0.0155 - Train Acc: 99.49% | Val Loss: 0.1873 - Val Acc: 97.44%
2026-07-04 19:05:49,498 - Epoch [99/100] | Train Loss: 0.0202 - Train Acc: 99.49% | Val Loss: 0.2493 - Val Acc: 95.61%
2026-07-04 19:05:50,652 - Epoch [100/100] | Train Loss: 0.0052 - Train Acc: 99.85% | Val Loss: 0.1830 - Val Acc: 97.44%
2026-07-04 19:05:50,652 - --------------------------------------------------
2026-07-04 19:05:50,653 - Training Complete!
2026-07-04 19:05:50,653 - Total Training Time: 116.72 seconds
2026-07-04 19:05:50,653 - Peak GPU Memory (allocated): 212.15 MB
2026-07-04 19:05:50,712 - 
 Starting Training Routine...
2026-07-04 19:05:50,712 - --------------------------------------------------
2026-07-04 19:05:51,152 - Epoch [01/100] | Train Loss: 0.2905 - Train Acc: 87.56% | Val Loss: 0.2239 - Val Acc: 91.20%
2026-07-04 19:05:51,566 - Epoch [02/100] | Train Loss: 0.1451 - Train Acc: 94.86% | Val Loss: 0.3781 - Val Acc: 82.22%
2026-07-04 19:05:51,980 - Epoch [03/100] | Train Loss: 0.1096 - Train Acc: 95.80% | Val Loss: 0.2999 - Val Acc: 85.28%
2026-07-04 19:05:52,397 - Epoch [04/100] | Train Loss: 0.1049 - Train Acc: 96.28% | Val Loss: 0.2925 - Val Acc: 91.40%
2026-07-04 19:05:52,808 - Epoch [05/100] | Train Loss: 0.0938 - Train Acc: 96.81% | Val Loss: 0.0794 - Val Acc: 95.98%
2026-07-04 19:05:53,222 - Epoch [06/100] | Train Loss: 0.0760 - Train Acc: 97.05% | Val Loss: 0.0861 - Val Acc: 97.13%
2026-07-04 19:05:53,633 - Epoch [07/100] | Train Loss: 0.0565 - Train Acc: 97.90% | Val Loss: 0.9062 - Val Acc: 65.97%
2026-07-04 19:05:54,045 - Epoch [08/100] | Train Loss: 0.0515 - Train Acc: 98.24% | Val Loss: 0.1049 - Val Acc: 95.98%
2026-07-04 19:05:54,459 - Epoch [09/100] | Train Loss: 0.0495 - Train Acc: 98.15% | Val Loss: 0.3419 - Val Acc: 93.69%
2026-07-04 19:05:54,870 - Epoch [10/100] | Train Loss: 0.0428 - Train Acc: 98.62% | Val Loss: 0.0718 - Val Acc: 97.32%
2026-07-04 19:05:55,283 - Epoch [11/100] | Train Loss: 0.0508 - Train Acc: 98.24% | Val Loss: 0.1441 - Val Acc: 95.03%
2026-07-04 19:05:55,696 - Epoch [12/100] | Train Loss: 0.0573 - Train Acc: 98.15% | Val Loss: 0.1702 - Val Acc: 94.84%
2026-07-04 19:05:56,108 - Epoch [13/100] | Train Loss: 0.0406 - Train Acc: 98.64% | Val Loss: 0.2885 - Val Acc: 90.82%
2026-07-04 19:05:56,521 - Epoch [14/100] | Train Loss: 0.0313 - Train Acc: 98.81% | Val Loss: 0.1143 - Val Acc: 96.37%
2026-07-04 19:05:56,932 - Epoch [15/100] | Train Loss: 0.0372 - Train Acc: 98.68% | Val Loss: 0.1355 - Val Acc: 96.56%
2026-07-04 19:05:57,344 - Epoch [16/100] | Train Loss: 0.0345 - Train Acc: 98.77% | Val Loss: 0.1249 - Val Acc: 96.94%
2026-07-04 19:05:57,761 - Epoch [17/100] | Train Loss: 0.0314 - Train Acc: 98.81% | Val Loss: 0.2225 - Val Acc: 95.03%
2026-07-04 19:05:58,178 - Epoch [18/100] | Train Loss: 0.0316 - Train Acc: 98.85% | Val Loss: 0.3868 - Val Acc: 90.63%
2026-07-04 19:05:58,592 - Epoch [19/100] | Train Loss: 0.0172 - Train Acc: 99.41% | Val Loss: 0.1208 - Val Acc: 96.37%
2026-07-04 19:05:59,006 - Epoch [20/100] | Train Loss: 0.0276 - Train Acc: 98.94% | Val Loss: 0.1093 - Val Acc: 96.18%
2026-07-04 19:05:59,420 - Epoch [21/100] | Train Loss: 0.0177 - Train Acc: 99.38% | Val Loss: 0.1946 - Val Acc: 96.75%
2026-07-04 19:05:59,831 - Epoch [22/100] | Train Loss: 0.0303 - Train Acc: 98.85% | Val Loss: 0.1733 - Val Acc: 95.03%
2026-07-04 19:06:00,244 - Epoch [23/100] | Train Loss: 0.0141 - Train Acc: 99.58% | Val Loss: 0.1281 - Val Acc: 96.75%
2026-07-04 19:06:00,656 - Epoch [24/100] | Train Loss: 0.0051 - Train Acc: 99.83% | Val Loss: 0.1809 - Val Acc: 96.75%
2026-07-04 19:06:01,068 - Epoch [25/100] | Train Loss: 0.0189 - Train Acc: 99.38% | Val Loss: 0.1196 - Val Acc: 97.32%
2026-07-04 19:06:01,484 - Epoch [26/100] | Train Loss: 0.0182 - Train Acc: 99.38% | Val Loss: 0.1116 - Val Acc: 97.51%
2026-07-04 19:06:01,900 - Epoch [27/100] | Train Loss: 0.0143 - Train Acc: 99.55% | Val Loss: 0.1702 - Val Acc: 96.75%
2026-07-04 19:06:02,310 - Epoch [28/100] | Train Loss: 0.0181 - Train Acc: 99.32% | Val Loss: 0.1521 - Val Acc: 95.79%
2026-07-04 19:06:02,724 - Epoch [29/100] | Train Loss: 0.0231 - Train Acc: 99.21% | Val Loss: 0.0834 - Val Acc: 96.56%
2026-07-04 19:06:03,139 - Epoch [30/100] | Train Loss: 0.0179 - Train Acc: 99.58% | Val Loss: 0.1442 - Val Acc: 97.13%
2026-07-04 19:06:03,554 - Epoch [31/100] | Train Loss: 0.0323 - Train Acc: 99.15% | Val Loss: 0.1346 - Val Acc: 95.41%
2026-07-04 19:06:03,970 - Epoch [32/100] | Train Loss: 0.0263 - Train Acc: 99.21% | Val Loss: 0.1686 - Val Acc: 96.94%
2026-07-04 19:06:04,384 - Epoch [33/100] | Train Loss: 0.0084 - Train Acc: 99.64% | Val Loss: 0.1873 - Val Acc: 96.37%
2026-07-04 19:06:04,797 - Epoch [34/100] | Train Loss: 0.0233 - Train Acc: 99.32% | Val Loss: 0.1149 - Val Acc: 97.13%
2026-07-04 19:06:05,211 - Epoch [35/100] | Train Loss: 0.0083 - Train Acc: 99.68% | Val Loss: 0.2907 - Val Acc: 95.79%
2026-07-04 19:06:05,625 - Epoch [36/100] | Train Loss: 0.0122 - Train Acc: 99.60% | Val Loss: 0.1695 - Val Acc: 96.94%
2026-07-04 19:06:06,039 - Epoch [37/100] | Train Loss: 0.0032 - Train Acc: 99.87% | Val Loss: 0.2686 - Val Acc: 97.13%
2026-07-04 19:06:06,454 - Epoch [38/100] | Train Loss: 0.0057 - Train Acc: 99.85% | Val Loss: 0.7995 - Val Acc: 94.46%
2026-07-04 19:06:06,873 - Epoch [39/100] | Train Loss: 0.0095 - Train Acc: 99.62% | Val Loss: 0.1764 - Val Acc: 97.13%
2026-07-04 19:06:07,294 - Epoch [40/100] | Train Loss: 0.0081 - Train Acc: 99.66% | Val Loss: 0.2849 - Val Acc: 94.65%
2026-07-04 19:06:07,717 - Epoch [41/100] | Train Loss: 0.0102 - Train Acc: 99.68% | Val Loss: 0.1785 - Val Acc: 96.56%
2026-07-04 19:06:08,142 - Epoch [42/100] | Train Loss: 0.0119 - Train Acc: 99.70% | Val Loss: 0.2315 - Val Acc: 96.94%
2026-07-04 19:06:08,568 - Epoch [43/100] | Train Loss: 0.0214 - Train Acc: 99.24% | Val Loss: 0.1570 - Val Acc: 96.75%
2026-07-04 19:06:08,996 - Epoch [44/100] | Train Loss: 0.0146 - Train Acc: 99.45% | Val Loss: 0.1838 - Val Acc: 96.75%
2026-07-04 19:06:09,424 - Epoch [45/100] | Train Loss: 0.0141 - Train Acc: 99.64% | Val Loss: 0.2725 - Val Acc: 92.16%
2026-07-04 19:06:09,850 - Epoch [46/100] | Train Loss: 0.0081 - Train Acc: 99.77% | Val Loss: 0.2135 - Val Acc: 96.94%
2026-07-04 19:06:10,281 - Epoch [47/100] | Train Loss: 0.0375 - Train Acc: 98.92% | Val Loss: 0.1431 - Val Acc: 96.75%
2026-07-04 19:06:10,714 - Epoch [48/100] | Train Loss: 0.0182 - Train Acc: 99.47% | Val Loss: 0.1091 - Val Acc: 96.75%
2026-07-04 19:06:11,144 - Epoch [49/100] | Train Loss: 0.0088 - Train Acc: 99.75% | Val Loss: 0.3088 - Val Acc: 97.51%
2026-07-04 19:06:11,576 - Epoch [50/100] | Train Loss: 0.0215 - Train Acc: 99.51% | Val Loss: 0.1094 - Val Acc: 96.56%
2026-07-04 19:06:12,011 - Epoch [51/100] | Train Loss: 0.0042 - Train Acc: 99.92% | Val Loss: 0.1430 - Val Acc: 97.32%
2026-07-04 19:06:12,442 - Epoch [52/100] | Train Loss: 0.0042 - Train Acc: 99.85% | Val Loss: 0.1625 - Val Acc: 95.79%
2026-07-04 19:06:12,868 - Epoch [53/100] | Train Loss: 0.0141 - Train Acc: 99.62% | Val Loss: 0.1611 - Val Acc: 97.32%
2026-07-04 19:06:13,295 - Epoch [54/100] | Train Loss: 0.0016 - Train Acc: 99.94% | Val Loss: 0.2025 - Val Acc: 96.94%
2026-07-04 19:06:13,725 - Epoch [55/100] | Train Loss: 0.0043 - Train Acc: 99.85% | Val Loss: 0.1801 - Val Acc: 97.13%
2026-07-04 19:06:14,158 - Epoch [56/100] | Train Loss: 0.0006 - Train Acc: 99.98% | Val Loss: 0.2153 - Val Acc: 97.13%
2026-07-04 19:06:14,588 - Epoch [57/100] | Train Loss: 0.0000 - Train Acc: 100.00% | Val Loss: 0.2561 - Val Acc: 97.13%
2026-07-04 19:06:15,013 - Epoch [58/100] | Train Loss: 0.0000 - Train Acc: 100.00% | Val Loss: 0.2625 - Val Acc: 97.13%
2026-07-04 19:06:15,445 - Epoch [59/100] | Train Loss: 0.0000 - Train Acc: 100.00% | Val Loss: 0.2786 - Val Acc: 97.13%
2026-07-04 19:06:15,862 - Epoch [60/100] | Train Loss: 0.0000 - Train Acc: 100.00% | Val Loss: 0.2959 - Val Acc: 97.13%
2026-07-04 19:06:16,279 - Epoch [61/100] | Train Loss: 0.0000 - Train Acc: 100.00% | Val Loss: 0.2970 - Val Acc: 97.13%
2026-07-04 19:06:16,698 - Epoch [62/100] | Train Loss: 0.0000 - Train Acc: 100.00% | Val Loss: 0.3046 - Val Acc: 97.32%
2026-07-04 19:06:17,111 - Epoch [63/100] | Train Loss: 0.0000 - Train Acc: 100.00% | Val Loss: 0.3423 - Val Acc: 97.13%
2026-07-04 19:06:17,530 - Epoch [64/100] | Train Loss: 0.0000 - Train Acc: 100.00% | Val Loss: 0.3578 - Val Acc: 96.75%
2026-07-04 19:06:17,944 - Epoch [65/100] | Train Loss: 0.0000 - Train Acc: 100.00% | Val Loss: 0.3621 - Val Acc: 96.75%
2026-07-04 19:06:18,375 - Epoch [66/100] | Train Loss: 0.0000 - Train Acc: 100.00% | Val Loss: 0.3830 - Val Acc: 96.75%
2026-07-04 19:06:18,812 - Epoch [67/100] | Train Loss: 0.0000 - Train Acc: 100.00% | Val Loss: 0.3977 - Val Acc: 96.75%
2026-07-04 19:06:19,248 - Epoch [68/100] | Train Loss: 0.0174 - Train Acc: 99.64% | Val Loss: 0.2274 - Val Acc: 94.65%
2026-07-04 19:06:19,679 - Epoch [69/100] | Train Loss: 0.0386 - Train Acc: 98.53% | Val Loss: 0.1279 - Val Acc: 97.51%
2026-07-04 19:06:20,115 - Epoch [70/100] | Train Loss: 0.0236 - Train Acc: 99.26% | Val Loss: 0.1786 - Val Acc: 95.60%
2026-07-04 19:06:20,531 - Epoch [71/100] | Train Loss: 0.0200 - Train Acc: 99.55% | Val Loss: 0.0806 - Val Acc: 96.75%
2026-07-04 19:06:20,942 - Epoch [72/100] | Train Loss: 0.0075 - Train Acc: 99.68% | Val Loss: 0.1282 - Val Acc: 97.51%
2026-07-04 19:06:21,356 - Epoch [73/100] | Train Loss: 0.0167 - Train Acc: 99.34% | Val Loss: 0.1010 - Val Acc: 96.56%
2026-07-04 19:06:21,771 - Epoch [74/100] | Train Loss: 0.0023 - Train Acc: 99.98% | Val Loss: 0.1683 - Val Acc: 97.90%
2026-07-04 19:06:22,182 - Epoch [75/100] | Train Loss: 0.0060 - Train Acc: 99.85% | Val Loss: 0.2252 - Val Acc: 96.94%
2026-07-04 19:06:22,597 - Epoch [76/100] | Train Loss: 0.0015 - Train Acc: 99.96% | Val Loss: 0.2248 - Val Acc: 96.37%
2026-07-04 19:06:23,010 - Epoch [77/100] | Train Loss: 0.0105 - Train Acc: 99.75% | Val Loss: 0.1410 - Val Acc: 97.32%
2026-07-04 19:06:23,423 - Epoch [78/100] | Train Loss: 0.0003 - Train Acc: 100.00% | Val Loss: 0.3111 - Val Acc: 97.51%
2026-07-04 19:06:23,835 - Epoch [79/100] | Train Loss: 0.0698 - Train Acc: 98.41% | Val Loss: 0.1074 - Val Acc: 97.13%
2026-07-04 19:06:24,247 - Epoch [80/100] | Train Loss: 0.0193 - Train Acc: 99.32% | Val Loss: 0.1498 - Val Acc: 96.94%
2026-07-04 19:06:24,658 - Epoch [81/100] | Train Loss: 0.0057 - Train Acc: 99.79% | Val Loss: 0.1761 - Val Acc: 97.71%
2026-07-04 19:06:25,070 - Epoch [82/100] | Train Loss: 0.0190 - Train Acc: 99.34% | Val Loss: 0.2131 - Val Acc: 96.56%
2026-07-04 19:06:25,482 - Epoch [83/100] | Train Loss: 0.0185 - Train Acc: 99.43% | Val Loss: 0.2527 - Val Acc: 96.37%
2026-07-04 19:06:25,896 - Epoch [84/100] | Train Loss: 0.0056 - Train Acc: 99.87% | Val Loss: 0.2644 - Val Acc: 96.94%
2026-07-04 19:06:26,309 - Epoch [85/100] | Train Loss: 0.0079 - Train Acc: 99.75% | Val Loss: 0.2805 - Val Acc: 97.13%
2026-07-04 19:06:26,720 - Epoch [86/100] | Train Loss: 0.0061 - Train Acc: 99.87% | Val Loss: 0.2861 - Val Acc: 97.13%
2026-07-04 19:06:27,132 - Epoch [87/100] | Train Loss: 0.0044 - Train Acc: 99.92% | Val Loss: 0.2911 - Val Acc: 96.75%
2026-07-04 19:06:27,544 - Epoch [88/100] | Train Loss: 0.0041 - Train Acc: 99.85% | Val Loss: 0.1937 - Val Acc: 97.13%
2026-07-04 19:06:27,960 - Epoch [89/100] | Train Loss: 0.0025 - Train Acc: 99.92% | Val Loss: 0.2367 - Val Acc: 97.71%
2026-07-04 19:06:28,374 - Epoch [90/100] | Train Loss: 0.0001 - Train Acc: 100.00% | Val Loss: 0.2675 - Val Acc: 97.32%
2026-07-04 19:06:28,789 - Epoch [91/100] | Train Loss: 0.0001 - Train Acc: 100.00% | Val Loss: 0.3119 - Val Acc: 97.32%
2026-07-04 19:06:29,202 - Epoch [92/100] | Train Loss: 0.0059 - Train Acc: 99.87% | Val Loss: 0.1454 - Val Acc: 96.75%
2026-07-04 19:06:29,617 - Epoch [93/100] | Train Loss: 0.0128 - Train Acc: 99.72% | Val Loss: 0.2340 - Val Acc: 96.75%
2026-07-04 19:06:30,032 - Epoch [94/100] | Train Loss: 0.0049 - Train Acc: 99.87% | Val Loss: 0.2289 - Val Acc: 97.32%
2026-07-04 19:06:30,445 - Epoch [95/100] | Train Loss: 0.0008 - Train Acc: 99.98% | Val Loss: 0.4254 - Val Acc: 97.32%
2026-07-04 19:06:30,859 - Epoch [96/100] | Train Loss: 0.0119 - Train Acc: 99.60% | Val Loss: 0.1898 - Val Acc: 97.32%
2026-07-04 19:06:31,272 - Epoch [97/100] | Train Loss: 0.0041 - Train Acc: 99.87% | Val Loss: 0.1994 - Val Acc: 95.98%
2026-07-04 19:06:31,685 - Epoch [98/100] | Train Loss: 0.0039 - Train Acc: 99.83% | Val Loss: 0.2114 - Val Acc: 97.51%
2026-07-04 19:06:32,097 - Epoch [99/100] | Train Loss: 0.0014 - Train Acc: 99.96% | Val Loss: 0.2366 - Val Acc: 96.94%
2026-07-04 19:06:32,509 - Epoch [100/100] | Train Loss: 0.0001 - Train Acc: 100.00% | Val Loss: 0.2915 - Val Acc: 97.32%
2026-07-04 19:06:32,510 - --------------------------------------------------
2026-07-04 19:06:32,510 - Training Complete!
2026-07-04 19:06:32,510 - Total Training Time: 41.80 seconds
2026-07-04 19:06:32,510 - Peak GPU Memory (allocated): 208.42 MB
2026-07-04 19:06:32,660 - 
 Starting Training Routine...
2026-07-04 19:06:32,660 - --------------------------------------------------
2026-07-04 19:06:33,364 - Epoch [01/100] | Train Loss: 0.9821 - Train Acc: 66.92% | Val Loss: 0.9154 - Val Acc: 66.67%
2026-07-04 19:06:34,039 - Epoch [02/100] | Train Loss: 0.8656 - Train Acc: 69.01% | Val Loss: 0.8765 - Val Acc: 66.67%
2026-07-04 19:06:34,726 - Epoch [03/100] | Train Loss: 0.8291 - Train Acc: 69.87% | Val Loss: 0.9118 - Val Acc: 68.41%
2026-07-04 19:06:35,401 - Epoch [04/100] | Train Loss: 0.8202 - Train Acc: 70.95% | Val Loss: 1.3825 - Val Acc: 36.95%
2026-07-04 19:06:36,074 - Epoch [05/100] | Train Loss: 0.7869 - Train Acc: 72.17% | Val Loss: 1.5994 - Val Acc: 66.04%
2026-07-04 19:06:36,750 - Epoch [06/100] | Train Loss: 0.7584 - Train Acc: 72.62% | Val Loss: 0.8447 - Val Acc: 66.67%
2026-07-04 19:06:37,425 - Epoch [07/100] | Train Loss: 0.7427 - Train Acc: 72.45% | Val Loss: 0.8734 - Val Acc: 69.29%
2026-07-04 19:06:38,095 - Epoch [08/100] | Train Loss: 0.7212 - Train Acc: 74.23% | Val Loss: 0.8355 - Val Acc: 69.04%
2026-07-04 19:06:38,771 - Epoch [09/100] | Train Loss: 0.7104 - Train Acc: 74.43% | Val Loss: 0.9998 - Val Acc: 55.81%
2026-07-04 19:06:39,447 - Epoch [10/100] | Train Loss: 0.6910 - Train Acc: 75.20% | Val Loss: 1.0971 - Val Acc: 54.68%
2026-07-04 19:06:40,118 - Epoch [11/100] | Train Loss: 0.6774 - Train Acc: 75.32% | Val Loss: 1.0804 - Val Acc: 67.04%
2026-07-04 19:06:40,789 - Epoch [12/100] | Train Loss: 0.6380 - Train Acc: 76.58% | Val Loss: 0.8276 - Val Acc: 66.79%
2026-07-04 19:06:41,460 - Epoch [13/100] | Train Loss: 0.6461 - Train Acc: 76.35% | Val Loss: 1.2000 - Val Acc: 44.07%
2026-07-04 19:06:42,130 - Epoch [14/100] | Train Loss: 0.6187 - Train Acc: 77.33% | Val Loss: 0.7418 - Val Acc: 74.28%
2026-07-04 19:06:42,800 - Epoch [15/100] | Train Loss: 0.5932 - Train Acc: 78.30% | Val Loss: 0.7695 - Val Acc: 73.66%
2026-07-04 19:06:43,470 - Epoch [16/100] | Train Loss: 0.5822 - Train Acc: 78.62% | Val Loss: 0.7650 - Val Acc: 72.66%
2026-07-04 19:06:44,139 - Epoch [17/100] | Train Loss: 0.5859 - Train Acc: 78.65% | Val Loss: 0.7092 - Val Acc: 75.03%
2026-07-04 19:06:44,815 - Epoch [18/100] | Train Loss: 0.5540 - Train Acc: 79.61% | Val Loss: 0.8668 - Val Acc: 67.29%
2026-07-04 19:06:45,487 - Epoch [19/100] | Train Loss: 0.5366 - Train Acc: 80.30% | Val Loss: 0.8211 - Val Acc: 70.29%
2026-07-04 19:06:46,156 - Epoch [20/100] | Train Loss: 0.5226 - Train Acc: 80.55% | Val Loss: 0.7348 - Val Acc: 73.28%
2026-07-04 19:06:46,824 - Epoch [21/100] | Train Loss: 0.5007 - Train Acc: 81.70% | Val Loss: 0.8801 - Val Acc: 68.54%
2026-07-04 19:06:47,496 - Epoch [22/100] | Train Loss: 0.4903 - Train Acc: 81.90% | Val Loss: 0.9968 - Val Acc: 70.66%
2026-07-04 19:06:48,170 - Epoch [23/100] | Train Loss: 0.4793 - Train Acc: 82.52% | Val Loss: 0.8109 - Val Acc: 72.28%
2026-07-04 19:06:48,838 - Epoch [24/100] | Train Loss: 0.4661 - Train Acc: 82.65% | Val Loss: 0.7046 - Val Acc: 74.41%
2026-07-04 19:06:49,508 - Epoch [25/100] | Train Loss: 0.4417 - Train Acc: 83.53% | Val Loss: 1.0248 - Val Acc: 60.67%
2026-07-04 19:06:50,179 - Epoch [26/100] | Train Loss: 0.4072 - Train Acc: 84.71% | Val Loss: 1.0008 - Val Acc: 71.16%
2026-07-04 19:06:50,848 - Epoch [27/100] | Train Loss: 0.4025 - Train Acc: 85.05% | Val Loss: 0.8082 - Val Acc: 72.28%
2026-07-04 19:06:51,518 - Epoch [28/100] | Train Loss: 0.3729 - Train Acc: 86.14% | Val Loss: 1.1403 - Val Acc: 60.05%
2026-07-04 19:06:52,187 - Epoch [29/100] | Train Loss: 0.3666 - Train Acc: 86.39% | Val Loss: 0.8711 - Val Acc: 74.03%
2026-07-04 19:06:52,857 - Epoch [30/100] | Train Loss: 0.3468 - Train Acc: 86.85% | Val Loss: 0.8670 - Val Acc: 73.91%
2026-07-04 19:06:53,529 - Epoch [31/100] | Train Loss: 0.3113 - Train Acc: 88.61% | Val Loss: 0.9173 - Val Acc: 72.16%
2026-07-04 19:06:54,198 - Epoch [32/100] | Train Loss: 0.3122 - Train Acc: 88.13% | Val Loss: 0.9641 - Val Acc: 72.28%
2026-07-04 19:06:54,868 - Epoch [33/100] | Train Loss: 0.3023 - Train Acc: 89.11% | Val Loss: 0.9255 - Val Acc: 72.28%
2026-07-04 19:06:55,540 - Epoch [34/100] | Train Loss: 0.2855 - Train Acc: 89.47% | Val Loss: 0.9766 - Val Acc: 71.91%
2026-07-04 19:06:56,214 - Epoch [35/100] | Train Loss: 0.2713 - Train Acc: 89.93% | Val Loss: 0.9483 - Val Acc: 73.91%
2026-07-04 19:06:56,886 - Epoch [36/100] | Train Loss: 0.2552 - Train Acc: 90.55% | Val Loss: 1.2024 - Val Acc: 66.17%
2026-07-04 19:06:57,559 - Epoch [37/100] | Train Loss: 0.2379 - Train Acc: 90.78% | Val Loss: 1.1298 - Val Acc: 72.28%
2026-07-04 19:06:58,230 - Epoch [38/100] | Train Loss: 0.2006 - Train Acc: 92.52% | Val Loss: 1.1309 - Val Acc: 71.91%
2026-07-04 19:06:58,903 - Epoch [39/100] | Train Loss: 0.2124 - Train Acc: 92.16% | Val Loss: 1.1414 - Val Acc: 73.66%
2026-07-04 19:06:59,576 - Epoch [40/100] | Train Loss: 0.2050 - Train Acc: 92.51% | Val Loss: 1.1121 - Val Acc: 73.41%
2026-07-04 19:07:00,249 - Epoch [41/100] | Train Loss: 0.2032 - Train Acc: 92.72% | Val Loss: 1.2196 - Val Acc: 70.91%
2026-07-04 19:07:00,921 - Epoch [42/100] | Train Loss: 0.1945 - Train Acc: 93.08% | Val Loss: 1.4796 - Val Acc: 73.41%
2026-07-04 19:07:01,598 - Epoch [43/100] | Train Loss: 0.1938 - Train Acc: 93.09% | Val Loss: 1.1708 - Val Acc: 72.41%
2026-07-04 19:07:02,293 - Epoch [44/100] | Train Loss: 0.1589 - Train Acc: 94.26% | Val Loss: 1.1931 - Val Acc: 73.16%
2026-07-04 19:07:02,983 - Epoch [45/100] | Train Loss: 0.1535 - Train Acc: 94.41% | Val Loss: 1.0781 - Val Acc: 73.78%
2026-07-04 19:07:03,672 - Epoch [46/100] | Train Loss: 0.1473 - Train Acc: 94.88% | Val Loss: 1.2711 - Val Acc: 72.53%
2026-07-04 19:07:04,363 - Epoch [47/100] | Train Loss: 0.1441 - Train Acc: 95.02% | Val Loss: 1.4427 - Val Acc: 69.54%
2026-07-04 19:07:05,052 - Epoch [48/100] | Train Loss: 0.1487 - Train Acc: 95.34% | Val Loss: 1.6054 - Val Acc: 69.91%
2026-07-04 19:07:05,744 - Epoch [49/100] | Train Loss: 0.1605 - Train Acc: 94.59% | Val Loss: 1.3178 - Val Acc: 69.54%
2026-07-04 19:07:06,434 - Epoch [50/100] | Train Loss: 0.1141 - Train Acc: 95.96% | Val Loss: 1.7272 - Val Acc: 65.54%
2026-07-04 19:07:07,125 - Epoch [51/100] | Train Loss: 0.1331 - Train Acc: 95.69% | Val Loss: 1.2521 - Val Acc: 73.03%
2026-07-04 19:07:07,818 - Epoch [52/100] | Train Loss: 0.1145 - Train Acc: 96.21% | Val Loss: 1.4239 - Val Acc: 73.28%
2026-07-04 19:07:08,504 - Epoch [53/100] | Train Loss: 0.1276 - Train Acc: 95.16% | Val Loss: 1.4135 - Val Acc: 70.54%
2026-07-04 19:07:09,176 - Epoch [54/100] | Train Loss: 0.1042 - Train Acc: 96.38% | Val Loss: 1.7740 - Val Acc: 68.66%
2026-07-04 19:07:09,848 - Epoch [55/100] | Train Loss: 0.1119 - Train Acc: 95.94% | Val Loss: 1.3886 - Val Acc: 72.91%
2026-07-04 19:07:10,521 - Epoch [56/100] | Train Loss: 0.1001 - Train Acc: 96.67% | Val Loss: 1.3288 - Val Acc: 74.66%
2026-07-04 19:07:11,194 - Epoch [57/100] | Train Loss: 0.0939 - Train Acc: 96.80% | Val Loss: 1.5366 - Val Acc: 72.41%
2026-07-04 19:07:11,864 - Epoch [58/100] | Train Loss: 0.0935 - Train Acc: 96.74% | Val Loss: 1.6055 - Val Acc: 73.03%
2026-07-04 19:07:12,537 - Epoch [59/100] | Train Loss: 0.0905 - Train Acc: 96.80% | Val Loss: 1.4139 - Val Acc: 72.03%
2026-07-04 19:07:13,208 - Epoch [60/100] | Train Loss: 0.0944 - Train Acc: 96.87% | Val Loss: 1.4530 - Val Acc: 74.03%
2026-07-04 19:07:13,879 - Epoch [61/100] | Train Loss: 0.1201 - Train Acc: 95.94% | Val Loss: 1.4639 - Val Acc: 71.66%
2026-07-04 19:07:14,552 - Epoch [62/100] | Train Loss: 0.1019 - Train Acc: 96.32% | Val Loss: 1.3038 - Val Acc: 72.16%
2026-07-04 19:07:15,221 - Epoch [63/100] | Train Loss: 0.0579 - Train Acc: 98.06% | Val Loss: 1.8457 - Val Acc: 72.16%
2026-07-04 19:07:15,891 - Epoch [64/100] | Train Loss: 0.0937 - Train Acc: 97.21% | Val Loss: 1.4953 - Val Acc: 72.66%
2026-07-04 19:07:16,563 - Epoch [65/100] | Train Loss: 0.0791 - Train Acc: 97.23% | Val Loss: 1.5028 - Val Acc: 71.29%
2026-07-04 19:07:17,232 - Epoch [66/100] | Train Loss: 0.0980 - Train Acc: 97.09% | Val Loss: 1.4448 - Val Acc: 72.53%
2026-07-04 19:07:17,906 - Epoch [67/100] | Train Loss: 0.0839 - Train Acc: 97.34% | Val Loss: 1.7169 - Val Acc: 73.66%
2026-07-04 19:07:18,577 - Epoch [68/100] | Train Loss: 0.1049 - Train Acc: 96.71% | Val Loss: 1.3951 - Val Acc: 72.66%
2026-07-04 19:07:19,249 - Epoch [69/100] | Train Loss: 0.0833 - Train Acc: 97.46% | Val Loss: 1.5003 - Val Acc: 72.53%
2026-07-04 19:07:19,924 - Epoch [70/100] | Train Loss: 0.0597 - Train Acc: 98.02% | Val Loss: 1.3985 - Val Acc: 72.53%
2026-07-04 19:07:20,598 - Epoch [71/100] | Train Loss: 0.0762 - Train Acc: 97.56% | Val Loss: 1.5909 - Val Acc: 73.03%
2026-07-04 19:07:21,270 - Epoch [72/100] | Train Loss: 0.0600 - Train Acc: 98.09% | Val Loss: 1.5417 - Val Acc: 71.29%
2026-07-04 19:07:21,943 - Epoch [73/100] | Train Loss: 0.0756 - Train Acc: 97.66% | Val Loss: 1.5433 - Val Acc: 72.03%
2026-07-04 19:07:22,614 - Epoch [74/100] | Train Loss: 0.0752 - Train Acc: 97.57% | Val Loss: 1.4308 - Val Acc: 74.53%
2026-07-04 19:07:23,283 - Epoch [75/100] | Train Loss: 0.0759 - Train Acc: 97.92% | Val Loss: 1.5277 - Val Acc: 71.29%
2026-07-04 19:07:23,954 - Epoch [76/100] | Train Loss: 0.0587 - Train Acc: 98.13% | Val Loss: 1.6420 - Val Acc: 72.78%
2026-07-04 19:07:24,623 - Epoch [77/100] | Train Loss: 0.0751 - Train Acc: 97.41% | Val Loss: 1.3618 - Val Acc: 72.53%
2026-07-04 19:07:25,296 - Epoch [78/100] | Train Loss: 0.0638 - Train Acc: 97.92% | Val Loss: 1.4502 - Val Acc: 74.03%
2026-07-04 19:07:25,966 - Epoch [79/100] | Train Loss: 0.0760 - Train Acc: 97.68% | Val Loss: 1.4046 - Val Acc: 71.54%
2026-07-04 19:07:26,635 - Epoch [80/100] | Train Loss: 0.0585 - Train Acc: 98.22% | Val Loss: 1.8017 - Val Acc: 68.04%
2026-07-04 19:07:27,303 - Epoch [81/100] | Train Loss: 0.0525 - Train Acc: 98.22% | Val Loss: 1.6461 - Val Acc: 73.53%
2026-07-04 19:07:27,974 - Epoch [82/100] | Train Loss: 0.0694 - Train Acc: 97.82% | Val Loss: 1.8740 - Val Acc: 67.67%
2026-07-04 19:07:28,646 - Epoch [83/100] | Train Loss: 0.0536 - Train Acc: 98.13% | Val Loss: 2.0061 - Val Acc: 73.78%
2026-07-04 19:07:29,317 - Epoch [84/100] | Train Loss: 0.0941 - Train Acc: 96.98% | Val Loss: 1.8970 - Val Acc: 67.29%
2026-07-04 19:07:29,986 - Epoch [85/100] | Train Loss: 0.0532 - Train Acc: 98.36% | Val Loss: 2.2373 - Val Acc: 67.54%
2026-07-04 19:07:30,658 - Epoch [86/100] | Train Loss: 0.0875 - Train Acc: 97.32% | Val Loss: 1.9286 - Val Acc: 67.54%
2026-07-04 19:07:31,330 - Epoch [87/100] | Train Loss: 0.0622 - Train Acc: 98.24% | Val Loss: 1.7811 - Val Acc: 71.66%
2026-07-04 19:07:32,001 - Epoch [88/100] | Train Loss: 0.0620 - Train Acc: 98.10% | Val Loss: 1.7013 - Val Acc: 73.53%
2026-07-04 19:07:32,670 - Epoch [89/100] | Train Loss: 0.0436 - Train Acc: 98.61% | Val Loss: 1.8653 - Val Acc: 71.91%
2026-07-04 19:07:33,339 - Epoch [90/100] | Train Loss: 0.0499 - Train Acc: 98.43% | Val Loss: 1.8116 - Val Acc: 68.41%
2026-07-04 19:07:34,008 - Epoch [91/100] | Train Loss: 0.0766 - Train Acc: 97.67% | Val Loss: 1.7022 - Val Acc: 74.28%
2026-07-04 19:07:34,679 - Epoch [92/100] | Train Loss: 0.0582 - Train Acc: 98.20% | Val Loss: 1.7209 - Val Acc: 72.41%
2026-07-04 19:07:35,350 - Epoch [93/100] | Train Loss: 0.0488 - Train Acc: 98.54% | Val Loss: 1.9313 - Val Acc: 70.16%
2026-07-04 19:07:36,020 - Epoch [94/100] | Train Loss: 0.0569 - Train Acc: 98.18% | Val Loss: 1.6214 - Val Acc: 71.04%
2026-07-04 19:07:36,690 - Epoch [95/100] | Train Loss: 0.0611 - Train Acc: 97.89% | Val Loss: 2.0270 - Val Acc: 72.91%
2026-07-04 19:07:37,361 - Epoch [96/100] | Train Loss: 0.0932 - Train Acc: 97.10% | Val Loss: 1.8682 - Val Acc: 70.16%
2026-07-04 19:07:38,031 - Epoch [97/100] | Train Loss: 0.0656 - Train Acc: 97.85% | Val Loss: 1.5633 - Val Acc: 73.91%
2026-07-04 19:07:38,708 - Epoch [98/100] | Train Loss: 0.0547 - Train Acc: 98.46% | Val Loss: 1.4791 - Val Acc: 74.66%
2026-07-04 19:07:39,402 - Epoch [99/100] | Train Loss: 0.0486 - Train Acc: 98.43% | Val Loss: 1.7802 - Val Acc: 69.91%
2026-07-04 19:07:40,096 - Epoch [100/100] | Train Loss: 0.0524 - Train Acc: 98.22% | Val Loss: 1.6604 - Val Acc: 73.16%
2026-07-04 19:07:40,096 - --------------------------------------------------
2026-07-04 19:07:40,096 - Training Complete!
2026-07-04 19:07:40,096 - Total Training Time: 67.44 seconds
2026-07-04 19:07:40,097 - Peak GPU Memory (allocated): 212.01 MB
2026-07-04 19:07:40,199 - 
 Starting Training Routine...
2026-07-04 19:07:40,200 - --------------------------------------------------
2026-07-04 19:07:41,453 - Epoch [01/100] | Train Loss: 0.8357 - Train Acc: 70.52% | Val Loss: 0.3550 - Val Acc: 88.54%
2026-07-04 19:07:42,725 - Epoch [02/100] | Train Loss: 0.3624 - Train Acc: 87.86% | Val Loss: 0.5915 - Val Acc: 85.94%
2026-07-04 19:07:43,982 - Epoch [03/100] | Train Loss: 0.2693 - Train Acc: 90.78% | Val Loss: 0.8984 - Val Acc: 80.08%
2026-07-04 19:07:45,247 - Epoch [04/100] | Train Loss: 0.2146 - Train Acc: 92.79% | Val Loss: 0.1204 - Val Acc: 96.61%
2026-07-04 19:07:46,518 - Epoch [05/100] | Train Loss: 0.1835 - Train Acc: 93.79% | Val Loss: 0.1130 - Val Acc: 96.42%
2026-07-04 19:07:47,802 - Epoch [06/100] | Train Loss: 0.1395 - Train Acc: 95.29% | Val Loss: 0.1499 - Val Acc: 95.77%
2026-07-04 19:07:49,057 - Epoch [07/100] | Train Loss: 0.1416 - Train Acc: 95.32% | Val Loss: 0.1391 - Val Acc: 96.68%
2026-07-04 19:07:50,312 - Epoch [08/100] | Train Loss: 0.1216 - Train Acc: 95.86% | Val Loss: 0.0972 - Val Acc: 97.46%
2026-07-04 19:07:51,553 - Epoch [09/100] | Train Loss: 0.1095 - Train Acc: 96.55% | Val Loss: 0.0754 - Val Acc: 97.40%
2026-07-04 19:07:52,797 - Epoch [10/100] | Train Loss: 0.0994 - Train Acc: 96.67% | Val Loss: 0.1093 - Val Acc: 97.40%
2026-07-04 19:07:54,038 - Epoch [11/100] | Train Loss: 0.1019 - Train Acc: 96.56% | Val Loss: 0.0865 - Val Acc: 97.59%
2026-07-04 19:07:55,296 - Epoch [12/100] | Train Loss: 0.0763 - Train Acc: 97.64% | Val Loss: 0.1312 - Val Acc: 96.09%
2026-07-04 19:07:56,572 - Epoch [13/100] | Train Loss: 0.0837 - Train Acc: 97.35% | Val Loss: 0.0624 - Val Acc: 97.85%
2026-07-04 19:07:57,976 - Epoch [14/100] | Train Loss: 0.0779 - Train Acc: 97.43% | Val Loss: 0.0539 - Val Acc: 98.50%
2026-07-04 19:07:59,205 - Epoch [15/100] | Train Loss: 0.0739 - Train Acc: 97.65% | Val Loss: 0.1175 - Val Acc: 96.48%
2026-07-04 19:08:00,471 - Epoch [16/100] | Train Loss: 0.0970 - Train Acc: 96.78% | Val Loss: 0.1107 - Val Acc: 97.85%
2026-07-04 19:08:01,726 - Epoch [17/100] | Train Loss: 0.0737 - Train Acc: 97.88% | Val Loss: 0.2120 - Val Acc: 96.03%
2026-07-04 19:08:02,975 - Epoch [18/100] | Train Loss: 0.0844 - Train Acc: 97.38% | Val Loss: 0.0519 - Val Acc: 98.57%
2026-07-04 19:08:04,223 - Epoch [19/100] | Train Loss: 0.0483 - Train Acc: 98.47% | Val Loss: 0.0687 - Val Acc: 98.24%
2026-07-04 19:08:05,471 - Epoch [20/100] | Train Loss: 0.0453 - Train Acc: 98.55% | Val Loss: 0.0629 - Val Acc: 98.57%
2026-07-04 19:08:06,715 - Epoch [21/100] | Train Loss: 0.0835 - Train Acc: 97.64% | Val Loss: 0.0502 - Val Acc: 98.57%
2026-07-04 19:08:07,970 - Epoch [22/100] | Train Loss: 0.0877 - Train Acc: 97.74% | Val Loss: 0.1310 - Val Acc: 98.18%
2026-07-04 19:08:09,227 - Epoch [23/100] | Train Loss: 0.0647 - Train Acc: 98.26% | Val Loss: 0.0761 - Val Acc: 98.57%
2026-07-04 19:08:10,486 - Epoch [24/100] | Train Loss: 0.0393 - Train Acc: 98.85% | Val Loss: 0.0884 - Val Acc: 97.92%
2026-07-04 19:08:11,771 - Epoch [25/100] | Train Loss: 0.0532 - Train Acc: 98.50% | Val Loss: 0.0971 - Val Acc: 98.83%
2026-07-04 19:08:13,044 - Epoch [26/100] | Train Loss: 0.0443 - Train Acc: 98.63% | Val Loss: 0.1369 - Val Acc: 97.01%
2026-07-04 19:08:14,315 - Epoch [27/100] | Train Loss: 0.0619 - Train Acc: 98.39% | Val Loss: 0.1199 - Val Acc: 97.85%
2026-07-04 19:08:15,586 - Epoch [28/100] | Train Loss: 0.0465 - Train Acc: 98.56% | Val Loss: 0.0366 - Val Acc: 98.70%
2026-07-04 19:08:16,836 - Epoch [29/100] | Train Loss: 0.0263 - Train Acc: 99.15% | Val Loss: 0.0980 - Val Acc: 98.18%
2026-07-04 19:08:18,085 - Epoch [30/100] | Train Loss: 0.0682 - Train Acc: 98.29% | Val Loss: 0.1681 - Val Acc: 96.88%
2026-07-04 19:08:19,335 - Epoch [31/100] | Train Loss: 0.0428 - Train Acc: 98.71% | Val Loss: 0.1282 - Val Acc: 98.50%
2026-07-04 19:08:20,580 - Epoch [32/100] | Train Loss: 0.0569 - Train Acc: 98.29% | Val Loss: 0.0572 - Val Acc: 98.70%
2026-07-04 19:08:21,825 - Epoch [33/100] | Train Loss: 0.0369 - Train Acc: 98.88% | Val Loss: 0.5133 - Val Acc: 93.75%
2026-07-04 19:08:23,101 - Epoch [34/100] | Train Loss: 0.0298 - Train Acc: 99.17% | Val Loss: 0.0671 - Val Acc: 98.89%
2026-07-04 19:08:24,391 - Epoch [35/100] | Train Loss: 0.0524 - Train Acc: 98.50% | Val Loss: 0.0830 - Val Acc: 98.50%
2026-07-04 19:08:25,666 - Epoch [36/100] | Train Loss: 0.0537 - Train Acc: 98.43% | Val Loss: 0.0730 - Val Acc: 98.89%
2026-07-04 19:08:26,947 - Epoch [37/100] | Train Loss: 0.0261 - Train Acc: 99.28% | Val Loss: 0.1310 - Val Acc: 98.11%
2026-07-04 19:08:28,210 - Epoch [38/100] | Train Loss: 0.0599 - Train Acc: 98.66% | Val Loss: 0.0586 - Val Acc: 98.50%
2026-07-04 19:08:29,468 - Epoch [39/100] | Train Loss: 0.0920 - Train Acc: 97.77% | Val Loss: 0.2347 - Val Acc: 95.77%
2026-07-04 19:08:30,709 - Epoch [40/100] | Train Loss: 0.0631 - Train Acc: 98.31% | Val Loss: 0.1340 - Val Acc: 98.76%
2026-07-04 19:08:31,955 - Epoch [41/100] | Train Loss: 0.0332 - Train Acc: 99.05% | Val Loss: 0.0206 - Val Acc: 99.54%
2026-07-04 19:08:33,192 - Epoch [42/100] | Train Loss: 0.0322 - Train Acc: 99.20% | Val Loss: 0.1543 - Val Acc: 98.18%
2026-07-04 19:08:34,431 - Epoch [43/100] | Train Loss: 0.0366 - Train Acc: 98.94% | Val Loss: 0.0867 - Val Acc: 98.83%
2026-07-04 19:08:35,684 - Epoch [44/100] | Train Loss: 0.0719 - Train Acc: 98.42% | Val Loss: 0.2996 - Val Acc: 95.77%
2026-07-04 19:08:36,960 - Epoch [45/100] | Train Loss: 0.0361 - Train Acc: 98.94% | Val Loss: 0.0566 - Val Acc: 99.09%
2026-07-04 19:08:38,203 - Epoch [46/100] | Train Loss: 0.0406 - Train Acc: 98.97% | Val Loss: 0.0522 - Val Acc: 98.89%
2026-07-04 19:08:39,462 - Epoch [47/100] | Train Loss: 0.0372 - Train Acc: 99.22% | Val Loss: 0.0727 - Val Acc: 98.31%
2026-07-04 19:08:40,710 - Epoch [48/100] | Train Loss: 0.0216 - Train Acc: 99.39% | Val Loss: 0.0438 - Val Acc: 99.15%
2026-07-04 19:08:41,940 - Epoch [49/100] | Train Loss: 0.0348 - Train Acc: 99.05% | Val Loss: 0.0628 - Val Acc: 98.89%
2026-07-04 19:08:43,183 - Epoch [50/100] | Train Loss: 0.0330 - Train Acc: 99.07% | Val Loss: 0.0691 - Val Acc: 99.15%
2026-07-04 19:08:44,430 - Epoch [51/100] | Train Loss: 0.0235 - Train Acc: 99.31% | Val Loss: 0.1101 - Val Acc: 98.57%
2026-07-04 19:08:45,665 - Epoch [52/100] | Train Loss: 0.0580 - Train Acc: 98.71% | Val Loss: 0.3206 - Val Acc: 95.31%
2026-07-04 19:08:46,901 - Epoch [53/100] | Train Loss: 0.0643 - Train Acc: 98.68% | Val Loss: 0.0655 - Val Acc: 98.63%
2026-07-04 19:08:48,117 - Epoch [54/100] | Train Loss: 0.0491 - Train Acc: 98.88% | Val Loss: 0.0705 - Val Acc: 97.98%
2026-07-04 19:08:49,345 - Epoch [55/100] | Train Loss: 0.0481 - Train Acc: 98.73% | Val Loss: 0.0537 - Val Acc: 99.09%
2026-07-04 19:08:50,584 - Epoch [56/100] | Train Loss: 0.0371 - Train Acc: 99.07% | Val Loss: 0.0509 - Val Acc: 98.76%
2026-07-04 19:08:51,819 - Epoch [57/100] | Train Loss: 0.0311 - Train Acc: 99.18% | Val Loss: 0.0930 - Val Acc: 99.09%
2026-07-04 19:08:53,092 - Epoch [58/100] | Train Loss: 0.0596 - Train Acc: 98.68% | Val Loss: 0.3714 - Val Acc: 98.50%
2026-07-04 19:08:54,371 - Epoch [59/100] | Train Loss: 0.0544 - Train Acc: 98.85% | Val Loss: 0.0430 - Val Acc: 99.28%
2026-07-04 19:08:55,636 - Epoch [60/100] | Train Loss: 0.0659 - Train Acc: 98.60% | Val Loss: 0.1163 - Val Acc: 98.37%
2026-07-04 19:08:56,893 - Epoch [61/100] | Train Loss: 0.0324 - Train Acc: 99.16% | Val Loss: 0.0835 - Val Acc: 98.96%
2026-07-04 19:08:58,137 - Epoch [62/100] | Train Loss: 0.0244 - Train Acc: 99.39% | Val Loss: 0.0251 - Val Acc: 99.41%
2026-07-04 19:08:59,388 - Epoch [63/100] | Train Loss: 0.0355 - Train Acc: 99.15% | Val Loss: 0.0635 - Val Acc: 98.96%
2026-07-04 19:09:00,637 - Epoch [64/100] | Train Loss: 0.0281 - Train Acc: 99.39% | Val Loss: 0.0408 - Val Acc: 98.89%
2026-07-04 19:09:01,871 - Epoch [65/100] | Train Loss: 0.0383 - Train Acc: 99.30% | Val Loss: 0.3467 - Val Acc: 95.38%
2026-07-04 19:09:03,140 - Epoch [66/100] | Train Loss: 0.0503 - Train Acc: 98.98% | Val Loss: 0.0431 - Val Acc: 99.61%
2026-07-04 19:09:04,385 - Epoch [67/100] | Train Loss: 0.0124 - Train Acc: 99.67% | Val Loss: 0.0918 - Val Acc: 97.92%
2026-07-04 19:09:05,629 - Epoch [68/100] | Train Loss: 0.0407 - Train Acc: 99.15% | Val Loss: 0.0693 - Val Acc: 99.15%
2026-07-04 19:09:06,905 - Epoch [69/100] | Train Loss: 0.0398 - Train Acc: 99.13% | Val Loss: 0.0362 - Val Acc: 99.09%
2026-07-04 19:09:08,165 - Epoch [70/100] | Train Loss: 0.0467 - Train Acc: 99.08% | Val Loss: 0.0354 - Val Acc: 99.15%
2026-07-04 19:09:09,434 - Epoch [71/100] | Train Loss: 0.0193 - Train Acc: 99.46% | Val Loss: 0.0948 - Val Acc: 99.09%
2026-07-04 19:09:10,676 - Epoch [72/100] | Train Loss: 0.0246 - Train Acc: 99.31% | Val Loss: 0.0582 - Val Acc: 99.15%
2026-07-04 19:09:11,909 - Epoch [73/100] | Train Loss: 0.0185 - Train Acc: 99.54% | Val Loss: 0.0601 - Val Acc: 99.35%
2026-07-04 19:09:13,148 - Epoch [74/100] | Train Loss: 0.0190 - Train Acc: 99.56% | Val Loss: 0.0636 - Val Acc: 99.09%
2026-07-04 19:09:14,377 - Epoch [75/100] | Train Loss: 0.0206 - Train Acc: 99.49% | Val Loss: 0.0711 - Val Acc: 99.02%
2026-07-04 19:09:15,602 - Epoch [76/100] | Train Loss: 0.0807 - Train Acc: 98.60% | Val Loss: 0.0944 - Val Acc: 97.92%
2026-07-04 19:09:16,843 - Epoch [77/100] | Train Loss: 0.0421 - Train Acc: 99.10% | Val Loss: 0.0319 - Val Acc: 99.28%
2026-07-04 19:09:18,075 - Epoch [78/100] | Train Loss: 0.0258 - Train Acc: 99.36% | Val Loss: 0.1293 - Val Acc: 99.02%
2026-07-04 19:09:19,329 - Epoch [79/100] | Train Loss: 0.0163 - Train Acc: 99.55% | Val Loss: 0.0737 - Val Acc: 98.96%
2026-07-04 19:09:20,576 - Epoch [80/100] | Train Loss: 0.0207 - Train Acc: 99.55% | Val Loss: 0.0889 - Val Acc: 98.63%
2026-07-04 19:09:21,815 - Epoch [81/100] | Train Loss: 0.0439 - Train Acc: 99.02% | Val Loss: 0.1283 - Val Acc: 97.79%
2026-07-04 19:09:23,052 - Epoch [82/100] | Train Loss: 0.0495 - Train Acc: 98.98% | Val Loss: 0.0657 - Val Acc: 98.96%
2026-07-04 19:09:24,292 - Epoch [83/100] | Train Loss: 0.0236 - Train Acc: 99.50% | Val Loss: 0.0482 - Val Acc: 99.35%
2026-07-04 19:09:25,529 - Epoch [84/100] | Train Loss: 0.0938 - Train Acc: 98.26% | Val Loss: 0.1190 - Val Acc: 99.09%
2026-07-04 19:09:26,765 - Epoch [85/100] | Train Loss: 0.0342 - Train Acc: 99.21% | Val Loss: 0.1052 - Val Acc: 98.89%
2026-07-04 19:09:27,998 - Epoch [86/100] | Train Loss: 0.0210 - Train Acc: 99.28% | Val Loss: 0.0366 - Val Acc: 99.22%
2026-07-04 19:09:29,248 - Epoch [87/100] | Train Loss: 0.0290 - Train Acc: 99.39% | Val Loss: 0.0771 - Val Acc: 99.28%
2026-07-04 19:09:30,492 - Epoch [88/100] | Train Loss: 0.0152 - Train Acc: 99.56% | Val Loss: 0.0690 - Val Acc: 99.22%
2026-07-04 19:09:31,708 - Epoch [89/100] | Train Loss: 0.0073 - Train Acc: 99.75% | Val Loss: 0.0588 - Val Acc: 99.09%
2026-07-04 19:09:32,925 - Epoch [90/100] | Train Loss: 0.0243 - Train Acc: 99.43% | Val Loss: 0.1069 - Val Acc: 98.57%
2026-07-04 19:09:34,155 - Epoch [91/100] | Train Loss: 0.0175 - Train Acc: 99.52% | Val Loss: 0.0400 - Val Acc: 99.15%
2026-07-04 19:09:35,374 - Epoch [92/100] | Train Loss: 0.0234 - Train Acc: 99.44% | Val Loss: 0.1399 - Val Acc: 98.70%
2026-07-04 19:09:36,603 - Epoch [93/100] | Train Loss: 0.0428 - Train Acc: 98.93% | Val Loss: 0.0715 - Val Acc: 98.44%
2026-07-04 19:09:37,836 - Epoch [94/100] | Train Loss: 0.0395 - Train Acc: 99.21% | Val Loss: 0.1281 - Val Acc: 98.31%
2026-07-04 19:09:39,065 - Epoch [95/100] | Train Loss: 0.0589 - Train Acc: 99.07% | Val Loss: 0.1209 - Val Acc: 98.18%
2026-07-04 19:09:40,303 - Epoch [96/100] | Train Loss: 0.0340 - Train Acc: 99.19% | Val Loss: 0.4881 - Val Acc: 98.50%
2026-07-04 19:09:41,531 - Epoch [97/100] | Train Loss: 0.0844 - Train Acc: 98.97% | Val Loss: 0.1156 - Val Acc: 98.63%
2026-07-04 19:09:42,762 - Epoch [98/100] | Train Loss: 0.0452 - Train Acc: 99.20% | Val Loss: 0.0538 - Val Acc: 99.15%
2026-07-04 19:09:43,996 - Epoch [99/100] | Train Loss: 0.0212 - Train Acc: 99.47% | Val Loss: 0.0648 - Val Acc: 99.15%
2026-07-04 19:09:45,224 - Epoch [100/100] | Train Loss: 0.0173 - Train Acc: 99.55% | Val Loss: 0.0976 - Val Acc: 99.28%
2026-07-04 19:09:45,224 - --------------------------------------------------
2026-07-04 19:09:45,225 - Training Complete!
2026-07-04 19:09:45,225 - Total Training Time: 125.02 seconds
2026-07-04 19:09:45,225 - Peak GPU Memory (allocated): 207.56 MB
2026-07-04 19:09:45,457 - 
 Starting Training Routine...
2026-07-04 19:09:45,458 - --------------------------------------------------
2026-07-04 19:09:59,678 - Epoch [01/100] | Train Loss: 0.4746 - Train Acc: 83.40% | Val Loss: 0.6371 - Val Acc: 79.88%
2026-07-04 19:10:13,955 - Epoch [02/100] | Train Loss: 0.2269 - Train Acc: 92.19% | Val Loss: 3.6977 - Val Acc: 38.70%
2026-07-04 19:10:28,131 - Epoch [03/100] | Train Loss: 0.1812 - Train Acc: 93.86% | Val Loss: 0.4853 - Val Acc: 83.25%
2026-07-04 19:10:42,315 - Epoch [04/100] | Train Loss: 0.1440 - Train Acc: 95.01% | Val Loss: 0.9592 - Val Acc: 76.74%
2026-07-04 19:10:56,481 - Epoch [05/100] | Train Loss: 0.1326 - Train Acc: 95.66% | Val Loss: 0.1606 - Val Acc: 94.73%
2026-07-04 19:11:10,669 - Epoch [06/100] | Train Loss: 0.1125 - Train Acc: 96.10% | Val Loss: 0.1126 - Val Acc: 95.98%
2026-07-04 19:11:24,831 - Epoch [07/100] | Train Loss: 0.1081 - Train Acc: 96.21% | Val Loss: 0.4195 - Val Acc: 87.34%
2026-07-04 19:11:38,990 - Epoch [08/100] | Train Loss: 0.0954 - Train Acc: 96.75% | Val Loss: 10.2534 - Val Acc: 27.07%
2026-07-04 19:11:53,202 - Epoch [09/100] | Train Loss: 0.0928 - Train Acc: 97.09% | Val Loss: 0.8739 - Val Acc: 81.57%
2026-07-04 19:12:07,391 - Epoch [10/100] | Train Loss: 0.0793 - Train Acc: 97.07% | Val Loss: 0.1437 - Val Acc: 95.46%
2026-07-04 19:12:21,596 - Epoch [11/100] | Train Loss: 0.0737 - Train Acc: 97.51% | Val Loss: 0.2228 - Val Acc: 93.56%
2026-07-04 19:12:35,788 - Epoch [12/100] | Train Loss: 0.0924 - Train Acc: 96.91% | Val Loss: 2.4246 - Val Acc: 55.60%
2026-07-04 19:12:49,974 - Epoch [13/100] | Train Loss: 0.0754 - Train Acc: 97.42% | Val Loss: 0.2977 - Val Acc: 91.81%
2026-07-04 19:13:04,173 - Epoch [14/100] | Train Loss: 0.0596 - Train Acc: 97.90% | Val Loss: 0.1805 - Val Acc: 94.29%
2026-07-04 19:13:18,343 - Epoch [15/100] | Train Loss: 0.0586 - Train Acc: 98.07% | Val Loss: 0.1486 - Val Acc: 94.95%
2026-07-04 19:13:32,544 - Epoch [16/100] | Train Loss: 0.0592 - Train Acc: 97.91% | Val Loss: 0.3043 - Val Acc: 90.93%
2026-07-04 19:13:46,738 - Epoch [17/100] | Train Loss: 0.0648 - Train Acc: 97.71% | Val Loss: 0.3564 - Val Acc: 88.51%
2026-07-04 19:14:00,934 - Epoch [18/100] | Train Loss: 0.0717 - Train Acc: 97.55% | Val Loss: 0.4941 - Val Acc: 86.39%
2026-07-04 19:14:15,124 - Epoch [19/100] | Train Loss: 0.0529 - Train Acc: 98.18% | Val Loss: 16.3874 - Val Acc: 20.63%
2026-07-04 19:14:29,318 - Epoch [20/100] | Train Loss: 0.0459 - Train Acc: 98.48% | Val Loss: 0.1546 - Val Acc: 94.44%
2026-07-04 19:14:43,516 - Epoch [21/100] | Train Loss: 0.0465 - Train Acc: 98.54% | Val Loss: 0.4232 - Val Acc: 87.42%
2026-07-04 19:14:57,689 - Epoch [22/100] | Train Loss: 0.0413 - Train Acc: 98.67% | Val Loss: 0.6015 - Val Acc: 88.00%
2026-07-04 19:15:11,870 - Epoch [23/100] | Train Loss: 0.0382 - Train Acc: 98.47% | Val Loss: 0.1272 - Val Acc: 96.27%
2026-07-04 19:15:26,064 - Epoch [24/100] | Train Loss: 0.0433 - Train Acc: 98.59% | Val Loss: 0.1562 - Val Acc: 95.10%
2026-07-04 19:15:40,260 - Epoch [25/100] | Train Loss: 0.0301 - Train Acc: 99.00% | Val Loss: 0.3698 - Val Acc: 89.61%
2026-07-04 19:15:54,442 - Epoch [26/100] | Train Loss: 0.0415 - Train Acc: 98.54% | Val Loss: 0.7429 - Val Acc: 86.69%
2026-07-04 19:16:08,623 - Epoch [27/100] | Train Loss: 0.0561 - Train Acc: 98.13% | Val Loss: 1.1193 - Val Acc: 81.13%
2026-07-04 19:16:22,891 - Epoch [28/100] | Train Loss: 0.0308 - Train Acc: 98.82% | Val Loss: 0.7256 - Val Acc: 85.30%
2026-07-04 19:16:37,075 - Epoch [29/100] | Train Loss: 0.0313 - Train Acc: 98.91% | Val Loss: 0.1031 - Val Acc: 96.85%
2026-07-04 19:16:51,290 - Epoch [30/100] | Train Loss: 0.0281 - Train Acc: 99.00% | Val Loss: 0.1458 - Val Acc: 95.54%
2026-07-04 19:17:05,481 - Epoch [31/100] | Train Loss: 0.0261 - Train Acc: 99.15% | Val Loss: 0.0576 - Val Acc: 97.88%
2026-07-04 19:17:19,687 - Epoch [32/100] | Train Loss: 0.0303 - Train Acc: 98.84% | Val Loss: 0.0985 - Val Acc: 97.22%
2026-07-04 19:17:33,888 - Epoch [33/100] | Train Loss: 0.0332 - Train Acc: 98.89% | Val Loss: 0.6773 - Val Acc: 86.61%
2026-07-04 19:17:48,062 - Epoch [34/100] | Train Loss: 0.0173 - Train Acc: 99.44% | Val Loss: 0.0763 - Val Acc: 98.17%
2026-07-04 19:18:02,269 - Epoch [35/100] | Train Loss: 0.0289 - Train Acc: 99.07% | Val Loss: 3.4785 - Val Acc: 74.84%
2026-07-04 19:18:16,445 - Epoch [36/100] | Train Loss: 0.0430 - Train Acc: 98.49% | Val Loss: 0.2201 - Val Acc: 93.71%
2026-07-04 19:18:30,650 - Epoch [37/100] | Train Loss: 0.0290 - Train Acc: 98.99% | Val Loss: 0.0971 - Val Acc: 97.07%
2026-07-04 19:18:44,848 - Epoch [38/100] | Train Loss: 0.0126 - Train Acc: 99.60% | Val Loss: 0.0969 - Val Acc: 97.59%
2026-07-04 19:18:59,058 - Epoch [39/100] | Train Loss: 0.0063 - Train Acc: 99.80% | Val Loss: 0.2606 - Val Acc: 93.64%
2026-07-04 19:19:13,258 - Epoch [40/100] | Train Loss: 0.0188 - Train Acc: 99.29% | Val Loss: 0.7908 - Val Acc: 82.74%
2026-07-04 19:19:27,457 - Epoch [41/100] | Train Loss: 0.0276 - Train Acc: 99.07% | Val Loss: 0.5891 - Val Acc: 89.25%
2026-07-04 19:19:41,659 - Epoch [42/100] | Train Loss: 0.0113 - Train Acc: 99.63% | Val Loss: 0.1008 - Val Acc: 97.29%
2026-07-04 19:19:55,854 - Epoch [43/100] | Train Loss: 0.0286 - Train Acc: 99.14% | Val Loss: 0.0612 - Val Acc: 98.24%
2026-07-04 19:20:10,045 - Epoch [44/100] | Train Loss: 0.0116 - Train Acc: 99.56% | Val Loss: 0.0769 - Val Acc: 97.95%
2026-07-04 19:20:24,248 - Epoch [45/100] | Train Loss: 0.0078 - Train Acc: 99.72% | Val Loss: 0.0782 - Val Acc: 97.66%
2026-07-04 19:20:38,453 - Epoch [46/100] | Train Loss: 0.0109 - Train Acc: 99.64% | Val Loss: 12.9895 - Val Acc: 34.38%
2026-07-04 19:20:52,650 - Epoch [47/100] | Train Loss: 0.0210 - Train Acc: 99.28% | Val Loss: 0.1134 - Val Acc: 96.78%
2026-07-04 19:21:06,844 - Epoch [48/100] | Train Loss: 0.0233 - Train Acc: 99.24% | Val Loss: 0.1076 - Val Acc: 97.66%
2026-07-04 19:21:21,040 - Epoch [49/100] | Train Loss: 0.0143 - Train Acc: 99.50% | Val Loss: 0.1044 - Val Acc: 97.07%
2026-07-04 19:21:35,240 - Epoch [50/100] | Train Loss: 0.0074 - Train Acc: 99.76% | Val Loss: 0.1607 - Val Acc: 96.49%
2026-07-04 19:21:49,442 - Epoch [51/100] | Train Loss: 0.0369 - Train Acc: 98.84% | Val Loss: 0.4534 - Val Acc: 90.56%
2026-07-04 19:22:03,646 - Epoch [52/100] | Train Loss: 0.0090 - Train Acc: 99.71% | Val Loss: 0.1106 - Val Acc: 97.29%
2026-07-04 19:22:17,833 - Epoch [53/100] | Train Loss: 0.0076 - Train Acc: 99.72% | Val Loss: 0.0621 - Val Acc: 98.32%
2026-07-04 19:22:32,043 - Epoch [54/100] | Train Loss: 0.0024 - Train Acc: 99.93% | Val Loss: 0.0704 - Val Acc: 98.46%
2026-07-04 19:22:46,250 - Epoch [55/100] | Train Loss: 0.0024 - Train Acc: 99.92% | Val Loss: 0.0747 - Val Acc: 98.39%
2026-07-04 19:23:00,466 - Epoch [56/100] | Train Loss: 0.0221 - Train Acc: 99.27% | Val Loss: 0.3851 - Val Acc: 92.10%
2026-07-04 19:23:14,659 - Epoch [57/100] | Train Loss: 0.0087 - Train Acc: 99.72% | Val Loss: 0.0603 - Val Acc: 98.54%
2026-07-04 19:23:28,866 - Epoch [58/100] | Train Loss: 0.0051 - Train Acc: 99.77% | Val Loss: 0.0728 - Val Acc: 98.46%
2026-07-04 19:23:43,069 - Epoch [59/100] | Train Loss: 0.0057 - Train Acc: 99.85% | Val Loss: 0.2975 - Val Acc: 93.86%
2026-07-04 19:23:57,282 - Epoch [60/100] | Train Loss: 0.0252 - Train Acc: 99.24% | Val Loss: 0.1358 - Val Acc: 96.63%
2026-07-04 19:24:11,489 - Epoch [61/100] | Train Loss: 0.0207 - Train Acc: 99.37% | Val Loss: 0.0669 - Val Acc: 98.32%
2026-07-04 19:24:25,692 - Epoch [62/100] | Train Loss: 0.0050 - Train Acc: 99.85% | Val Loss: 0.0983 - Val Acc: 97.29%
2026-07-04 19:24:39,897 - Epoch [63/100] | Train Loss: 0.0094 - Train Acc: 99.65% | Val Loss: 0.0916 - Val Acc: 97.44%
2026-07-04 19:24:54,103 - Epoch [64/100] | Train Loss: 0.0115 - Train Acc: 99.62% | Val Loss: 0.1367 - Val Acc: 96.93%
2026-07-04 19:25:08,308 - Epoch [65/100] | Train Loss: 0.0113 - Train Acc: 99.67% | Val Loss: 0.7444 - Val Acc: 89.76%
2026-07-04 19:25:22,509 - Epoch [66/100] | Train Loss: 0.0072 - Train Acc: 99.76% | Val Loss: 0.0467 - Val Acc: 98.61%
2026-07-04 19:25:36,702 - Epoch [67/100] | Train Loss: 0.0060 - Train Acc: 99.80% | Val Loss: 0.0677 - Val Acc: 97.88%
2026-07-04 19:25:50,897 - Epoch [68/100] | Train Loss: 0.0027 - Train Acc: 99.90% | Val Loss: 0.0576 - Val Acc: 98.83%
2026-07-04 19:26:05,095 - Epoch [69/100] | Train Loss: 0.0024 - Train Acc: 99.93% | Val Loss: 0.0841 - Val Acc: 98.02%
2026-07-04 19:26:19,288 - Epoch [70/100] | Train Loss: 0.0081 - Train Acc: 99.69% | Val Loss: 0.9598 - Val Acc: 84.27%
2026-07-04 19:26:33,483 - Epoch [71/100] | Train Loss: 0.0346 - Train Acc: 98.94% | Val Loss: 0.0787 - Val Acc: 97.95%
2026-07-04 19:26:47,645 - Epoch [72/100] | Train Loss: 0.0128 - Train Acc: 99.64% | Val Loss: 0.0513 - Val Acc: 98.61%
2026-07-04 19:27:01,805 - Epoch [73/100] | Train Loss: 0.0017 - Train Acc: 99.95% | Val Loss: 0.0524 - Val Acc: 98.68%
2026-07-04 19:27:15,965 - Epoch [74/100] | Train Loss: 0.0004 - Train Acc: 99.99% | Val Loss: 0.0458 - Val Acc: 98.83%
2026-07-04 19:27:30,122 - Epoch [75/100] | Train Loss: 0.0008 - Train Acc: 99.98% | Val Loss: 0.0545 - Val Acc: 98.76%
2026-07-04 19:27:44,294 - Epoch [76/100] | Train Loss: 0.0051 - Train Acc: 99.86% | Val Loss: 0.1152 - Val Acc: 97.29%
2026-07-04 19:27:58,460 - Epoch [77/100] | Train Loss: 0.0123 - Train Acc: 99.56% | Val Loss: 0.7089 - Val Acc: 87.78%
2026-07-04 19:28:12,626 - Epoch [78/100] | Train Loss: 0.0067 - Train Acc: 99.80% | Val Loss: 0.1237 - Val Acc: 97.59%
2026-07-04 19:28:26,792 - Epoch [79/100] | Train Loss: 0.0042 - Train Acc: 99.89% | Val Loss: 0.1272 - Val Acc: 96.56%
2026-07-04 19:28:40,965 - Epoch [80/100] | Train Loss: 0.0139 - Train Acc: 99.56% | Val Loss: 0.0792 - Val Acc: 97.88%
2026-07-04 19:28:55,135 - Epoch [81/100] | Train Loss: 0.0112 - Train Acc: 99.67% | Val Loss: 0.1372 - Val Acc: 96.71%
2026-07-04 19:29:09,308 - Epoch [82/100] | Train Loss: 0.0120 - Train Acc: 99.62% | Val Loss: 0.2715 - Val Acc: 93.20%
2026-07-04 19:29:23,482 - Epoch [83/100] | Train Loss: 0.0293 - Train Acc: 99.10% | Val Loss: 0.1863 - Val Acc: 95.46%
2026-07-04 19:29:37,675 - Epoch [84/100] | Train Loss: 0.0015 - Train Acc: 99.95% | Val Loss: 0.0489 - Val Acc: 98.46%
2026-07-04 19:29:51,858 - Epoch [85/100] | Train Loss: 0.0008 - Train Acc: 99.98% | Val Loss: 0.0624 - Val Acc: 98.61%
2026-07-04 19:30:06,062 - Epoch [86/100] | Train Loss: 0.0036 - Train Acc: 99.90% | Val Loss: 0.0851 - Val Acc: 98.10%
2026-07-04 19:30:20,245 - Epoch [87/100] | Train Loss: 0.0062 - Train Acc: 99.76% | Val Loss: 0.1306 - Val Acc: 96.78%
2026-07-04 19:30:34,444 - Epoch [88/100] | Train Loss: 0.0068 - Train Acc: 99.76% | Val Loss: 0.4516 - Val Acc: 91.51%
2026-07-04 19:30:48,642 - Epoch [89/100] | Train Loss: 0.0085 - Train Acc: 99.72% | Val Loss: 0.1624 - Val Acc: 96.12%
2026-07-04 19:31:02,846 - Epoch [90/100] | Train Loss: 0.0024 - Train Acc: 99.90% | Val Loss: 0.0598 - Val Acc: 98.39%
2026-07-04 19:31:17,053 - Epoch [91/100] | Train Loss: 0.0030 - Train Acc: 99.93% | Val Loss: 0.0700 - Val Acc: 98.24%
2026-07-04 19:31:31,237 - Epoch [92/100] | Train Loss: 0.0006 - Train Acc: 99.98% | Val Loss: 0.0567 - Val Acc: 98.54%
2026-07-04 19:31:45,428 - Epoch [93/100] | Train Loss: 0.0003 - Train Acc: 100.00% | Val Loss: 0.0563 - Val Acc: 98.61%
2026-07-04 19:31:59,619 - Epoch [94/100] | Train Loss: 0.0001 - Train Acc: 100.00% | Val Loss: 0.0561 - Val Acc: 98.90%
2026-07-04 19:32:13,811 - Epoch [95/100] | Train Loss: 0.0015 - Train Acc: 99.93% | Val Loss: 0.1163 - Val Acc: 97.88%
2026-07-04 19:32:27,994 - Epoch [96/100] | Train Loss: 0.0283 - Train Acc: 99.24% | Val Loss: 10.6940 - Val Acc: 38.70%
2026-07-04 19:32:42,196 - Epoch [97/100] | Train Loss: 0.0073 - Train Acc: 99.74% | Val Loss: 0.0698 - Val Acc: 98.10%
2026-07-04 19:32:56,405 - Epoch [98/100] | Train Loss: 0.0034 - Train Acc: 99.91% | Val Loss: 0.1472 - Val Acc: 97.22%
2026-07-04 19:33:10,599 - Epoch [99/100] | Train Loss: 0.0040 - Train Acc: 99.85% | Val Loss: 1.6129 - Val Acc: 84.49%
2026-07-04 19:33:24,782 - Epoch [100/100] | Train Loss: 0.0051 - Train Acc: 99.84% | Val Loss: 0.2034 - Val Acc: 94.88%
2026-07-04 19:33:24,782 - --------------------------------------------------
2026-07-04 19:33:24,783 - Training Complete!
2026-07-04 19:33:24,783 - Total Training Time: 1419.33 seconds
2026-07-04 19:33:24,783 - Peak GPU Memory (allocated): 1400.03 MB
2026-07-04 19:33:24,913 - 
 Starting Training Routine...
2026-07-04 19:33:24,913 - --------------------------------------------------
2026-07-04 19:33:30,380 - Epoch [01/100] | Train Loss: 0.2629 - Train Acc: 90.44% | Val Loss: 0.1584 - Val Acc: 94.07%
2026-07-04 19:33:35,791 - Epoch [02/100] | Train Loss: 0.1405 - Train Acc: 94.16% | Val Loss: 0.3852 - Val Acc: 84.32%
2026-07-04 19:33:41,203 - Epoch [03/100] | Train Loss: 0.1255 - Train Acc: 94.86% | Val Loss: 0.5965 - Val Acc: 76.86%
2026-07-04 19:33:46,614 - Epoch [04/100] | Train Loss: 0.1142 - Train Acc: 95.50% | Val Loss: 0.1090 - Val Acc: 95.79%
2026-07-04 19:33:52,024 - Epoch [05/100] | Train Loss: 0.0946 - Train Acc: 96.52% | Val Loss: 0.7387 - Val Acc: 67.69%
2026-07-04 19:33:57,436 - Epoch [06/100] | Train Loss: 0.0942 - Train Acc: 96.33% | Val Loss: 3.5558 - Val Acc: 35.95%
2026-07-04 19:34:02,843 - Epoch [07/100] | Train Loss: 0.0845 - Train Acc: 96.50% | Val Loss: 0.2729 - Val Acc: 91.01%
2026-07-04 19:34:08,252 - Epoch [08/100] | Train Loss: 0.0772 - Train Acc: 97.09% | Val Loss: 2.3596 - Val Acc: 50.48%
2026-07-04 19:34:13,656 - Epoch [09/100] | Train Loss: 0.0657 - Train Acc: 97.30% | Val Loss: 0.1104 - Val Acc: 96.75%
2026-07-04 19:34:19,066 - Epoch [10/100] | Train Loss: 0.0618 - Train Acc: 97.45% | Val Loss: 0.0904 - Val Acc: 96.56%
2026-07-04 19:34:24,484 - Epoch [11/100] | Train Loss: 0.0643 - Train Acc: 97.58% | Val Loss: 0.0770 - Val Acc: 96.56%
2026-07-04 19:34:29,899 - Epoch [12/100] | Train Loss: 0.0465 - Train Acc: 98.34% | Val Loss: 0.0669 - Val Acc: 97.51%
2026-07-04 19:34:35,310 - Epoch [13/100] | Train Loss: 0.0456 - Train Acc: 98.39% | Val Loss: 0.4567 - Val Acc: 83.94%
2026-07-04 19:34:40,715 - Epoch [14/100] | Train Loss: 0.0463 - Train Acc: 98.17% | Val Loss: 0.0768 - Val Acc: 97.13%
2026-07-04 19:34:46,119 - Epoch [15/100] | Train Loss: 0.0357 - Train Acc: 98.73% | Val Loss: 0.1291 - Val Acc: 95.98%
2026-07-04 19:34:51,530 - Epoch [16/100] | Train Loss: 0.0369 - Train Acc: 98.43% | Val Loss: 0.9515 - Val Acc: 73.80%
2026-07-04 19:34:56,939 - Epoch [17/100] | Train Loss: 0.0283 - Train Acc: 99.09% | Val Loss: 0.4203 - Val Acc: 87.00%
2026-07-04 19:35:02,335 - Epoch [18/100] | Train Loss: 0.0221 - Train Acc: 99.15% | Val Loss: 0.1623 - Val Acc: 95.98%
2026-07-04 19:35:07,741 - Epoch [19/100] | Train Loss: 0.0170 - Train Acc: 99.38% | Val Loss: 0.5373 - Val Acc: 86.62%
2026-07-04 19:35:13,145 - Epoch [20/100] | Train Loss: 0.0297 - Train Acc: 98.94% | Val Loss: 0.4598 - Val Acc: 88.34%
2026-07-04 19:35:18,551 - Epoch [21/100] | Train Loss: 0.0229 - Train Acc: 99.09% | Val Loss: 0.1022 - Val Acc: 96.94%
2026-07-04 19:35:23,961 - Epoch [22/100] | Train Loss: 0.0108 - Train Acc: 99.55% | Val Loss: 0.1305 - Val Acc: 96.18%
2026-07-04 19:35:29,359 - Epoch [23/100] | Train Loss: 0.0068 - Train Acc: 99.72% | Val Loss: 0.0756 - Val Acc: 98.09%
2026-07-04 19:35:34,772 - Epoch [24/100] | Train Loss: 0.0134 - Train Acc: 99.47% | Val Loss: 0.1002 - Val Acc: 96.75%
2026-07-04 19:35:40,181 - Epoch [25/100] | Train Loss: 0.0210 - Train Acc: 99.19% | Val Loss: 0.0809 - Val Acc: 97.71%
2026-07-04 19:35:45,589 - Epoch [26/100] | Train Loss: 0.0154 - Train Acc: 99.43% | Val Loss: 0.2086 - Val Acc: 94.84%
2026-07-04 19:35:50,992 - Epoch [27/100] | Train Loss: 0.0106 - Train Acc: 99.62% | Val Loss: 0.1616 - Val Acc: 96.56%
2026-07-04 19:35:56,401 - Epoch [28/100] | Train Loss: 0.0294 - Train Acc: 98.87% | Val Loss: 0.1826 - Val Acc: 96.56%
2026-07-04 19:36:01,808 - Epoch [29/100] | Train Loss: 0.0249 - Train Acc: 98.98% | Val Loss: 0.0702 - Val Acc: 98.66%
2026-07-04 19:36:07,216 - Epoch [30/100] | Train Loss: 0.0049 - Train Acc: 99.87% | Val Loss: 0.1215 - Val Acc: 96.94%
2026-07-04 19:36:12,621 - Epoch [31/100] | Train Loss: 0.0062 - Train Acc: 99.72% | Val Loss: 0.2741 - Val Acc: 94.26%
2026-07-04 19:36:18,030 - Epoch [32/100] | Train Loss: 0.0042 - Train Acc: 99.89% | Val Loss: 0.1084 - Val Acc: 98.28%
2026-07-04 19:36:23,434 - Epoch [33/100] | Train Loss: 0.0062 - Train Acc: 99.75% | Val Loss: 0.1311 - Val Acc: 96.75%
2026-07-04 19:36:28,842 - Epoch [34/100] | Train Loss: 0.0055 - Train Acc: 99.81% | Val Loss: 1.7642 - Val Acc: 74.57%
2026-07-04 19:36:34,248 - Epoch [35/100] | Train Loss: 0.0082 - Train Acc: 99.72% | Val Loss: 0.1171 - Val Acc: 97.51%
2026-07-04 19:36:39,660 - Epoch [36/100] | Train Loss: 0.0075 - Train Acc: 99.72% | Val Loss: 0.1410 - Val Acc: 96.94%
2026-07-04 19:36:45,070 - Epoch [37/100] | Train Loss: 0.0048 - Train Acc: 99.87% | Val Loss: 0.3043 - Val Acc: 95.03%
2026-07-04 19:36:50,474 - Epoch [38/100] | Train Loss: 0.0045 - Train Acc: 99.79% | Val Loss: 0.0970 - Val Acc: 97.71%
2026-07-04 19:36:55,880 - Epoch [39/100] | Train Loss: 0.0116 - Train Acc: 99.60% | Val Loss: 0.2437 - Val Acc: 94.26%
2026-07-04 19:37:01,286 - Epoch [40/100] | Train Loss: 0.0129 - Train Acc: 99.62% | Val Loss: 0.0919 - Val Acc: 97.71%
2026-07-04 19:37:06,696 - Epoch [41/100] | Train Loss: 0.0108 - Train Acc: 99.49% | Val Loss: 0.2130 - Val Acc: 96.18%
2026-07-04 19:37:12,104 - Epoch [42/100] | Train Loss: 0.0206 - Train Acc: 99.15% | Val Loss: 0.1501 - Val Acc: 95.60%
2026-07-04 19:37:17,517 - Epoch [43/100] | Train Loss: 0.0117 - Train Acc: 99.49% | Val Loss: 0.1156 - Val Acc: 98.09%
2026-07-04 19:37:22,934 - Epoch [44/100] | Train Loss: 0.0123 - Train Acc: 99.53% | Val Loss: 0.0969 - Val Acc: 97.51%
2026-07-04 19:37:28,336 - Epoch [45/100] | Train Loss: 0.0024 - Train Acc: 99.96% | Val Loss: 0.1062 - Val Acc: 97.71%
2026-07-04 19:37:33,746 - Epoch [46/100] | Train Loss: 0.0005 - Train Acc: 100.00% | Val Loss: 0.1014 - Val Acc: 98.47%
2026-07-04 19:37:39,154 - Epoch [47/100] | Train Loss: 0.0027 - Train Acc: 99.92% | Val Loss: 0.1289 - Val Acc: 97.51%
2026-07-04 19:37:44,564 - Epoch [48/100] | Train Loss: 0.0134 - Train Acc: 99.62% | Val Loss: 2.0942 - Val Acc: 69.60%
2026-07-04 19:37:49,974 - Epoch [49/100] | Train Loss: 0.0256 - Train Acc: 99.09% | Val Loss: 0.1672 - Val Acc: 95.60%
2026-07-04 19:37:55,387 - Epoch [50/100] | Train Loss: 0.0055 - Train Acc: 99.77% | Val Loss: 0.2287 - Val Acc: 94.84%
2026-07-04 19:38:00,795 - Epoch [51/100] | Train Loss: 0.0032 - Train Acc: 99.85% | Val Loss: 0.1823 - Val Acc: 96.18%
2026-07-04 19:38:06,208 - Epoch [52/100] | Train Loss: 0.0006 - Train Acc: 100.00% | Val Loss: 0.0737 - Val Acc: 98.28%
2026-07-04 19:38:11,619 - Epoch [53/100] | Train Loss: 0.0004 - Train Acc: 100.00% | Val Loss: 0.0808 - Val Acc: 97.71%
2026-07-04 19:38:17,020 - Epoch [54/100] | Train Loss: 0.0003 - Train Acc: 100.00% | Val Loss: 0.0744 - Val Acc: 97.90%
2026-07-04 19:38:22,428 - Epoch [55/100] | Train Loss: 0.0011 - Train Acc: 99.96% | Val Loss: 0.1488 - Val Acc: 96.75%
2026-07-04 19:38:27,828 - Epoch [56/100] | Train Loss: 0.0039 - Train Acc: 99.85% | Val Loss: 0.0970 - Val Acc: 97.71%
2026-07-04 19:38:33,241 - Epoch [57/100] | Train Loss: 0.0078 - Train Acc: 99.72% | Val Loss: 0.1401 - Val Acc: 96.37%
2026-07-04 19:38:38,647 - Epoch [58/100] | Train Loss: 0.0104 - Train Acc: 99.58% | Val Loss: 0.1559 - Val Acc: 96.94%
2026-07-04 19:38:44,057 - Epoch [59/100] | Train Loss: 0.0141 - Train Acc: 99.60% | Val Loss: 0.2864 - Val Acc: 95.03%
2026-07-04 19:38:49,467 - Epoch [60/100] | Train Loss: 0.0098 - Train Acc: 99.66% | Val Loss: 0.1115 - Val Acc: 97.51%
2026-07-04 19:38:54,877 - Epoch [61/100] | Train Loss: 0.0039 - Train Acc: 99.89% | Val Loss: 0.1186 - Val Acc: 97.90%
2026-07-04 19:39:00,282 - Epoch [62/100] | Train Loss: 0.0021 - Train Acc: 99.92% | Val Loss: 0.1163 - Val Acc: 97.51%
2026-07-04 19:39:05,692 - Epoch [63/100] | Train Loss: 0.0011 - Train Acc: 99.96% | Val Loss: 0.0777 - Val Acc: 98.09%
2026-07-04 19:39:11,098 - Epoch [64/100] | Train Loss: 0.0003 - Train Acc: 100.00% | Val Loss: 0.0750 - Val Acc: 98.47%
2026-07-04 19:39:16,506 - Epoch [65/100] | Train Loss: 0.0001 - Train Acc: 100.00% | Val Loss: 0.0787 - Val Acc: 98.28%
2026-07-04 19:39:21,914 - Epoch [66/100] | Train Loss: 0.0001 - Train Acc: 100.00% | Val Loss: 0.0781 - Val Acc: 98.47%
2026-07-04 19:39:27,324 - Epoch [67/100] | Train Loss: 0.0005 - Train Acc: 99.98% | Val Loss: 0.1252 - Val Acc: 97.51%
2026-07-04 19:39:32,733 - Epoch [68/100] | Train Loss: 0.0071 - Train Acc: 99.75% | Val Loss: 0.2118 - Val Acc: 95.60%
2026-07-04 19:39:38,140 - Epoch [69/100] | Train Loss: 0.0169 - Train Acc: 99.41% | Val Loss: 0.2115 - Val Acc: 95.41%
2026-07-04 19:39:43,552 - Epoch [70/100] | Train Loss: 0.0112 - Train Acc: 99.62% | Val Loss: 0.1462 - Val Acc: 97.13%
2026-07-04 19:39:48,963 - Epoch [71/100] | Train Loss: 0.0083 - Train Acc: 99.75% | Val Loss: 0.1328 - Val Acc: 97.90%
2026-07-04 19:39:54,372 - Epoch [72/100] | Train Loss: 0.0044 - Train Acc: 99.79% | Val Loss: 0.3868 - Val Acc: 92.16%
2026-07-04 19:39:59,779 - Epoch [73/100] | Train Loss: 0.0059 - Train Acc: 99.85% | Val Loss: 0.1913 - Val Acc: 95.41%
2026-07-04 19:40:05,188 - Epoch [74/100] | Train Loss: 0.0025 - Train Acc: 99.89% | Val Loss: 0.1033 - Val Acc: 97.32%
2026-07-04 19:40:10,594 - Epoch [75/100] | Train Loss: 0.0006 - Train Acc: 100.00% | Val Loss: 0.0939 - Val Acc: 98.09%
2026-07-04 19:40:16,005 - Epoch [76/100] | Train Loss: 0.0001 - Train Acc: 100.00% | Val Loss: 0.0984 - Val Acc: 98.09%
2026-07-04 19:40:21,411 - Epoch [77/100] | Train Loss: 0.0002 - Train Acc: 100.00% | Val Loss: 0.1351 - Val Acc: 97.32%
2026-07-04 19:40:26,817 - Epoch [78/100] | Train Loss: 0.0002 - Train Acc: 100.00% | Val Loss: 0.1064 - Val Acc: 98.09%
2026-07-04 19:40:32,225 - Epoch [79/100] | Train Loss: 0.0002 - Train Acc: 100.00% | Val Loss: 0.1230 - Val Acc: 97.51%
2026-07-04 19:40:37,638 - Epoch [80/100] | Train Loss: 0.0002 - Train Acc: 100.00% | Val Loss: 0.0959 - Val Acc: 97.90%
2026-07-04 19:40:43,048 - Epoch [81/100] | Train Loss: 0.0001 - Train Acc: 100.00% | Val Loss: 0.0954 - Val Acc: 97.90%
2026-07-04 19:40:48,456 - Epoch [82/100] | Train Loss: 0.0001 - Train Acc: 100.00% | Val Loss: 0.0983 - Val Acc: 98.09%
2026-07-04 19:40:53,868 - Epoch [83/100] | Train Loss: 0.0000 - Train Acc: 100.00% | Val Loss: 0.1044 - Val Acc: 97.32%
2026-07-04 19:40:59,283 - Epoch [84/100] | Train Loss: 0.0000 - Train Acc: 100.00% | Val Loss: 0.0998 - Val Acc: 97.51%
2026-07-04 19:41:04,696 - Epoch [85/100] | Train Loss: 0.0001 - Train Acc: 100.00% | Val Loss: 0.1089 - Val Acc: 97.51%
2026-07-04 19:41:10,103 - Epoch [86/100] | Train Loss: 0.0000 - Train Acc: 100.00% | Val Loss: 0.0996 - Val Acc: 97.90%
2026-07-04 19:41:15,514 - Epoch [87/100] | Train Loss: 0.0000 - Train Acc: 100.00% | Val Loss: 0.0989 - Val Acc: 97.90%
2026-07-04 19:41:20,920 - Epoch [88/100] | Train Loss: 0.0000 - Train Acc: 100.00% | Val Loss: 0.1036 - Val Acc: 97.90%
2026-07-04 19:41:26,325 - Epoch [89/100] | Train Loss: 0.0000 - Train Acc: 100.00% | Val Loss: 0.1084 - Val Acc: 97.90%
2026-07-04 19:41:31,742 - Epoch [90/100] | Train Loss: 0.0000 - Train Acc: 100.00% | Val Loss: 0.1178 - Val Acc: 97.90%
2026-07-04 19:41:37,151 - Epoch [91/100] | Train Loss: 0.0001 - Train Acc: 100.00% | Val Loss: 0.1123 - Val Acc: 98.09%
2026-07-04 19:41:42,560 - Epoch [92/100] | Train Loss: 0.0001 - Train Acc: 100.00% | Val Loss: 0.1278 - Val Acc: 97.13%
2026-07-04 19:41:47,968 - Epoch [93/100] | Train Loss: 0.0001 - Train Acc: 100.00% | Val Loss: 0.1095 - Val Acc: 98.28%
2026-07-04 19:41:53,380 - Epoch [94/100] | Train Loss: 0.0000 - Train Acc: 100.00% | Val Loss: 0.1148 - Val Acc: 97.90%
2026-07-04 19:41:58,788 - Epoch [95/100] | Train Loss: 0.0000 - Train Acc: 100.00% | Val Loss: 0.1109 - Val Acc: 98.66%
2026-07-04 19:42:04,198 - Epoch [96/100] | Train Loss: 0.0000 - Train Acc: 100.00% | Val Loss: 0.1087 - Val Acc: 98.66%
2026-07-04 19:42:09,607 - Epoch [97/100] | Train Loss: 0.0000 - Train Acc: 100.00% | Val Loss: 0.1120 - Val Acc: 98.47%
2026-07-04 19:42:15,023 - Epoch [98/100] | Train Loss: 0.0000 - Train Acc: 100.00% | Val Loss: 0.1136 - Val Acc: 97.90%
2026-07-04 19:42:20,431 - Epoch [99/100] | Train Loss: 0.0000 - Train Acc: 100.00% | Val Loss: 0.1100 - Val Acc: 98.47%
2026-07-04 19:42:25,836 - Epoch [100/100] | Train Loss: 0.0000 - Train Acc: 100.00% | Val Loss: 0.1136 - Val Acc: 97.90%
2026-07-04 19:42:25,836 - --------------------------------------------------
2026-07-04 19:42:25,836 - Training Complete!
2026-07-04 19:42:25,836 - Total Training Time: 540.92 seconds
2026-07-04 19:42:25,836 - Peak GPU Memory (allocated): 1398.08 MB
2026-07-04 19:42:26,021 - 
 Starting Training Routine...
2026-07-04 19:42:26,021 - --------------------------------------------------
2026-07-04 19:42:34,354 - Epoch [01/100] | Train Loss: 0.9571 - Train Acc: 66.06% | Val Loss: 0.9134 - Val Acc: 68.41%
2026-07-04 19:42:42,669 - Epoch [02/100] | Train Loss: 0.8492 - Train Acc: 68.28% | Val Loss: 0.8569 - Val Acc: 65.79%
2026-07-04 19:42:50,988 - Epoch [03/100] | Train Loss: 0.8151 - Train Acc: 69.43% | Val Loss: 0.8490 - Val Acc: 68.91%
2026-07-04 19:42:59,309 - Epoch [04/100] | Train Loss: 0.7926 - Train Acc: 70.51% | Val Loss: 0.9743 - Val Acc: 62.67%
2026-07-04 19:43:07,634 - Epoch [05/100] | Train Loss: 0.7600 - Train Acc: 71.74% | Val Loss: 0.8618 - Val Acc: 69.66%
2026-07-04 19:43:15,949 - Epoch [06/100] | Train Loss: 0.7502 - Train Acc: 71.79% | Val Loss: 0.7349 - Val Acc: 72.91%
2026-07-04 19:43:24,285 - Epoch [07/100] | Train Loss: 0.7329 - Train Acc: 72.41% | Val Loss: 1.1758 - Val Acc: 58.43%
2026-07-04 19:43:32,605 - Epoch [08/100] | Train Loss: 0.7096 - Train Acc: 73.31% | Val Loss: 0.8377 - Val Acc: 68.41%
2026-07-04 19:43:40,912 - Epoch [09/100] | Train Loss: 0.6932 - Train Acc: 74.67% | Val Loss: 1.2259 - Val Acc: 49.06%
2026-07-04 19:43:49,235 - Epoch [10/100] | Train Loss: 0.6854 - Train Acc: 74.71% | Val Loss: 0.8050 - Val Acc: 70.54%
2026-07-04 19:43:57,548 - Epoch [11/100] | Train Loss: 0.6738 - Train Acc: 74.70% | Val Loss: 0.7162 - Val Acc: 75.16%
2026-07-04 19:44:05,877 - Epoch [12/100] | Train Loss: 0.6530 - Train Acc: 75.85% | Val Loss: 0.8016 - Val Acc: 68.41%
2026-07-04 19:44:14,204 - Epoch [13/100] | Train Loss: 0.6494 - Train Acc: 76.15% | Val Loss: 0.9852 - Val Acc: 66.67%
2026-07-04 19:44:22,526 - Epoch [14/100] | Train Loss: 0.6472 - Train Acc: 75.79% | Val Loss: 0.6866 - Val Acc: 76.15%
2026-07-04 19:44:30,858 - Epoch [15/100] | Train Loss: 0.6221 - Train Acc: 76.78% | Val Loss: 0.7000 - Val Acc: 74.41%
2026-07-04 19:44:39,181 - Epoch [16/100] | Train Loss: 0.6236 - Train Acc: 76.58% | Val Loss: 0.6968 - Val Acc: 74.66%
2026-07-04 19:44:47,505 - Epoch [17/100] | Train Loss: 0.6186 - Train Acc: 76.74% | Val Loss: 1.1165 - Val Acc: 54.81%
2026-07-04 19:44:55,830 - Epoch [18/100] | Train Loss: 0.6099 - Train Acc: 77.14% | Val Loss: 0.7040 - Val Acc: 75.41%
2026-07-04 19:45:04,136 - Epoch [19/100] | Train Loss: 0.5804 - Train Acc: 77.97% | Val Loss: 0.6894 - Val Acc: 76.15%
2026-07-04 19:45:12,443 - Epoch [20/100] | Train Loss: 0.5745 - Train Acc: 78.33% | Val Loss: 0.7910 - Val Acc: 71.66%
2026-07-04 19:45:20,750 - Epoch [21/100] | Train Loss: 0.5715 - Train Acc: 78.42% | Val Loss: 1.2431 - Val Acc: 57.93%
2026-07-04 19:45:29,059 - Epoch [22/100] | Train Loss: 0.5493 - Train Acc: 79.43% | Val Loss: 0.9884 - Val Acc: 70.29%
2026-07-04 19:45:37,365 - Epoch [23/100] | Train Loss: 0.5423 - Train Acc: 79.54% | Val Loss: 0.8796 - Val Acc: 72.03%
2026-07-04 19:45:45,669 - Epoch [24/100] | Train Loss: 0.5204 - Train Acc: 80.36% | Val Loss: 0.7050 - Val Acc: 74.28%
2026-07-04 19:45:53,970 - Epoch [25/100] | Train Loss: 0.4908 - Train Acc: 81.95% | Val Loss: 0.6735 - Val Acc: 74.16%
2026-07-04 19:46:02,292 - Epoch [26/100] | Train Loss: 0.4653 - Train Acc: 82.72% | Val Loss: 0.7752 - Val Acc: 73.41%
2026-07-04 19:46:10,607 - Epoch [27/100] | Train Loss: 0.4533 - Train Acc: 82.99% | Val Loss: 0.7659 - Val Acc: 72.28%
2026-07-04 19:46:18,930 - Epoch [28/100] | Train Loss: 0.4007 - Train Acc: 84.99% | Val Loss: 0.7942 - Val Acc: 75.91%
2026-07-04 19:46:27,251 - Epoch [29/100] | Train Loss: 0.3608 - Train Acc: 86.17% | Val Loss: 0.8092 - Val Acc: 75.53%
2026-07-04 19:46:35,575 - Epoch [30/100] | Train Loss: 0.3004 - Train Acc: 89.07% | Val Loss: 1.0775 - Val Acc: 73.41%
2026-07-04 19:46:43,906 - Epoch [31/100] | Train Loss: 0.2594 - Train Acc: 90.50% | Val Loss: 1.0147 - Val Acc: 72.91%
2026-07-04 19:46:52,221 - Epoch [32/100] | Train Loss: 0.2206 - Train Acc: 91.73% | Val Loss: 1.2523 - Val Acc: 68.79%
2026-07-04 19:47:00,539 - Epoch [33/100] | Train Loss: 0.1770 - Train Acc: 93.70% | Val Loss: 1.5299 - Val Acc: 63.30%
2026-07-04 19:47:08,870 - Epoch [34/100] | Train Loss: 0.1206 - Train Acc: 95.57% | Val Loss: 1.3531 - Val Acc: 68.91%
2026-07-04 19:47:17,200 - Epoch [35/100] | Train Loss: 0.1043 - Train Acc: 96.28% | Val Loss: 2.1221 - Val Acc: 55.31%
2026-07-04 19:47:25,530 - Epoch [36/100] | Train Loss: 0.0822 - Train Acc: 97.11% | Val Loss: 1.2996 - Val Acc: 73.78%
2026-07-04 19:47:33,855 - Epoch [37/100] | Train Loss: 0.0587 - Train Acc: 98.00% | Val Loss: 1.3140 - Val Acc: 71.16%
2026-07-04 19:47:42,169 - Epoch [38/100] | Train Loss: 0.0649 - Train Acc: 97.60% | Val Loss: 1.4238 - Val Acc: 72.53%
2026-07-04 19:47:50,492 - Epoch [39/100] | Train Loss: 0.0580 - Train Acc: 97.99% | Val Loss: 1.4628 - Val Acc: 71.91%
2026-07-04 19:47:58,815 - Epoch [40/100] | Train Loss: 0.0496 - Train Acc: 98.24% | Val Loss: 1.8168 - Val Acc: 74.16%
2026-07-04 19:48:07,136 - Epoch [41/100] | Train Loss: 0.0385 - Train Acc: 98.71% | Val Loss: 1.6586 - Val Acc: 68.54%
2026-07-04 19:48:15,465 - Epoch [42/100] | Train Loss: 0.0343 - Train Acc: 98.89% | Val Loss: 1.7134 - Val Acc: 71.79%
2026-07-04 19:48:23,800 - Epoch [43/100] | Train Loss: 0.0274 - Train Acc: 99.07% | Val Loss: 1.9308 - Val Acc: 65.04%
2026-07-04 19:48:32,130 - Epoch [44/100] | Train Loss: 0.0262 - Train Acc: 99.24% | Val Loss: 1.6365 - Val Acc: 74.41%
2026-07-04 19:48:40,461 - Epoch [45/100] | Train Loss: 0.0353 - Train Acc: 98.82% | Val Loss: 2.2184 - Val Acc: 70.91%
2026-07-04 19:48:48,789 - Epoch [46/100] | Train Loss: 0.0485 - Train Acc: 98.25% | Val Loss: 2.5243 - Val Acc: 61.05%
2026-07-04 19:48:57,106 - Epoch [47/100] | Train Loss: 0.0248 - Train Acc: 99.28% | Val Loss: 1.8079 - Val Acc: 69.04%
2026-07-04 19:49:05,433 - Epoch [48/100] | Train Loss: 0.0162 - Train Acc: 99.43% | Val Loss: 1.6836 - Val Acc: 72.28%
2026-07-04 19:49:13,756 - Epoch [49/100] | Train Loss: 0.0207 - Train Acc: 99.29% | Val Loss: 1.6563 - Val Acc: 74.28%
2026-07-04 19:49:22,081 - Epoch [50/100] | Train Loss: 0.0242 - Train Acc: 99.21% | Val Loss: 1.8007 - Val Acc: 70.79%
2026-07-04 19:49:30,403 - Epoch [51/100] | Train Loss: 0.0447 - Train Acc: 98.64% | Val Loss: 1.8419 - Val Acc: 75.03%
2026-07-04 19:49:38,727 - Epoch [52/100] | Train Loss: 0.0477 - Train Acc: 98.38% | Val Loss: 1.7832 - Val Acc: 73.28%
2026-07-04 19:49:47,056 - Epoch [53/100] | Train Loss: 0.0316 - Train Acc: 98.93% | Val Loss: 1.9202 - Val Acc: 73.53%
2026-07-04 19:49:55,378 - Epoch [54/100] | Train Loss: 0.0134 - Train Acc: 99.56% | Val Loss: 1.6954 - Val Acc: 70.29%
2026-07-04 19:50:03,697 - Epoch [55/100] | Train Loss: 0.0140 - Train Acc: 99.54% | Val Loss: 2.2461 - Val Acc: 73.41%
2026-07-04 19:50:12,024 - Epoch [56/100] | Train Loss: 0.0156 - Train Acc: 99.51% | Val Loss: 1.8279 - Val Acc: 69.79%
2026-07-04 19:50:20,347 - Epoch [57/100] | Train Loss: 0.0206 - Train Acc: 99.22% | Val Loss: 1.7903 - Val Acc: 73.41%
2026-07-04 19:50:28,675 - Epoch [58/100] | Train Loss: 0.0232 - Train Acc: 99.29% | Val Loss: 1.8823 - Val Acc: 75.16%
2026-07-04 19:50:37,001 - Epoch [59/100] | Train Loss: 0.0354 - Train Acc: 98.78% | Val Loss: 1.9587 - Val Acc: 74.78%
2026-07-04 19:50:45,329 - Epoch [60/100] | Train Loss: 0.0248 - Train Acc: 99.21% | Val Loss: 1.9219 - Val Acc: 71.04%
2026-07-04 19:50:53,651 - Epoch [61/100] | Train Loss: 0.0346 - Train Acc: 98.79% | Val Loss: 1.9928 - Val Acc: 71.29%
2026-07-04 19:51:01,975 - Epoch [62/100] | Train Loss: 0.0360 - Train Acc: 98.74% | Val Loss: 1.8616 - Val Acc: 72.91%
2026-07-04 19:51:10,305 - Epoch [63/100] | Train Loss: 0.0206 - Train Acc: 99.26% | Val Loss: 1.9590 - Val Acc: 67.79%
2026-07-04 19:51:18,633 - Epoch [64/100] | Train Loss: 0.0073 - Train Acc: 99.81% | Val Loss: 1.7899 - Val Acc: 73.91%
2026-07-04 19:51:26,964 - Epoch [65/100] | Train Loss: 0.0075 - Train Acc: 99.79% | Val Loss: 1.8764 - Val Acc: 74.91%
2026-07-04 19:51:35,286 - Epoch [66/100] | Train Loss: 0.0033 - Train Acc: 99.92% | Val Loss: 1.7154 - Val Acc: 75.66%
2026-07-04 19:51:43,611 - Epoch [67/100] | Train Loss: 0.0171 - Train Acc: 99.46% | Val Loss: 1.8065 - Val Acc: 69.79%
2026-07-04 19:51:51,940 - Epoch [68/100] | Train Loss: 0.0172 - Train Acc: 99.43% | Val Loss: 2.2005 - Val Acc: 73.03%
2026-07-04 19:52:00,264 - Epoch [69/100] | Train Loss: 0.0473 - Train Acc: 98.56% | Val Loss: 1.6788 - Val Acc: 73.28%
2026-07-04 19:52:08,592 - Epoch [70/100] | Train Loss: 0.0312 - Train Acc: 98.88% | Val Loss: 1.6898 - Val Acc: 75.53%
2026-07-04 19:52:16,925 - Epoch [71/100] | Train Loss: 0.0210 - Train Acc: 99.42% | Val Loss: 1.8990 - Val Acc: 70.91%
2026-07-04 19:52:25,251 - Epoch [72/100] | Train Loss: 0.0099 - Train Acc: 99.65% | Val Loss: 1.7531 - Val Acc: 72.91%
2026-07-04 19:52:33,585 - Epoch [73/100] | Train Loss: 0.0180 - Train Acc: 99.43% | Val Loss: 2.0265 - Val Acc: 73.66%
2026-07-04 19:52:41,910 - Epoch [74/100] | Train Loss: 0.0094 - Train Acc: 99.71% | Val Loss: 1.7715 - Val Acc: 75.16%
2026-07-04 19:52:50,242 - Epoch [75/100] | Train Loss: 0.0028 - Train Acc: 99.94% | Val Loss: 1.8611 - Val Acc: 77.15%
2026-07-04 19:52:58,566 - Epoch [76/100] | Train Loss: 0.0035 - Train Acc: 99.85% | Val Loss: 1.7721 - Val Acc: 77.15%
2026-07-04 19:53:06,897 - Epoch [77/100] | Train Loss: 0.0033 - Train Acc: 99.90% | Val Loss: 1.8574 - Val Acc: 76.78%
2026-07-04 19:53:15,704 - Epoch [78/100] | Train Loss: 0.0021 - Train Acc: 99.96% | Val Loss: 1.8115 - Val Acc: 77.28%
2026-07-04 19:53:25,374 - Epoch [79/100] | Train Loss: 0.0048 - Train Acc: 99.86% | Val Loss: 2.0177 - Val Acc: 70.66%
2026-07-04 19:53:33,883 - Epoch [80/100] | Train Loss: 0.0459 - Train Acc: 98.64% | Val Loss: 1.9841 - Val Acc: 72.66%
2026-07-04 19:53:42,391 - Epoch [81/100] | Train Loss: 0.0422 - Train Acc: 98.60% | Val Loss: 1.7808 - Val Acc: 73.16%
2026-07-04 19:53:50,900 - Epoch [82/100] | Train Loss: 0.0306 - Train Acc: 98.95% | Val Loss: 1.8253 - Val Acc: 71.79%
2026-07-04 19:53:59,382 - Epoch [83/100] | Train Loss: 0.0230 - Train Acc: 99.20% | Val Loss: 1.6981 - Val Acc: 69.91%
2026-07-04 19:54:07,895 - Epoch [84/100] | Train Loss: 0.0152 - Train Acc: 99.54% | Val Loss: 1.7988 - Val Acc: 74.41%
2026-07-04 19:54:16,399 - Epoch [85/100] | Train Loss: 0.0088 - Train Acc: 99.74% | Val Loss: 1.8071 - Val Acc: 75.16%
2026-07-04 19:54:24,893 - Epoch [86/100] | Train Loss: 0.0023 - Train Acc: 99.94% | Val Loss: 1.7252 - Val Acc: 76.15%
2026-07-04 19:54:33,395 - Epoch [87/100] | Train Loss: 0.0019 - Train Acc: 99.94% | Val Loss: 1.7153 - Val Acc: 75.16%
2026-07-04 19:54:41,921 - Epoch [88/100] | Train Loss: 0.0052 - Train Acc: 99.79% | Val Loss: 2.2116 - Val Acc: 72.41%
2026-07-04 19:54:50,416 - Epoch [89/100] | Train Loss: 0.0192 - Train Acc: 99.33% | Val Loss: 2.1237 - Val Acc: 71.54%
2026-07-04 19:54:58,923 - Epoch [90/100] | Train Loss: 0.0233 - Train Acc: 99.28% | Val Loss: 2.2375 - Val Acc: 72.03%
2026-07-04 19:55:07,415 - Epoch [91/100] | Train Loss: 0.0246 - Train Acc: 99.20% | Val Loss: 1.7615 - Val Acc: 74.28%
2026-07-04 19:55:15,926 - Epoch [92/100] | Train Loss: 0.0089 - Train Acc: 99.72% | Val Loss: 1.8114 - Val Acc: 75.53%
2026-07-04 19:55:24,423 - Epoch [93/100] | Train Loss: 0.0088 - Train Acc: 99.76% | Val Loss: 2.4944 - Val Acc: 70.04%
2026-07-04 19:55:32,927 - Epoch [94/100] | Train Loss: 0.0134 - Train Acc: 99.61% | Val Loss: 2.0634 - Val Acc: 74.41%
2026-07-04 19:55:41,429 - Epoch [95/100] | Train Loss: 0.0143 - Train Acc: 99.56% | Val Loss: 1.8980 - Val Acc: 71.91%
2026-07-04 19:55:49,916 - Epoch [96/100] | Train Loss: 0.0142 - Train Acc: 99.56% | Val Loss: 2.0288 - Val Acc: 68.16%
2026-07-04 19:55:58,418 - Epoch [97/100] | Train Loss: 0.0089 - Train Acc: 99.61% | Val Loss: 2.0955 - Val Acc: 73.53%
2026-07-04 19:56:06,923 - Epoch [98/100] | Train Loss: 0.0199 - Train Acc: 99.28% | Val Loss: 2.2991 - Val Acc: 69.54%
2026-07-04 19:56:15,430 - Epoch [99/100] | Train Loss: 0.0201 - Train Acc: 99.35% | Val Loss: 2.0245 - Val Acc: 72.16%
2026-07-04 19:56:23,926 - Epoch [100/100] | Train Loss: 0.0178 - Train Acc: 99.45% | Val Loss: 2.3854 - Val Acc: 70.16%
2026-07-04 19:56:23,926 - --------------------------------------------------
2026-07-04 19:56:23,926 - Training Complete!
2026-07-04 19:56:23,926 - Total Training Time: 837.91 seconds
2026-07-04 19:56:23,926 - Peak GPU Memory (allocated): 1400.52 MB
2026-07-04 19:56:24,077 - 
 Starting Training Routine...
2026-07-04 19:56:24,077 - --------------------------------------------------
2026-07-04 19:56:40,351 - Epoch [01/100] | Train Loss: 0.6424 - Train Acc: 77.73% | Val Loss: 0.1981 - Val Acc: 94.08%
2026-07-04 19:56:56,620 - Epoch [02/100] | Train Loss: 0.2915 - Train Acc: 89.86% | Val Loss: 0.1483 - Val Acc: 95.25%
2026-07-04 19:57:12,876 - Epoch [03/100] | Train Loss: 0.2142 - Train Acc: 92.50% | Val Loss: 0.2072 - Val Acc: 93.03%
2026-07-04 19:57:29,123 - Epoch [04/100] | Train Loss: 0.1824 - Train Acc: 93.49% | Val Loss: 0.0571 - Val Acc: 98.24%
2026-07-04 19:57:45,360 - Epoch [05/100] | Train Loss: 0.1407 - Train Acc: 94.83% | Val Loss: 0.1076 - Val Acc: 96.81%
2026-07-04 19:58:01,599 - Epoch [06/100] | Train Loss: 0.1103 - Train Acc: 96.15% | Val Loss: 0.0852 - Val Acc: 97.40%
2026-07-04 19:58:17,866 - Epoch [07/100] | Train Loss: 0.1093 - Train Acc: 96.18% | Val Loss: 0.1121 - Val Acc: 97.66%
2026-07-04 19:58:34,106 - Epoch [08/100] | Train Loss: 0.0890 - Train Acc: 96.75% | Val Loss: 0.0796 - Val Acc: 97.92%
2026-07-04 19:58:49,983 - Epoch [09/100] | Train Loss: 0.0700 - Train Acc: 97.67% | Val Loss: 0.0262 - Val Acc: 99.02%
2026-07-04 19:59:05,873 - Epoch [10/100] | Train Loss: 0.0753 - Train Acc: 97.38% | Val Loss: 0.0414 - Val Acc: 98.89%
2026-07-04 19:59:21,751 - Epoch [11/100] | Train Loss: 0.0508 - Train Acc: 98.21% | Val Loss: 0.0382 - Val Acc: 98.57%
2026-07-04 19:59:37,625 - Epoch [12/100] | Train Loss: 0.1005 - Train Acc: 96.65% | Val Loss: 0.0387 - Val Acc: 98.96%
2026-07-04 19:59:53,500 - Epoch [13/100] | Train Loss: 0.0431 - Train Acc: 98.54% | Val Loss: 0.0312 - Val Acc: 98.89%
2026-07-04 20:00:09,368 - Epoch [14/100] | Train Loss: 0.0365 - Train Acc: 98.78% | Val Loss: 0.0344 - Val Acc: 98.76%
2026-07-04 20:00:25,240 - Epoch [15/100] | Train Loss: 0.0397 - Train Acc: 98.63% | Val Loss: 0.0348 - Val Acc: 98.63%
2026-07-04 20:00:41,106 - Epoch [16/100] | Train Loss: 0.0473 - Train Acc: 98.50% | Val Loss: 0.0504 - Val Acc: 98.70%
2026-07-04 20:00:56,978 - Epoch [17/100] | Train Loss: 0.0250 - Train Acc: 99.20% | Val Loss: 0.0539 - Val Acc: 98.57%
2026-07-04 20:01:12,841 - Epoch [18/100] | Train Loss: 0.0520 - Train Acc: 98.15% | Val Loss: 0.0243 - Val Acc: 99.02%
2026-07-04 20:01:28,717 - Epoch [19/100] | Train Loss: 0.0186 - Train Acc: 99.44% | Val Loss: 0.0192 - Val Acc: 99.22%
2026-07-04 20:01:44,603 - Epoch [20/100] | Train Loss: 0.0361 - Train Acc: 98.81% | Val Loss: 0.0199 - Val Acc: 99.15%
2026-07-04 20:02:00,484 - Epoch [21/100] | Train Loss: 0.0230 - Train Acc: 99.27% | Val Loss: 0.0220 - Val Acc: 99.28%
2026-07-04 20:02:16,373 - Epoch [22/100] | Train Loss: 0.0129 - Train Acc: 99.60% | Val Loss: 0.0192 - Val Acc: 99.22%
2026-07-04 20:02:32,260 - Epoch [23/100] | Train Loss: 0.0220 - Train Acc: 99.28% | Val Loss: 0.0215 - Val Acc: 99.09%
2026-07-04 20:02:48,143 - Epoch [24/100] | Train Loss: 0.0213 - Train Acc: 99.31% | Val Loss: 0.0144 - Val Acc: 99.41%
2026-07-04 20:03:04,029 - Epoch [25/100] | Train Loss: 0.0189 - Train Acc: 99.44% | Val Loss: 0.0118 - Val Acc: 99.54%
2026-07-04 20:03:19,921 - Epoch [26/100] | Train Loss: 0.0207 - Train Acc: 99.32% | Val Loss: 0.0183 - Val Acc: 99.28%
2026-07-04 20:03:35,800 - Epoch [27/100] | Train Loss: 0.0130 - Train Acc: 99.58% | Val Loss: 0.0219 - Val Acc: 99.28%
2026-07-04 20:03:51,685 - Epoch [28/100] | Train Loss: 0.0122 - Train Acc: 99.60% | Val Loss: 0.0283 - Val Acc: 98.83%
2026-07-04 20:04:07,564 - Epoch [29/100] | Train Loss: 0.0183 - Train Acc: 99.41% | Val Loss: 0.0538 - Val Acc: 98.63%
2026-07-04 20:04:23,452 - Epoch [30/100] | Train Loss: 0.0307 - Train Acc: 98.79% | Val Loss: 0.0318 - Val Acc: 99.09%
2026-07-04 20:04:39,338 - Epoch [31/100] | Train Loss: 0.0077 - Train Acc: 99.78% | Val Loss: 0.0477 - Val Acc: 98.63%
2026-07-04 20:04:55,221 - Epoch [32/100] | Train Loss: 0.0507 - Train Acc: 98.37% | Val Loss: 0.0197 - Val Acc: 99.22%
2026-07-04 20:05:11,097 - Epoch [33/100] | Train Loss: 0.0069 - Train Acc: 99.80% | Val Loss: 0.0149 - Val Acc: 99.54%
2026-07-04 20:05:26,969 - Epoch [34/100] | Train Loss: 0.0064 - Train Acc: 99.83% | Val Loss: 0.1044 - Val Acc: 97.46%
2026-07-04 20:05:42,849 - Epoch [35/100] | Train Loss: 0.0345 - Train Acc: 98.84% | Val Loss: 0.0238 - Val Acc: 99.02%
2026-07-04 20:05:58,728 - Epoch [36/100] | Train Loss: 0.0098 - Train Acc: 99.71% | Val Loss: 0.0118 - Val Acc: 99.61%
2026-07-04 20:06:14,604 - Epoch [37/100] | Train Loss: 0.0027 - Train Acc: 99.93% | Val Loss: 0.0155 - Val Acc: 99.67%
2026-07-04 20:06:30,481 - Epoch [38/100] | Train Loss: 0.0023 - Train Acc: 99.97% | Val Loss: 0.0202 - Val Acc: 99.22%
2026-07-04 20:06:46,354 - Epoch [39/100] | Train Loss: 0.0023 - Train Acc: 99.93% | Val Loss: 0.1194 - Val Acc: 96.55%
2026-07-04 20:07:02,235 - Epoch [40/100] | Train Loss: 0.0550 - Train Acc: 98.37% | Val Loss: 0.0222 - Val Acc: 99.28%
2026-07-04 20:07:18,105 - Epoch [41/100] | Train Loss: 0.0310 - Train Acc: 99.07% | Val Loss: 0.0132 - Val Acc: 99.48%
2026-07-04 20:07:33,989 - Epoch [42/100] | Train Loss: 0.0048 - Train Acc: 99.86% | Val Loss: 0.0056 - Val Acc: 99.80%
2026-07-04 20:07:49,875 - Epoch [43/100] | Train Loss: 0.0019 - Train Acc: 99.97% | Val Loss: 0.0059 - Val Acc: 99.74%
2026-07-04 20:08:05,760 - Epoch [44/100] | Train Loss: 0.0026 - Train Acc: 99.94% | Val Loss: 0.0126 - Val Acc: 99.61%
2026-07-04 20:08:21,645 - Epoch [45/100] | Train Loss: 0.0065 - Train Acc: 99.75% | Val Loss: 0.0117 - Val Acc: 99.67%
2026-07-04 20:08:37,527 - Epoch [46/100] | Train Loss: 0.0062 - Train Acc: 99.80% | Val Loss: 0.0311 - Val Acc: 99.41%
2026-07-04 20:08:53,404 - Epoch [47/100] | Train Loss: 0.0120 - Train Acc: 99.62% | Val Loss: 0.2952 - Val Acc: 94.08%
2026-07-04 20:09:09,284 - Epoch [48/100] | Train Loss: 0.0237 - Train Acc: 99.30% | Val Loss: 0.0260 - Val Acc: 99.28%
2026-07-04 20:09:25,166 - Epoch [49/100] | Train Loss: 0.0140 - Train Acc: 99.63% | Val Loss: 0.0177 - Val Acc: 99.41%
2026-07-04 20:09:41,044 - Epoch [50/100] | Train Loss: 0.0390 - Train Acc: 98.84% | Val Loss: 0.0156 - Val Acc: 99.61%
2026-07-04 20:09:56,919 - Epoch [51/100] | Train Loss: 0.0079 - Train Acc: 99.76% | Val Loss: 0.0141 - Val Acc: 99.74%
2026-07-04 20:10:12,802 - Epoch [52/100] | Train Loss: 0.0090 - Train Acc: 99.74% | Val Loss: 0.0079 - Val Acc: 99.67%
2026-07-04 20:10:28,687 - Epoch [53/100] | Train Loss: 0.0015 - Train Acc: 99.97% | Val Loss: 0.0103 - Val Acc: 99.74%
2026-07-04 20:10:44,566 - Epoch [54/100] | Train Loss: 0.0011 - Train Acc: 99.99% | Val Loss: 0.0079 - Val Acc: 99.67%
2026-07-04 20:11:00,450 - Epoch [55/100] | Train Loss: 0.0105 - Train Acc: 99.62% | Val Loss: 0.0113 - Val Acc: 99.54%
2026-07-04 20:11:16,337 - Epoch [56/100] | Train Loss: 0.0025 - Train Acc: 99.94% | Val Loss: 0.0132 - Val Acc: 99.48%
2026-07-04 20:11:32,217 - Epoch [57/100] | Train Loss: 0.0025 - Train Acc: 99.94% | Val Loss: 0.0093 - Val Acc: 99.67%
2026-07-04 20:11:48,109 - Epoch [58/100] | Train Loss: 0.0012 - Train Acc: 99.97% | Val Loss: 0.0048 - Val Acc: 99.74%
2026-07-04 20:12:03,992 - Epoch [59/100] | Train Loss: 0.0004 - Train Acc: 99.99% | Val Loss: 0.0040 - Val Acc: 99.80%
2026-07-04 20:12:19,878 - Epoch [60/100] | Train Loss: 0.0004 - Train Acc: 99.99% | Val Loss: 0.0067 - Val Acc: 99.74%
2026-07-04 20:12:35,756 - Epoch [61/100] | Train Loss: 0.0014 - Train Acc: 99.97% | Val Loss: 0.0079 - Val Acc: 99.80%
2026-07-04 20:12:51,636 - Epoch [62/100] | Train Loss: 0.0170 - Train Acc: 99.46% | Val Loss: 0.1337 - Val Acc: 96.35%
2026-07-04 20:13:07,512 - Epoch [63/100] | Train Loss: 0.0116 - Train Acc: 99.67% | Val Loss: 0.0207 - Val Acc: 99.35%
2026-07-04 20:13:23,403 - Epoch [64/100] | Train Loss: 0.0020 - Train Acc: 99.96% | Val Loss: 0.0096 - Val Acc: 99.67%
2026-07-04 20:13:39,289 - Epoch [65/100] | Train Loss: 0.0008 - Train Acc: 99.99% | Val Loss: 0.0073 - Val Acc: 99.87%
2026-07-04 20:13:55,164 - Epoch [66/100] | Train Loss: 0.0295 - Train Acc: 99.13% | Val Loss: 0.0143 - Val Acc: 99.35%
2026-07-04 20:14:11,041 - Epoch [67/100] | Train Loss: 0.0024 - Train Acc: 99.93% | Val Loss: 0.0152 - Val Acc: 99.74%
2026-07-04 20:14:26,921 - Epoch [68/100] | Train Loss: 0.0045 - Train Acc: 99.89% | Val Loss: 0.0177 - Val Acc: 99.48%
2026-07-04 20:14:42,798 - Epoch [69/100] | Train Loss: 0.0019 - Train Acc: 99.93% | Val Loss: 0.0108 - Val Acc: 99.67%
2026-07-04 20:14:58,685 - Epoch [70/100] | Train Loss: 0.0010 - Train Acc: 99.96% | Val Loss: 0.0142 - Val Acc: 99.54%
2026-07-04 20:15:14,562 - Epoch [71/100] | Train Loss: 0.0271 - Train Acc: 99.23% | Val Loss: 0.0199 - Val Acc: 99.54%
2026-07-04 20:15:30,443 - Epoch [72/100] | Train Loss: 0.0053 - Train Acc: 99.84% | Val Loss: 0.0068 - Val Acc: 99.74%
2026-07-04 20:15:46,324 - Epoch [73/100] | Train Loss: 0.0010 - Train Acc: 99.96% | Val Loss: 0.0123 - Val Acc: 99.61%
2026-07-04 20:16:02,210 - Epoch [74/100] | Train Loss: 0.0080 - Train Acc: 99.76% | Val Loss: 0.0231 - Val Acc: 99.48%
2026-07-04 20:16:18,089 - Epoch [75/100] | Train Loss: 0.0029 - Train Acc: 99.90% | Val Loss: 0.0102 - Val Acc: 99.54%
2026-07-04 20:16:33,976 - Epoch [76/100] | Train Loss: 0.0050 - Train Acc: 99.84% | Val Loss: 0.0223 - Val Acc: 99.41%
2026-07-04 20:16:49,853 - Epoch [77/100] | Train Loss: 0.0022 - Train Acc: 99.91% | Val Loss: 0.0135 - Val Acc: 99.67%
2026-07-04 20:17:05,733 - Epoch [78/100] | Train Loss: 0.0002 - Train Acc: 100.00% | Val Loss: 0.0160 - Val Acc: 99.74%
2026-07-04 20:17:21,610 - Epoch [79/100] | Train Loss: 0.0002 - Train Acc: 100.00% | Val Loss: 0.0106 - Val Acc: 99.61%
2026-07-04 20:17:37,494 - Epoch [80/100] | Train Loss: 0.0002 - Train Acc: 99.99% | Val Loss: 0.0132 - Val Acc: 99.80%
2026-07-04 20:17:53,378 - Epoch [81/100] | Train Loss: 0.0003 - Train Acc: 99.99% | Val Loss: 0.0067 - Val Acc: 99.80%
2026-07-04 20:18:09,256 - Epoch [82/100] | Train Loss: 0.0004 - Train Acc: 99.99% | Val Loss: 0.0120 - Val Acc: 99.67%
2026-07-04 20:18:25,139 - Epoch [83/100] | Train Loss: 0.0003 - Train Acc: 99.99% | Val Loss: 0.0221 - Val Acc: 99.61%
2026-07-04 20:18:41,017 - Epoch [84/100] | Train Loss: 0.0404 - Train Acc: 98.83% | Val Loss: 0.0366 - Val Acc: 98.70%
2026-07-04 20:18:56,903 - Epoch [85/100] | Train Loss: 0.0232 - Train Acc: 99.31% | Val Loss: 0.0168 - Val Acc: 99.54%
2026-07-04 20:19:12,788 - Epoch [86/100] | Train Loss: 0.0013 - Train Acc: 99.99% | Val Loss: 0.0177 - Val Acc: 99.54%
2026-07-04 20:19:28,671 - Epoch [87/100] | Train Loss: 0.0008 - Train Acc: 99.99% | Val Loss: 0.0136 - Val Acc: 99.74%
2026-07-04 20:19:44,561 - Epoch [88/100] | Train Loss: 0.0017 - Train Acc: 99.93% | Val Loss: 0.0215 - Val Acc: 99.09%
2026-07-04 20:20:00,448 - Epoch [89/100] | Train Loss: 0.0005 - Train Acc: 99.99% | Val Loss: 0.0202 - Val Acc: 99.35%
2026-07-04 20:20:16,326 - Epoch [90/100] | Train Loss: 0.0003 - Train Acc: 100.00% | Val Loss: 0.0204 - Val Acc: 99.41%
2026-07-04 20:20:32,208 - Epoch [91/100] | Train Loss: 0.0005 - Train Acc: 99.99% | Val Loss: 0.0231 - Val Acc: 99.28%
2026-07-04 20:20:48,090 - Epoch [92/100] | Train Loss: 0.0199 - Train Acc: 99.49% | Val Loss: 0.0380 - Val Acc: 99.15%
2026-07-04 20:21:03,963 - Epoch [93/100] | Train Loss: 0.0044 - Train Acc: 99.88% | Val Loss: 0.0216 - Val Acc: 99.28%
2026-07-04 20:21:19,852 - Epoch [94/100] | Train Loss: 0.0005 - Train Acc: 100.00% | Val Loss: 0.0122 - Val Acc: 99.54%
2026-07-04 20:21:35,729 - Epoch [95/100] | Train Loss: 0.0031 - Train Acc: 99.88% | Val Loss: 0.0294 - Val Acc: 99.35%
2026-07-04 20:21:51,614 - Epoch [96/100] | Train Loss: 0.0070 - Train Acc: 99.85% | Val Loss: 0.0111 - Val Acc: 99.61%
2026-07-04 20:22:07,489 - Epoch [97/100] | Train Loss: 0.0004 - Train Acc: 99.99% | Val Loss: 0.0107 - Val Acc: 99.61%
2026-07-04 20:22:23,375 - Epoch [98/100] | Train Loss: 0.0008 - Train Acc: 99.99% | Val Loss: 0.0096 - Val Acc: 99.54%
2026-07-04 20:22:39,255 - Epoch [99/100] | Train Loss: 0.0019 - Train Acc: 99.96% | Val Loss: 0.0730 - Val Acc: 98.96%
2026-07-04 20:22:55,137 - Epoch [100/100] | Train Loss: 0.0035 - Train Acc: 99.93% | Val Loss: 0.0194 - Val Acc: 99.35%
2026-07-04 20:22:55,137 - --------------------------------------------------
2026-07-04 20:22:55,137 - Training Complete!
2026-07-04 20:22:55,137 - Total Training Time: 1591.06 seconds
2026-07-04 20:22:55,138 - Peak GPU Memory (allocated): 1397.54 MB
2026-07-04 20:22:55,420 - 
 Starting Training Routine...
2026-07-04 20:22:55,420 - --------------------------------------------------
2026-07-04 20:23:02,348 - Epoch [01/100] | Train Loss: 1.0185 - Train Acc: 60.36% | Val Loss: 2.8444 - Val Acc: 29.92%
2026-07-04 20:23:09,203 - Epoch [02/100] | Train Loss: 0.5667 - Train Acc: 77.89% | Val Loss: 0.7001 - Val Acc: 72.71%
2026-07-04 20:23:16,061 - Epoch [03/100] | Train Loss: 0.4480 - Train Acc: 83.83% | Val Loss: 1.1593 - Val Acc: 67.67%
2026-07-04 20:23:22,909 - Epoch [04/100] | Train Loss: 0.3677 - Train Acc: 87.49% | Val Loss: 0.5062 - Val Acc: 83.47%
2026-07-04 20:23:29,764 - Epoch [05/100] | Train Loss: 0.3287 - Train Acc: 88.93% | Val Loss: 0.2976 - Val Acc: 91.51%
2026-07-04 20:23:36,614 - Epoch [06/100] | Train Loss: 0.2792 - Train Acc: 90.90% | Val Loss: 0.4366 - Val Acc: 83.98%
2026-07-04 20:23:43,460 - Epoch [07/100] | Train Loss: 0.2265 - Train Acc: 92.41% | Val Loss: 0.3481 - Val Acc: 90.20%
2026-07-04 20:23:50,308 - Epoch [08/100] | Train Loss: 0.1990 - Train Acc: 93.61% | Val Loss: 0.3956 - Val Acc: 85.59%
2026-07-04 20:23:57,154 - Epoch [09/100] | Train Loss: 0.1814 - Train Acc: 93.93% | Val Loss: 0.1981 - Val Acc: 93.12%
2026-07-04 20:24:04,005 - Epoch [10/100] | Train Loss: 0.1827 - Train Acc: 94.31% | Val Loss: 0.1857 - Val Acc: 93.86%
2026-07-04 20:24:10,862 - Epoch [11/100] | Train Loss: 0.1644 - Train Acc: 94.81% | Val Loss: 0.1621 - Val Acc: 95.03%
2026-07-04 20:24:17,713 - Epoch [12/100] | Train Loss: 0.1459 - Train Acc: 95.23% | Val Loss: 2.6010 - Val Acc: 48.06%
2026-07-04 20:24:24,560 - Epoch [13/100] | Train Loss: 0.1564 - Train Acc: 95.03% | Val Loss: 0.3206 - Val Acc: 88.88%
2026-07-04 20:24:31,410 - Epoch [14/100] | Train Loss: 0.1414 - Train Acc: 95.56% | Val Loss: 0.2224 - Val Acc: 93.64%
2026-07-04 20:24:38,258 - Epoch [15/100] | Train Loss: 0.1196 - Train Acc: 96.11% | Val Loss: 0.1001 - Val Acc: 96.20%
2026-07-04 20:24:45,106 - Epoch [16/100] | Train Loss: 0.1448 - Train Acc: 95.70% | Val Loss: 0.3298 - Val Acc: 91.08%
2026-07-04 20:24:51,954 - Epoch [17/100] | Train Loss: 0.1279 - Train Acc: 95.99% | Val Loss: 0.2878 - Val Acc: 90.20%
2026-07-04 20:24:58,805 - Epoch [18/100] | Train Loss: 0.1163 - Train Acc: 96.20% | Val Loss: 0.4614 - Val Acc: 87.64%
2026-07-04 20:25:05,654 - Epoch [19/100] | Train Loss: 0.1141 - Train Acc: 96.57% | Val Loss: 0.1572 - Val Acc: 94.88%
2026-07-04 20:25:12,506 - Epoch [20/100] | Train Loss: 0.0942 - Train Acc: 97.13% | Val Loss: 0.1433 - Val Acc: 96.27%
2026-07-04 20:25:19,357 - Epoch [21/100] | Train Loss: 0.0955 - Train Acc: 97.12% | Val Loss: 1.0178 - Val Acc: 73.15%
2026-07-04 20:25:26,207 - Epoch [22/100] | Train Loss: 0.0809 - Train Acc: 97.50% | Val Loss: 0.2123 - Val Acc: 92.54%
2026-07-04 20:25:33,061 - Epoch [23/100] | Train Loss: 0.0785 - Train Acc: 97.47% | Val Loss: 0.0819 - Val Acc: 97.00%
2026-07-04 20:25:39,915 - Epoch [24/100] | Train Loss: 0.0967 - Train Acc: 97.08% | Val Loss: 0.1689 - Val Acc: 95.10%
2026-07-04 20:25:46,762 - Epoch [25/100] | Train Loss: 0.0944 - Train Acc: 97.31% | Val Loss: 0.1242 - Val Acc: 95.83%
2026-07-04 20:25:53,611 - Epoch [26/100] | Train Loss: 0.0764 - Train Acc: 97.62% | Val Loss: 0.1702 - Val Acc: 94.95%
2026-07-04 20:26:00,464 - Epoch [27/100] | Train Loss: 0.0902 - Train Acc: 97.33% | Val Loss: 0.2408 - Val Acc: 91.95%
2026-07-04 20:26:07,312 - Epoch [28/100] | Train Loss: 0.0784 - Train Acc: 97.63% | Val Loss: 0.0800 - Val Acc: 97.81%
2026-07-04 20:26:14,161 - Epoch [29/100] | Train Loss: 0.0689 - Train Acc: 98.06% | Val Loss: 0.1430 - Val Acc: 94.95%
2026-07-04 20:26:21,007 - Epoch [30/100] | Train Loss: 0.0629 - Train Acc: 98.08% | Val Loss: 0.2184 - Val Acc: 93.42%
2026-07-04 20:26:27,855 - Epoch [31/100] | Train Loss: 0.0622 - Train Acc: 97.97% | Val Loss: 1.7738 - Val Acc: 80.32%
2026-07-04 20:26:34,699 - Epoch [32/100] | Train Loss: 0.0651 - Train Acc: 98.03% | Val Loss: 0.5870 - Val Acc: 83.69%
2026-07-04 20:26:41,550 - Epoch [33/100] | Train Loss: 0.0821 - Train Acc: 97.68% | Val Loss: 0.0820 - Val Acc: 97.59%
2026-07-04 20:26:48,396 - Epoch [34/100] | Train Loss: 0.0768 - Train Acc: 97.45% | Val Loss: 0.0745 - Val Acc: 97.15%
2026-07-04 20:26:55,248 - Epoch [35/100] | Train Loss: 0.0653 - Train Acc: 97.97% | Val Loss: 0.1501 - Val Acc: 94.37%
2026-07-04 20:27:02,094 - Epoch [36/100] | Train Loss: 0.0831 - Train Acc: 97.46% | Val Loss: 0.2454 - Val Acc: 93.93%
2026-07-04 20:27:08,942 - Epoch [37/100] | Train Loss: 0.0784 - Train Acc: 97.96% | Val Loss: 0.1573 - Val Acc: 95.83%
2026-07-04 20:27:15,786 - Epoch [38/100] | Train Loss: 0.1157 - Train Acc: 96.72% | Val Loss: 0.4591 - Val Acc: 90.05%
2026-07-04 20:27:22,641 - Epoch [39/100] | Train Loss: 0.0541 - Train Acc: 98.23% | Val Loss: 0.1162 - Val Acc: 96.34%
2026-07-04 20:27:29,497 - Epoch [40/100] | Train Loss: 0.0485 - Train Acc: 98.37% | Val Loss: 0.0752 - Val Acc: 97.37%
2026-07-04 20:27:36,352 - Epoch [41/100] | Train Loss: 0.1036 - Train Acc: 97.00% | Val Loss: 0.0960 - Val Acc: 97.22%
2026-07-04 20:27:43,206 - Epoch [42/100] | Train Loss: 0.0462 - Train Acc: 98.38% | Val Loss: 0.1048 - Val Acc: 96.93%
2026-07-04 20:27:50,054 - Epoch [43/100] | Train Loss: 0.0608 - Train Acc: 98.25% | Val Loss: 0.2010 - Val Acc: 93.78%
2026-07-04 20:27:56,912 - Epoch [44/100] | Train Loss: 0.0345 - Train Acc: 98.94% | Val Loss: 0.0961 - Val Acc: 97.51%
2026-07-04 20:28:03,764 - Epoch [45/100] | Train Loss: 0.0432 - Train Acc: 98.69% | Val Loss: 0.1193 - Val Acc: 96.49%
2026-07-04 20:28:10,622 - Epoch [46/100] | Train Loss: 0.0314 - Train Acc: 98.95% | Val Loss: 0.1436 - Val Acc: 97.00%
2026-07-04 20:28:17,474 - Epoch [47/100] | Train Loss: 0.0587 - Train Acc: 98.31% | Val Loss: 0.1593 - Val Acc: 95.10%
2026-07-04 20:28:24,334 - Epoch [48/100] | Train Loss: 0.0350 - Train Acc: 98.84% | Val Loss: 0.0937 - Val Acc: 97.22%
2026-07-04 20:28:31,190 - Epoch [49/100] | Train Loss: 0.0371 - Train Acc: 98.77% | Val Loss: 0.0661 - Val Acc: 98.24%
2026-07-04 20:28:38,057 - Epoch [50/100] | Train Loss: 0.0436 - Train Acc: 98.85% | Val Loss: 0.1848 - Val Acc: 95.32%
2026-07-04 20:28:44,915 - Epoch [51/100] | Train Loss: 0.0327 - Train Acc: 99.03% | Val Loss: 0.0809 - Val Acc: 97.22%
2026-07-04 20:28:51,780 - Epoch [52/100] | Train Loss: 0.0334 - Train Acc: 99.01% | Val Loss: 0.1155 - Val Acc: 96.42%
2026-07-04 20:28:58,637 - Epoch [53/100] | Train Loss: 0.0364 - Train Acc: 98.80% | Val Loss: 0.0511 - Val Acc: 98.46%
2026-07-04 20:29:05,493 - Epoch [54/100] | Train Loss: 0.0348 - Train Acc: 98.94% | Val Loss: 0.0755 - Val Acc: 97.88%
2026-07-04 20:29:12,340 - Epoch [55/100] | Train Loss: 0.0426 - Train Acc: 98.96% | Val Loss: 0.1063 - Val Acc: 97.22%
2026-07-04 20:29:19,185 - Epoch [56/100] | Train Loss: 0.0363 - Train Acc: 98.98% | Val Loss: 0.1174 - Val Acc: 96.85%
2026-07-04 20:29:26,034 - Epoch [57/100] | Train Loss: 0.0386 - Train Acc: 98.86% | Val Loss: 0.0631 - Val Acc: 97.95%
2026-07-04 20:29:32,888 - Epoch [58/100] | Train Loss: 0.0339 - Train Acc: 99.05% | Val Loss: 0.1379 - Val Acc: 96.56%
2026-07-04 20:29:39,739 - Epoch [59/100] | Train Loss: 0.0279 - Train Acc: 99.20% | Val Loss: 0.1049 - Val Acc: 96.71%
2026-07-04 20:29:46,588 - Epoch [60/100] | Train Loss: 0.0330 - Train Acc: 98.99% | Val Loss: 0.1106 - Val Acc: 97.07%
2026-07-04 20:29:53,435 - Epoch [61/100] | Train Loss: 0.0244 - Train Acc: 99.22% | Val Loss: 0.0692 - Val Acc: 98.39%
2026-07-04 20:30:00,288 - Epoch [62/100] | Train Loss: 0.0204 - Train Acc: 99.41% | Val Loss: 0.0685 - Val Acc: 98.24%
2026-07-04 20:30:07,136 - Epoch [63/100] | Train Loss: 0.0294 - Train Acc: 99.21% | Val Loss: 0.1241 - Val Acc: 96.56%
2026-07-04 20:30:13,984 - Epoch [64/100] | Train Loss: 0.0264 - Train Acc: 99.17% | Val Loss: 0.0968 - Val Acc: 97.44%
2026-07-04 20:30:20,831 - Epoch [65/100] | Train Loss: 0.0191 - Train Acc: 99.41% | Val Loss: 0.1349 - Val Acc: 96.93%
2026-07-04 20:30:27,676 - Epoch [66/100] | Train Loss: 0.0178 - Train Acc: 99.47% | Val Loss: 0.5191 - Val Acc: 88.73%
2026-07-04 20:30:34,520 - Epoch [67/100] | Train Loss: 0.0642 - Train Acc: 98.24% | Val Loss: 0.0670 - Val Acc: 98.02%
2026-07-04 20:30:41,372 - Epoch [68/100] | Train Loss: 0.0234 - Train Acc: 99.18% | Val Loss: 0.0796 - Val Acc: 98.46%
2026-07-04 20:30:48,215 - Epoch [69/100] | Train Loss: 0.0180 - Train Acc: 99.47% | Val Loss: 0.1321 - Val Acc: 96.49%
2026-07-04 20:30:55,064 - Epoch [70/100] | Train Loss: 0.0201 - Train Acc: 99.50% | Val Loss: 0.0882 - Val Acc: 97.81%
2026-07-04 20:31:01,916 - Epoch [71/100] | Train Loss: 0.0162 - Train Acc: 99.54% | Val Loss: 0.0828 - Val Acc: 97.81%
2026-07-04 20:31:08,761 - Epoch [72/100] | Train Loss: 0.0165 - Train Acc: 99.49% | Val Loss: 0.0823 - Val Acc: 98.10%
2026-07-04 20:31:15,612 - Epoch [73/100] | Train Loss: 0.0206 - Train Acc: 99.38% | Val Loss: 0.2101 - Val Acc: 95.17%
2026-07-04 20:31:22,459 - Epoch [74/100] | Train Loss: 0.0278 - Train Acc: 99.15% | Val Loss: 0.2849 - Val Acc: 94.66%
2026-07-04 20:31:29,302 - Epoch [75/100] | Train Loss: 0.0216 - Train Acc: 99.37% | Val Loss: 0.1197 - Val Acc: 97.95%
2026-07-04 20:31:36,154 - Epoch [76/100] | Train Loss: 0.0163 - Train Acc: 99.63% | Val Loss: 0.1310 - Val Acc: 96.71%
2026-07-04 20:31:43,000 - Epoch [77/100] | Train Loss: 0.0266 - Train Acc: 99.17% | Val Loss: 0.0917 - Val Acc: 98.10%
2026-07-04 20:31:49,854 - Epoch [78/100] | Train Loss: 0.0215 - Train Acc: 99.39% | Val Loss: 0.2117 - Val Acc: 95.03%
2026-07-04 20:31:56,705 - Epoch [79/100] | Train Loss: 0.0150 - Train Acc: 99.51% | Val Loss: 0.0922 - Val Acc: 98.24%
2026-07-04 20:32:03,557 - Epoch [80/100] | Train Loss: 0.0180 - Train Acc: 99.40% | Val Loss: 0.0996 - Val Acc: 98.02%
2026-07-04 20:32:10,411 - Epoch [81/100] | Train Loss: 0.0109 - Train Acc: 99.68% | Val Loss: 0.1181 - Val Acc: 97.81%
2026-07-04 20:32:17,263 - Epoch [82/100] | Train Loss: 0.1353 - Train Acc: 99.33% | Val Loss: 0.2244 - Val Acc: 94.15%
2026-07-04 20:32:24,114 - Epoch [83/100] | Train Loss: 0.1686 - Train Acc: 95.89% | Val Loss: 0.0684 - Val Acc: 97.37%
2026-07-04 20:32:30,964 - Epoch [84/100] | Train Loss: 0.0409 - Train Acc: 98.55% | Val Loss: 0.0712 - Val Acc: 97.81%
2026-07-04 20:32:37,813 - Epoch [85/100] | Train Loss: 0.0263 - Train Acc: 99.16% | Val Loss: 0.0851 - Val Acc: 97.51%
2026-07-04 20:32:44,659 - Epoch [86/100] | Train Loss: 0.0196 - Train Acc: 99.49% | Val Loss: 0.0850 - Val Acc: 97.37%
2026-07-04 20:32:51,509 - Epoch [87/100] | Train Loss: 0.0226 - Train Acc: 99.44% | Val Loss: 0.0769 - Val Acc: 98.10%
2026-07-04 20:32:58,362 - Epoch [88/100] | Train Loss: 0.0170 - Train Acc: 99.51% | Val Loss: 0.0814 - Val Acc: 97.88%
2026-07-04 20:33:05,210 - Epoch [89/100] | Train Loss: 0.0087 - Train Acc: 99.74% | Val Loss: 0.1116 - Val Acc: 97.95%
2026-07-04 20:33:12,064 - Epoch [90/100] | Train Loss: 0.0124 - Train Acc: 99.60% | Val Loss: 0.0980 - Val Acc: 97.95%
2026-07-04 20:33:18,912 - Epoch [91/100] | Train Loss: 0.0074 - Train Acc: 99.77% | Val Loss: 0.1199 - Val Acc: 98.24%
2026-07-04 20:33:25,762 - Epoch [92/100] | Train Loss: 0.0211 - Train Acc: 99.55% | Val Loss: 0.0814 - Val Acc: 98.32%
2026-07-04 20:33:32,610 - Epoch [93/100] | Train Loss: 0.0116 - Train Acc: 99.61% | Val Loss: 0.0865 - Val Acc: 98.32%
2026-07-04 20:33:39,466 - Epoch [94/100] | Train Loss: 0.0078 - Train Acc: 99.75% | Val Loss: 0.1583 - Val Acc: 97.29%
2026-07-04 20:33:46,316 - Epoch [95/100] | Train Loss: 0.0140 - Train Acc: 99.54% | Val Loss: 0.0886 - Val Acc: 97.95%
2026-07-04 20:33:53,165 - Epoch [96/100] | Train Loss: 0.0058 - Train Acc: 99.85% | Val Loss: 0.1445 - Val Acc: 97.95%
2026-07-04 20:34:00,015 - Epoch [97/100] | Train Loss: 0.0441 - Train Acc: 98.81% | Val Loss: 0.0924 - Val Acc: 98.17%
2026-07-04 20:34:06,867 - Epoch [98/100] | Train Loss: 0.0181 - Train Acc: 99.46% | Val Loss: 0.0764 - Val Acc: 98.39%
2026-07-04 20:34:13,715 - Epoch [99/100] | Train Loss: 0.0109 - Train Acc: 99.63% | Val Loss: 0.1162 - Val Acc: 97.66%
2026-07-04 20:34:20,565 - Epoch [100/100] | Train Loss: 0.0097 - Train Acc: 99.70% | Val Loss: 0.0910 - Val Acc: 98.54%
2026-07-04 20:34:20,566 - --------------------------------------------------
2026-07-04 20:34:20,566 - Training Complete!
2026-07-04 20:34:20,566 - Total Training Time: 685.14 seconds
2026-07-04 20:34:20,566 - Peak GPU Memory (allocated): 901.91 MB
2026-07-04 20:34:20,693 - 
 Starting Training Routine...
2026-07-04 20:34:20,694 - --------------------------------------------------
2026-07-04 20:34:23,305 - Epoch [01/100] | Train Loss: 0.2874 - Train Acc: 88.89% | Val Loss: 0.3649 - Val Acc: 85.28%
2026-07-04 20:34:25,902 - Epoch [02/100] | Train Loss: 0.1382 - Train Acc: 94.25% | Val Loss: 2.8929 - Val Acc: 55.07%
2026-07-04 20:34:28,496 - Epoch [03/100] | Train Loss: 0.1121 - Train Acc: 95.33% | Val Loss: 0.6436 - Val Acc: 79.16%
2026-07-04 20:34:31,084 - Epoch [04/100] | Train Loss: 0.1012 - Train Acc: 96.41% | Val Loss: 2.2791 - Val Acc: 72.08%
2026-07-04 20:34:33,674 - Epoch [05/100] | Train Loss: 0.0820 - Train Acc: 96.77% | Val Loss: 0.5579 - Val Acc: 87.19%
2026-07-04 20:34:36,265 - Epoch [06/100] | Train Loss: 0.0899 - Train Acc: 96.28% | Val Loss: 0.1157 - Val Acc: 96.18%
2026-07-04 20:34:38,862 - Epoch [07/100] | Train Loss: 0.0769 - Train Acc: 97.09% | Val Loss: 0.0867 - Val Acc: 96.56%
2026-07-04 20:34:41,457 - Epoch [08/100] | Train Loss: 0.0694 - Train Acc: 97.77% | Val Loss: 0.4401 - Val Acc: 83.17%
2026-07-04 20:34:44,047 - Epoch [09/100] | Train Loss: 0.0706 - Train Acc: 97.77% | Val Loss: 0.0858 - Val Acc: 97.32%
2026-07-04 20:34:46,638 - Epoch [10/100] | Train Loss: 0.0619 - Train Acc: 97.56% | Val Loss: 0.1403 - Val Acc: 95.41%
2026-07-04 20:34:49,222 - Epoch [11/100] | Train Loss: 0.0587 - Train Acc: 98.07% | Val Loss: 0.3213 - Val Acc: 90.44%
2026-07-04 20:34:51,814 - Epoch [12/100] | Train Loss: 0.0420 - Train Acc: 98.47% | Val Loss: 0.1875 - Val Acc: 94.46%
2026-07-04 20:34:54,404 - Epoch [13/100] | Train Loss: 0.0513 - Train Acc: 98.28% | Val Loss: 0.1021 - Val Acc: 97.13%
2026-07-04 20:34:56,995 - Epoch [14/100] | Train Loss: 0.0472 - Train Acc: 98.17% | Val Loss: 0.0856 - Val Acc: 97.90%
2026-07-04 20:34:59,586 - Epoch [15/100] | Train Loss: 0.0546 - Train Acc: 98.11% | Val Loss: 0.0696 - Val Acc: 97.51%
2026-07-04 20:35:02,182 - Epoch [16/100] | Train Loss: 0.0375 - Train Acc: 98.47% | Val Loss: 0.0755 - Val Acc: 96.94%
2026-07-04 20:35:04,773 - Epoch [17/100] | Train Loss: 0.0536 - Train Acc: 98.11% | Val Loss: 0.0852 - Val Acc: 96.75%
2026-07-04 20:35:07,361 - Epoch [18/100] | Train Loss: 0.0409 - Train Acc: 98.68% | Val Loss: 0.0740 - Val Acc: 97.51%
2026-07-04 20:35:09,953 - Epoch [19/100] | Train Loss: 0.0238 - Train Acc: 99.09% | Val Loss: 0.0914 - Val Acc: 97.51%
2026-07-04 20:35:12,543 - Epoch [20/100] | Train Loss: 0.0330 - Train Acc: 98.94% | Val Loss: 0.1340 - Val Acc: 96.75%
2026-07-04 20:35:15,132 - Epoch [21/100] | Train Loss: 0.0326 - Train Acc: 98.77% | Val Loss: 0.0912 - Val Acc: 96.37%
2026-07-04 20:35:17,722 - Epoch [22/100] | Train Loss: 0.0186 - Train Acc: 99.32% | Val Loss: 0.0838 - Val Acc: 98.28%
2026-07-04 20:35:20,315 - Epoch [23/100] | Train Loss: 0.0298 - Train Acc: 99.15% | Val Loss: 0.7335 - Val Acc: 85.09%
2026-07-04 20:35:22,909 - Epoch [24/100] | Train Loss: 0.0493 - Train Acc: 98.07% | Val Loss: 0.0965 - Val Acc: 97.32%
2026-07-04 20:35:25,499 - Epoch [25/100] | Train Loss: 0.0271 - Train Acc: 99.07% | Val Loss: 0.0840 - Val Acc: 97.13%
2026-07-04 20:35:28,086 - Epoch [26/100] | Train Loss: 0.0326 - Train Acc: 99.00% | Val Loss: 0.0840 - Val Acc: 97.90%
2026-07-04 20:35:30,674 - Epoch [27/100] | Train Loss: 0.0253 - Train Acc: 99.36% | Val Loss: 0.1287 - Val Acc: 95.60%
2026-07-04 20:35:33,266 - Epoch [28/100] | Train Loss: 0.0309 - Train Acc: 99.11% | Val Loss: 0.0897 - Val Acc: 97.32%
2026-07-04 20:35:35,855 - Epoch [29/100] | Train Loss: 0.0234 - Train Acc: 99.24% | Val Loss: 0.1200 - Val Acc: 97.51%
2026-07-04 20:35:38,443 - Epoch [30/100] | Train Loss: 0.0102 - Train Acc: 99.58% | Val Loss: 0.1226 - Val Acc: 98.28%
2026-07-04 20:35:41,032 - Epoch [31/100] | Train Loss: 0.0368 - Train Acc: 98.90% | Val Loss: 0.2563 - Val Acc: 93.31%
2026-07-04 20:35:43,623 - Epoch [32/100] | Train Loss: 0.0166 - Train Acc: 99.41% | Val Loss: 0.1401 - Val Acc: 96.37%
2026-07-04 20:35:46,217 - Epoch [33/100] | Train Loss: 0.0162 - Train Acc: 99.34% | Val Loss: 0.2877 - Val Acc: 93.31%
2026-07-04 20:35:48,804 - Epoch [34/100] | Train Loss: 0.0167 - Train Acc: 99.45% | Val Loss: 0.1161 - Val Acc: 97.13%
2026-07-04 20:35:51,393 - Epoch [35/100] | Train Loss: 0.0111 - Train Acc: 99.68% | Val Loss: 0.2053 - Val Acc: 95.79%
2026-07-04 20:35:53,989 - Epoch [36/100] | Train Loss: 0.0143 - Train Acc: 99.64% | Val Loss: 0.1049 - Val Acc: 98.09%
2026-07-04 20:35:56,577 - Epoch [37/100] | Train Loss: 0.0078 - Train Acc: 99.66% | Val Loss: 0.1093 - Val Acc: 97.71%
2026-07-04 20:35:59,165 - Epoch [38/100] | Train Loss: 0.0010 - Train Acc: 99.98% | Val Loss: 0.1540 - Val Acc: 97.90%
2026-07-04 20:36:01,754 - Epoch [39/100] | Train Loss: 0.0170 - Train Acc: 99.26% | Val Loss: 0.1692 - Val Acc: 95.98%
2026-07-04 20:36:04,343 - Epoch [40/100] | Train Loss: 0.0070 - Train Acc: 99.77% | Val Loss: 0.1120 - Val Acc: 98.28%
2026-07-04 20:36:06,935 - Epoch [41/100] | Train Loss: 0.0115 - Train Acc: 99.58% | Val Loss: 0.2392 - Val Acc: 96.75%
2026-07-04 20:36:09,527 - Epoch [42/100] | Train Loss: 0.0590 - Train Acc: 98.13% | Val Loss: 0.0697 - Val Acc: 98.09%
2026-07-04 20:36:12,117 - Epoch [43/100] | Train Loss: 0.0184 - Train Acc: 99.45% | Val Loss: 0.1859 - Val Acc: 95.79%
2026-07-04 20:36:14,705 - Epoch [44/100] | Train Loss: 0.0135 - Train Acc: 99.55% | Val Loss: 0.2658 - Val Acc: 96.56%
2026-07-04 20:36:17,293 - Epoch [45/100] | Train Loss: 0.0442 - Train Acc: 98.43% | Val Loss: 0.1006 - Val Acc: 97.51%
2026-07-04 20:36:19,883 - Epoch [46/100] | Train Loss: 0.0087 - Train Acc: 99.64% | Val Loss: 0.1253 - Val Acc: 98.09%
2026-07-04 20:36:22,472 - Epoch [47/100] | Train Loss: 0.0048 - Train Acc: 99.83% | Val Loss: 0.1875 - Val Acc: 97.51%
2026-07-04 20:36:25,059 - Epoch [48/100] | Train Loss: 0.0237 - Train Acc: 99.17% | Val Loss: 0.1683 - Val Acc: 97.13%
2026-07-04 20:36:27,650 - Epoch [49/100] | Train Loss: 0.0148 - Train Acc: 99.66% | Val Loss: 0.0629 - Val Acc: 98.28%
2026-07-04 20:36:30,247 - Epoch [50/100] | Train Loss: 0.0178 - Train Acc: 99.47% | Val Loss: 0.3547 - Val Acc: 93.88%
2026-07-04 20:36:32,836 - Epoch [51/100] | Train Loss: 0.0110 - Train Acc: 99.60% | Val Loss: 0.1794 - Val Acc: 97.32%
2026-07-04 20:36:35,427 - Epoch [52/100] | Train Loss: 0.0140 - Train Acc: 99.62% | Val Loss: 0.1214 - Val Acc: 98.28%
2026-07-04 20:36:38,021 - Epoch [53/100] | Train Loss: 0.0030 - Train Acc: 99.85% | Val Loss: 0.1338 - Val Acc: 98.28%
2026-07-04 20:36:40,608 - Epoch [54/100] | Train Loss: 0.0041 - Train Acc: 99.89% | Val Loss: 0.1336 - Val Acc: 97.71%
2026-07-04 20:36:43,198 - Epoch [55/100] | Train Loss: 0.0153 - Train Acc: 99.68% | Val Loss: 0.1926 - Val Acc: 96.37%
2026-07-04 20:36:45,789 - Epoch [56/100] | Train Loss: 0.0204 - Train Acc: 99.38% | Val Loss: 0.1973 - Val Acc: 96.75%
2026-07-04 20:36:48,375 - Epoch [57/100] | Train Loss: 0.0160 - Train Acc: 99.49% | Val Loss: 0.1814 - Val Acc: 96.37%
2026-07-04 20:36:50,968 - Epoch [58/100] | Train Loss: 0.0072 - Train Acc: 99.77% | Val Loss: 0.3198 - Val Acc: 96.56%
2026-07-04 20:36:53,557 - Epoch [59/100] | Train Loss: 0.0111 - Train Acc: 99.66% | Val Loss: 0.1076 - Val Acc: 98.09%
2026-07-04 20:36:56,147 - Epoch [60/100] | Train Loss: 0.0058 - Train Acc: 99.81% | Val Loss: 0.1303 - Val Acc: 97.51%
2026-07-04 20:36:58,737 - Epoch [61/100] | Train Loss: 0.0054 - Train Acc: 99.81% | Val Loss: 0.7200 - Val Acc: 94.26%
2026-07-04 20:37:01,329 - Epoch [62/100] | Train Loss: 0.0287 - Train Acc: 99.26% | Val Loss: 0.1838 - Val Acc: 95.98%
2026-07-04 20:37:03,921 - Epoch [63/100] | Train Loss: 0.0108 - Train Acc: 99.72% | Val Loss: 0.1642 - Val Acc: 97.32%
2026-07-04 20:37:06,509 - Epoch [64/100] | Train Loss: 0.0054 - Train Acc: 99.77% | Val Loss: 0.1779 - Val Acc: 98.09%
2026-07-04 20:37:09,100 - Epoch [65/100] | Train Loss: 0.0011 - Train Acc: 99.98% | Val Loss: 0.4636 - Val Acc: 97.13%
2026-07-04 20:37:11,692 - Epoch [66/100] | Train Loss: 0.0229 - Train Acc: 99.28% | Val Loss: 0.1658 - Val Acc: 97.13%
2026-07-04 20:37:14,281 - Epoch [67/100] | Train Loss: 0.0021 - Train Acc: 99.96% | Val Loss: 0.1919 - Val Acc: 97.90%
2026-07-04 20:37:16,869 - Epoch [68/100] | Train Loss: 0.0046 - Train Acc: 99.87% | Val Loss: 0.1427 - Val Acc: 97.71%
2026-07-04 20:37:19,457 - Epoch [69/100] | Train Loss: 0.0062 - Train Acc: 99.83% | Val Loss: 0.2557 - Val Acc: 97.90%
2026-07-04 20:37:22,047 - Epoch [70/100] | Train Loss: 0.0030 - Train Acc: 99.92% | Val Loss: 0.2258 - Val Acc: 97.90%
2026-07-04 20:37:24,636 - Epoch [71/100] | Train Loss: 0.0204 - Train Acc: 99.43% | Val Loss: 0.2903 - Val Acc: 97.32%
2026-07-04 20:37:27,225 - Epoch [72/100] | Train Loss: 0.0017 - Train Acc: 99.94% | Val Loss: 0.2902 - Val Acc: 97.90%
2026-07-04 20:37:29,814 - Epoch [73/100] | Train Loss: 0.0247 - Train Acc: 99.34% | Val Loss: 0.1542 - Val Acc: 96.94%
2026-07-04 20:37:32,404 - Epoch [74/100] | Train Loss: 0.0089 - Train Acc: 99.68% | Val Loss: 0.1575 - Val Acc: 96.37%
2026-07-04 20:37:34,994 - Epoch [75/100] | Train Loss: 0.0077 - Train Acc: 99.72% | Val Loss: 0.1444 - Val Acc: 97.32%
2026-07-04 20:37:37,583 - Epoch [76/100] | Train Loss: 0.0015 - Train Acc: 99.98% | Val Loss: 0.3052 - Val Acc: 97.51%
2026-07-04 20:37:40,174 - Epoch [77/100] | Train Loss: 0.0222 - Train Acc: 99.15% | Val Loss: 0.1188 - Val Acc: 97.51%
2026-07-04 20:37:42,765 - Epoch [78/100] | Train Loss: 0.0040 - Train Acc: 99.83% | Val Loss: 0.1483 - Val Acc: 97.51%
2026-07-04 20:37:45,357 - Epoch [79/100] | Train Loss: 0.0012 - Train Acc: 99.98% | Val Loss: 0.1713 - Val Acc: 97.90%
2026-07-04 20:37:47,945 - Epoch [80/100] | Train Loss: 0.0022 - Train Acc: 99.92% | Val Loss: 0.1773 - Val Acc: 98.09%
2026-07-04 20:37:50,532 - Epoch [81/100] | Train Loss: 0.0082 - Train Acc: 99.68% | Val Loss: 0.0936 - Val Acc: 98.28%
2026-07-04 20:37:53,122 - Epoch [82/100] | Train Loss: 0.0004 - Train Acc: 100.00% | Val Loss: 0.1246 - Val Acc: 98.47%
2026-07-04 20:37:55,713 - Epoch [83/100] | Train Loss: 0.0002 - Train Acc: 100.00% | Val Loss: 0.1593 - Val Acc: 98.66%
2026-07-04 20:37:58,303 - Epoch [84/100] | Train Loss: 0.0000 - Train Acc: 100.00% | Val Loss: 0.1721 - Val Acc: 98.28%
2026-07-04 20:38:00,891 - Epoch [85/100] | Train Loss: 0.0000 - Train Acc: 100.00% | Val Loss: 0.1816 - Val Acc: 98.28%
2026-07-04 20:38:03,483 - Epoch [86/100] | Train Loss: 0.0000 - Train Acc: 100.00% | Val Loss: 0.1946 - Val Acc: 98.28%
2026-07-04 20:38:06,071 - Epoch [87/100] | Train Loss: 0.0000 - Train Acc: 100.00% | Val Loss: 0.2061 - Val Acc: 98.47%
2026-07-04 20:38:08,665 - Epoch [88/100] | Train Loss: 0.0000 - Train Acc: 100.00% | Val Loss: 0.2004 - Val Acc: 98.47%
2026-07-04 20:38:11,252 - Epoch [89/100] | Train Loss: 0.0000 - Train Acc: 100.00% | Val Loss: 0.2214 - Val Acc: 98.47%
2026-07-04 20:38:13,840 - Epoch [90/100] | Train Loss: 0.0000 - Train Acc: 100.00% | Val Loss: 0.2170 - Val Acc: 98.28%
2026-07-04 20:38:16,432 - Epoch [91/100] | Train Loss: 0.0000 - Train Acc: 100.00% | Val Loss: 0.2070 - Val Acc: 98.28%
2026-07-04 20:38:19,023 - Epoch [92/100] | Train Loss: 0.0234 - Train Acc: 99.26% | Val Loss: 0.1912 - Val Acc: 96.56%
2026-07-04 20:38:21,612 - Epoch [93/100] | Train Loss: 0.0476 - Train Acc: 98.66% | Val Loss: 0.1134 - Val Acc: 97.71%
2026-07-04 20:38:24,201 - Epoch [94/100] | Train Loss: 0.0127 - Train Acc: 99.43% | Val Loss: 0.1128 - Val Acc: 97.71%
2026-07-04 20:38:26,788 - Epoch [95/100] | Train Loss: 0.0007 - Train Acc: 99.98% | Val Loss: 0.2310 - Val Acc: 98.28%
2026-07-04 20:38:29,380 - Epoch [96/100] | Train Loss: 0.0187 - Train Acc: 99.30% | Val Loss: 0.1315 - Val Acc: 97.13%
2026-07-04 20:38:31,968 - Epoch [97/100] | Train Loss: 0.0136 - Train Acc: 99.70% | Val Loss: 0.1511 - Val Acc: 97.32%
2026-07-04 20:38:34,554 - Epoch [98/100] | Train Loss: 0.0085 - Train Acc: 99.68% | Val Loss: 0.2185 - Val Acc: 97.32%
2026-07-04 20:38:37,144 - Epoch [99/100] | Train Loss: 0.0007 - Train Acc: 99.98% | Val Loss: 0.2328 - Val Acc: 98.66%
2026-07-04 20:38:39,735 - Epoch [100/100] | Train Loss: 0.0024 - Train Acc: 99.92% | Val Loss: 0.8332 - Val Acc: 92.73%
2026-07-04 20:38:39,735 - --------------------------------------------------
2026-07-04 20:38:39,735 - Training Complete!
2026-07-04 20:38:39,735 - Total Training Time: 259.04 seconds
2026-07-04 20:38:39,736 - Peak GPU Memory (allocated): 898.20 MB
2026-07-04 20:38:39,967 - 
 Starting Training Routine...
2026-07-04 20:38:39,967 - --------------------------------------------------
2026-07-04 20:38:43,997 - Epoch [01/100] | Train Loss: 1.0126 - Train Acc: 66.10% | Val Loss: 1.0155 - Val Acc: 65.92%
2026-07-04 20:38:48,009 - Epoch [02/100] | Train Loss: 0.9064 - Train Acc: 67.40% | Val Loss: 0.9185 - Val Acc: 65.92%
2026-07-04 20:38:52,034 - Epoch [03/100] | Train Loss: 0.9061 - Train Acc: 67.26% | Val Loss: 0.8694 - Val Acc: 67.29%
2026-07-04 20:38:56,050 - Epoch [04/100] | Train Loss: 0.8890 - Train Acc: 67.92% | Val Loss: 0.8776 - Val Acc: 67.04%
2026-07-04 20:39:00,059 - Epoch [05/100] | Train Loss: 0.8564 - Train Acc: 68.84% | Val Loss: 0.9018 - Val Acc: 66.92%
2026-07-04 20:39:04,070 - Epoch [06/100] | Train Loss: 0.8386 - Train Acc: 69.40% | Val Loss: 0.8289 - Val Acc: 70.54%
2026-07-04 20:39:08,099 - Epoch [07/100] | Train Loss: 0.8322 - Train Acc: 69.84% | Val Loss: 0.8199 - Val Acc: 70.41%
2026-07-04 20:39:12,119 - Epoch [08/100] | Train Loss: 0.8095 - Train Acc: 70.34% | Val Loss: 0.8153 - Val Acc: 70.16%
2026-07-04 20:39:16,133 - Epoch [09/100] | Train Loss: 0.8096 - Train Acc: 70.51% | Val Loss: 0.8428 - Val Acc: 68.79%
2026-07-04 20:39:20,147 - Epoch [10/100] | Train Loss: 0.7935 - Train Acc: 70.54% | Val Loss: 0.8604 - Val Acc: 69.66%
2026-07-04 20:39:24,163 - Epoch [11/100] | Train Loss: 0.7832 - Train Acc: 70.87% | Val Loss: 0.9377 - Val Acc: 68.16%
2026-07-04 20:39:28,178 - Epoch [12/100] | Train Loss: 0.7771 - Train Acc: 71.20% | Val Loss: 1.0141 - Val Acc: 64.54%
2026-07-04 20:39:32,193 - Epoch [13/100] | Train Loss: 0.7679 - Train Acc: 71.38% | Val Loss: 0.7481 - Val Acc: 73.28%
2026-07-04 20:39:36,210 - Epoch [14/100] | Train Loss: 0.7502 - Train Acc: 72.45% | Val Loss: 0.8371 - Val Acc: 71.29%
2026-07-04 20:39:40,224 - Epoch [15/100] | Train Loss: 0.7466 - Train Acc: 73.62% | Val Loss: 0.8079 - Val Acc: 71.16%
2026-07-04 20:39:44,242 - Epoch [16/100] | Train Loss: 0.7351 - Train Acc: 73.20% | Val Loss: 0.7707 - Val Acc: 71.91%
2026-07-04 20:39:48,257 - Epoch [17/100] | Train Loss: 0.7284 - Train Acc: 73.95% | Val Loss: 0.9155 - Val Acc: 69.29%
2026-07-04 20:39:52,270 - Epoch [18/100] | Train Loss: 0.7172 - Train Acc: 73.89% | Val Loss: 1.0890 - Val Acc: 63.30%
2026-07-04 20:39:56,285 - Epoch [19/100] | Train Loss: 0.7079 - Train Acc: 74.62% | Val Loss: 0.7588 - Val Acc: 73.03%
2026-07-04 20:40:00,298 - Epoch [20/100] | Train Loss: 0.7037 - Train Acc: 73.82% | Val Loss: 0.7486 - Val Acc: 74.53%
2026-07-04 20:40:04,312 - Epoch [21/100] | Train Loss: 0.6950 - Train Acc: 74.98% | Val Loss: 0.8239 - Val Acc: 71.16%
2026-07-04 20:40:08,327 - Epoch [22/100] | Train Loss: 0.6772 - Train Acc: 75.27% | Val Loss: 0.7338 - Val Acc: 75.16%
2026-07-04 20:40:12,344 - Epoch [23/100] | Train Loss: 0.6675 - Train Acc: 75.70% | Val Loss: 0.7756 - Val Acc: 73.66%
2026-07-04 20:40:16,355 - Epoch [24/100] | Train Loss: 0.6668 - Train Acc: 75.41% | Val Loss: 0.7570 - Val Acc: 73.78%
2026-07-04 20:40:20,369 - Epoch [25/100] | Train Loss: 0.6447 - Train Acc: 76.77% | Val Loss: 0.7062 - Val Acc: 75.78%
2026-07-04 20:40:24,386 - Epoch [26/100] | Train Loss: 0.6466 - Train Acc: 76.97% | Val Loss: 0.6998 - Val Acc: 74.78%
2026-07-04 20:40:28,409 - Epoch [27/100] | Train Loss: 0.6252 - Train Acc: 77.03% | Val Loss: 0.7657 - Val Acc: 71.29%
2026-07-04 20:40:32,424 - Epoch [28/100] | Train Loss: 0.6061 - Train Acc: 77.40% | Val Loss: 0.8908 - Val Acc: 71.04%
2026-07-04 20:40:36,438 - Epoch [29/100] | Train Loss: 0.6027 - Train Acc: 78.12% | Val Loss: 0.9657 - Val Acc: 70.41%
2026-07-04 20:40:40,453 - Epoch [30/100] | Train Loss: 0.5903 - Train Acc: 78.69% | Val Loss: 0.8849 - Val Acc: 66.54%
2026-07-04 20:40:44,467 - Epoch [31/100] | Train Loss: 0.5691 - Train Acc: 79.21% | Val Loss: 0.9861 - Val Acc: 70.66%
2026-07-04 20:40:48,479 - Epoch [32/100] | Train Loss: 0.5756 - Train Acc: 79.15% | Val Loss: 0.7652 - Val Acc: 75.53%
2026-07-04 20:40:52,497 - Epoch [33/100] | Train Loss: 0.5501 - Train Acc: 80.75% | Val Loss: 0.8861 - Val Acc: 69.04%
2026-07-04 20:40:56,508 - Epoch [34/100] | Train Loss: 0.5446 - Train Acc: 80.25% | Val Loss: 0.8716 - Val Acc: 72.41%
2026-07-04 20:41:00,521 - Epoch [35/100] | Train Loss: 0.5191 - Train Acc: 81.18% | Val Loss: 0.7676 - Val Acc: 75.53%
2026-07-04 20:41:04,536 - Epoch [36/100] | Train Loss: 0.6030 - Train Acc: 79.43% | Val Loss: 0.7575 - Val Acc: 72.28%
2026-07-04 20:41:08,552 - Epoch [37/100] | Train Loss: 0.5154 - Train Acc: 81.16% | Val Loss: 0.8421 - Val Acc: 74.03%
2026-07-04 20:41:12,567 - Epoch [38/100] | Train Loss: 0.4802 - Train Acc: 82.98% | Val Loss: 0.9034 - Val Acc: 68.66%
2026-07-04 20:41:16,583 - Epoch [39/100] | Train Loss: 0.4801 - Train Acc: 82.87% | Val Loss: 1.0271 - Val Acc: 66.42%
2026-07-04 20:41:20,600 - Epoch [40/100] | Train Loss: 0.4421 - Train Acc: 84.56% | Val Loss: 0.8656 - Val Acc: 71.79%
2026-07-04 20:41:24,617 - Epoch [41/100] | Train Loss: 0.4198 - Train Acc: 84.89% | Val Loss: 0.9974 - Val Acc: 72.03%
2026-07-04 20:41:28,630 - Epoch [42/100] | Train Loss: 0.4116 - Train Acc: 85.00% | Val Loss: 0.7625 - Val Acc: 75.41%
2026-07-04 20:41:32,644 - Epoch [43/100] | Train Loss: 0.3821 - Train Acc: 86.03% | Val Loss: 0.9106 - Val Acc: 70.29%
2026-07-04 20:41:36,662 - Epoch [44/100] | Train Loss: 0.3777 - Train Acc: 86.54% | Val Loss: 1.0364 - Val Acc: 70.66%
2026-07-04 20:41:40,676 - Epoch [45/100] | Train Loss: 0.3358 - Train Acc: 87.72% | Val Loss: 1.0183 - Val Acc: 73.03%
2026-07-04 20:41:44,693 - Epoch [46/100] | Train Loss: 0.3220 - Train Acc: 88.51% | Val Loss: 0.9762 - Val Acc: 72.66%
2026-07-04 20:41:48,704 - Epoch [47/100] | Train Loss: 0.3162 - Train Acc: 88.85% | Val Loss: 1.0672 - Val Acc: 68.66%
2026-07-04 20:41:52,716 - Epoch [48/100] | Train Loss: 0.2799 - Train Acc: 89.86% | Val Loss: 1.1953 - Val Acc: 73.91%
2026-07-04 20:41:56,736 - Epoch [49/100] | Train Loss: 0.2625 - Train Acc: 90.83% | Val Loss: 0.9931 - Val Acc: 71.29%
2026-07-04 20:42:00,749 - Epoch [50/100] | Train Loss: 0.2580 - Train Acc: 90.72% | Val Loss: 1.1964 - Val Acc: 70.79%
2026-07-04 20:42:04,767 - Epoch [51/100] | Train Loss: 0.2409 - Train Acc: 91.43% | Val Loss: 1.0294 - Val Acc: 69.16%
2026-07-04 20:42:08,782 - Epoch [52/100] | Train Loss: 0.2126 - Train Acc: 93.09% | Val Loss: 1.0779 - Val Acc: 74.41%
2026-07-04 20:42:12,796 - Epoch [53/100] | Train Loss: 0.2025 - Train Acc: 93.23% | Val Loss: 1.3250 - Val Acc: 69.66%
2026-07-04 20:42:16,813 - Epoch [54/100] | Train Loss: 0.1841 - Train Acc: 93.54% | Val Loss: 1.4212 - Val Acc: 74.41%
2026-07-04 20:42:20,830 - Epoch [55/100] | Train Loss: 0.1698 - Train Acc: 93.95% | Val Loss: 1.1971 - Val Acc: 74.91%
2026-07-04 20:42:24,844 - Epoch [56/100] | Train Loss: 0.1595 - Train Acc: 94.55% | Val Loss: 1.2603 - Val Acc: 71.66%
2026-07-04 20:42:28,860 - Epoch [57/100] | Train Loss: 0.1562 - Train Acc: 94.40% | Val Loss: 1.1433 - Val Acc: 75.16%
2026-07-04 20:42:32,873 - Epoch [58/100] | Train Loss: 0.1400 - Train Acc: 95.30% | Val Loss: 1.5176 - Val Acc: 73.53%
2026-07-04 20:42:36,887 - Epoch [59/100] | Train Loss: 0.1473 - Train Acc: 95.37% | Val Loss: 1.2805 - Val Acc: 73.53%
2026-07-04 20:42:40,902 - Epoch [60/100] | Train Loss: 0.1102 - Train Acc: 96.23% | Val Loss: 1.4812 - Val Acc: 74.28%
2026-07-04 20:42:44,916 - Epoch [61/100] | Train Loss: 0.1180 - Train Acc: 96.03% | Val Loss: 1.8133 - Val Acc: 68.04%
2026-07-04 20:42:48,928 - Epoch [62/100] | Train Loss: 0.1249 - Train Acc: 95.88% | Val Loss: 1.6800 - Val Acc: 71.29%
2026-07-04 20:42:52,942 - Epoch [63/100] | Train Loss: 0.1072 - Train Acc: 96.49% | Val Loss: 1.4342 - Val Acc: 73.91%
2026-07-04 20:42:56,960 - Epoch [64/100] | Train Loss: 0.0888 - Train Acc: 97.03% | Val Loss: 1.6870 - Val Acc: 71.66%
2026-07-04 20:43:00,976 - Epoch [65/100] | Train Loss: 0.0731 - Train Acc: 97.84% | Val Loss: 1.7634 - Val Acc: 72.53%
2026-07-04 20:43:04,993 - Epoch [66/100] | Train Loss: 0.0790 - Train Acc: 97.56% | Val Loss: 1.6527 - Val Acc: 72.66%
2026-07-04 20:43:09,009 - Epoch [67/100] | Train Loss: 0.0847 - Train Acc: 97.05% | Val Loss: 1.6425 - Val Acc: 72.16%
2026-07-04 20:43:13,023 - Epoch [68/100] | Train Loss: 0.3039 - Train Acc: 92.56% | Val Loss: 1.1225 - Val Acc: 75.16%
2026-07-04 20:43:17,036 - Epoch [69/100] | Train Loss: 0.1275 - Train Acc: 95.85% | Val Loss: 1.2940 - Val Acc: 70.79%
2026-07-04 20:43:21,049 - Epoch [70/100] | Train Loss: 0.0677 - Train Acc: 97.81% | Val Loss: 1.6631 - Val Acc: 75.16%
2026-07-04 20:43:25,064 - Epoch [71/100] | Train Loss: 0.0708 - Train Acc: 97.70% | Val Loss: 1.7522 - Val Acc: 72.53%
2026-07-04 20:43:29,079 - Epoch [72/100] | Train Loss: 0.0667 - Train Acc: 97.99% | Val Loss: 1.9834 - Val Acc: 73.41%
2026-07-04 20:43:33,093 - Epoch [73/100] | Train Loss: 0.0638 - Train Acc: 97.71% | Val Loss: 1.7385 - Val Acc: 71.41%
2026-07-04 20:43:37,107 - Epoch [74/100] | Train Loss: 0.0555 - Train Acc: 98.18% | Val Loss: 1.8451 - Val Acc: 73.53%
2026-07-04 20:43:41,119 - Epoch [75/100] | Train Loss: 0.0542 - Train Acc: 98.29% | Val Loss: 1.7814 - Val Acc: 73.78%
2026-07-04 20:43:45,134 - Epoch [76/100] | Train Loss: 0.0653 - Train Acc: 97.91% | Val Loss: 1.6616 - Val Acc: 71.91%
2026-07-04 20:43:49,147 - Epoch [77/100] | Train Loss: 0.0460 - Train Acc: 98.50% | Val Loss: 1.8801 - Val Acc: 73.91%
2026-07-04 20:43:53,161 - Epoch [78/100] | Train Loss: 0.0404 - Train Acc: 98.72% | Val Loss: 2.0418 - Val Acc: 68.29%
2026-07-04 20:43:57,172 - Epoch [79/100] | Train Loss: 0.0521 - Train Acc: 98.32% | Val Loss: 1.5497 - Val Acc: 72.16%
2026-07-04 20:44:01,186 - Epoch [80/100] | Train Loss: 0.0416 - Train Acc: 98.70% | Val Loss: 1.7171 - Val Acc: 73.78%
2026-07-04 20:44:05,200 - Epoch [81/100] | Train Loss: 0.0683 - Train Acc: 97.82% | Val Loss: 1.8449 - Val Acc: 69.66%
2026-07-04 20:44:09,217 - Epoch [82/100] | Train Loss: 0.0550 - Train Acc: 98.06% | Val Loss: 1.5972 - Val Acc: 71.91%
2026-07-04 20:44:13,229 - Epoch [83/100] | Train Loss: 0.0434 - Train Acc: 98.74% | Val Loss: 1.7545 - Val Acc: 73.03%
2026-07-04 20:44:17,242 - Epoch [84/100] | Train Loss: 0.0521 - Train Acc: 98.39% | Val Loss: 1.7881 - Val Acc: 71.54%
2026-07-04 20:44:21,256 - Epoch [85/100] | Train Loss: 0.0593 - Train Acc: 98.25% | Val Loss: 1.3282 - Val Acc: 74.66%
2026-07-04 20:44:25,269 - Epoch [86/100] | Train Loss: 0.0259 - Train Acc: 99.18% | Val Loss: 1.8059 - Val Acc: 73.28%
2026-07-04 20:44:29,284 - Epoch [87/100] | Train Loss: 0.0346 - Train Acc: 98.92% | Val Loss: 1.7250 - Val Acc: 74.91%
2026-07-04 20:44:33,300 - Epoch [88/100] | Train Loss: 0.0441 - Train Acc: 98.46% | Val Loss: 1.8543 - Val Acc: 73.03%
2026-07-04 20:44:37,313 - Epoch [89/100] | Train Loss: 0.0362 - Train Acc: 98.93% | Val Loss: 1.6934 - Val Acc: 74.91%
2026-07-04 20:44:41,328 - Epoch [90/100] | Train Loss: 0.0399 - Train Acc: 98.59% | Val Loss: 2.0686 - Val Acc: 73.91%
2026-07-04 20:44:45,345 - Epoch [91/100] | Train Loss: 0.0430 - Train Acc: 98.65% | Val Loss: 1.8254 - Val Acc: 75.41%
2026-07-04 20:44:49,356 - Epoch [92/100] | Train Loss: 0.0366 - Train Acc: 98.78% | Val Loss: 2.0705 - Val Acc: 75.16%
2026-07-04 20:44:53,374 - Epoch [93/100] | Train Loss: 0.0494 - Train Acc: 98.50% | Val Loss: 1.6638 - Val Acc: 73.66%
2026-07-04 20:44:57,390 - Epoch [94/100] | Train Loss: 0.0301 - Train Acc: 99.03% | Val Loss: 1.8774 - Val Acc: 73.28%
2026-07-04 20:45:01,405 - Epoch [95/100] | Train Loss: 0.0491 - Train Acc: 98.40% | Val Loss: 1.9025 - Val Acc: 74.66%
2026-07-04 20:45:05,419 - Epoch [96/100] | Train Loss: 0.0343 - Train Acc: 98.90% | Val Loss: 1.9611 - Val Acc: 70.66%
2026-07-04 20:45:09,431 - Epoch [97/100] | Train Loss: 0.0535 - Train Acc: 98.17% | Val Loss: 1.7272 - Val Acc: 75.03%
2026-07-04 20:45:13,448 - Epoch [98/100] | Train Loss: 0.0274 - Train Acc: 99.25% | Val Loss: 1.7151 - Val Acc: 74.16%
2026-07-04 20:45:17,464 - Epoch [99/100] | Train Loss: 0.0384 - Train Acc: 98.86% | Val Loss: 1.8008 - Val Acc: 75.78%
2026-07-04 20:45:21,479 - Epoch [100/100] | Train Loss: 0.0334 - Train Acc: 99.04% | Val Loss: 1.7895 - Val Acc: 75.03%
2026-07-04 20:45:21,479 - --------------------------------------------------
2026-07-04 20:45:21,479 - Training Complete!
2026-07-04 20:45:21,479 - Total Training Time: 401.51 seconds
2026-07-04 20:45:21,479 - Peak GPU Memory (allocated): 900.90 MB
2026-07-04 20:45:21,640 - 
 Starting Training Routine...
2026-07-04 20:45:21,641 - --------------------------------------------------
2026-07-04 20:45:29,278 - Epoch [01/100] | Train Loss: 1.2040 - Train Acc: 55.17% | Val Loss: 0.6636 - Val Acc: 77.80%
2026-07-04 20:45:36,903 - Epoch [02/100] | Train Loss: 0.5750 - Train Acc: 77.48% | Val Loss: 0.2577 - Val Acc: 87.76%
2026-07-04 20:45:44,525 - Epoch [03/100] | Train Loss: 0.4373 - Train Acc: 81.89% | Val Loss: 0.3980 - Val Acc: 86.39%
2026-07-04 20:45:52,141 - Epoch [04/100] | Train Loss: 0.3750 - Train Acc: 85.88% | Val Loss: 0.1794 - Val Acc: 92.38%
2026-07-04 20:45:59,769 - Epoch [05/100] | Train Loss: 0.2971 - Train Acc: 88.21% | Val Loss: 0.1788 - Val Acc: 92.71%
2026-07-04 20:46:07,384 - Epoch [06/100] | Train Loss: 0.2621 - Train Acc: 89.84% | Val Loss: 0.1386 - Val Acc: 95.44%
2026-07-04 20:46:15,005 - Epoch [07/100] | Train Loss: 0.2443 - Train Acc: 91.35% | Val Loss: 0.1919 - Val Acc: 96.81%
2026-07-04 20:46:22,624 - Epoch [08/100] | Train Loss: 0.2093 - Train Acc: 92.97% | Val Loss: 0.1017 - Val Acc: 97.79%
2026-07-04 20:46:30,245 - Epoch [09/100] | Train Loss: 0.1693 - Train Acc: 94.19% | Val Loss: 0.0905 - Val Acc: 97.79%
2026-07-04 20:46:37,867 - Epoch [10/100] | Train Loss: 0.1620 - Train Acc: 94.79% | Val Loss: 0.0772 - Val Acc: 98.05%
2026-07-04 20:46:45,501 - Epoch [11/100] | Train Loss: 0.1417 - Train Acc: 95.42% | Val Loss: 0.0898 - Val Acc: 97.20%
2026-07-04 20:46:53,121 - Epoch [12/100] | Train Loss: 0.1499 - Train Acc: 95.13% | Val Loss: 0.0607 - Val Acc: 98.50%
2026-07-04 20:47:00,743 - Epoch [13/100] | Train Loss: 0.1228 - Train Acc: 96.08% | Val Loss: 0.2375 - Val Acc: 94.73%
2026-07-04 20:47:08,355 - Epoch [14/100] | Train Loss: 0.1253 - Train Acc: 96.10% | Val Loss: 0.1371 - Val Acc: 96.68%
2026-07-04 20:47:15,970 - Epoch [15/100] | Train Loss: 0.1321 - Train Acc: 95.92% | Val Loss: 0.1055 - Val Acc: 97.27%
2026-07-04 20:47:23,581 - Epoch [16/100] | Train Loss: 0.1360 - Train Acc: 95.75% | Val Loss: 0.1528 - Val Acc: 97.33%
2026-07-04 20:47:31,191 - Epoch [17/100] | Train Loss: 0.0804 - Train Acc: 97.45% | Val Loss: 0.1315 - Val Acc: 97.01%
2026-07-04 20:47:38,799 - Epoch [18/100] | Train Loss: 0.1139 - Train Acc: 96.41% | Val Loss: 0.2162 - Val Acc: 94.53%
2026-07-04 20:47:46,408 - Epoch [19/100] | Train Loss: 0.0822 - Train Acc: 97.36% | Val Loss: 0.0721 - Val Acc: 98.05%
2026-07-04 20:47:54,020 - Epoch [20/100] | Train Loss: 0.0743 - Train Acc: 97.76% | Val Loss: 0.1234 - Val Acc: 97.66%
2026-07-04 20:48:01,631 - Epoch [21/100] | Train Loss: 0.0617 - Train Acc: 98.00% | Val Loss: 0.0957 - Val Acc: 97.85%
2026-07-04 20:48:09,239 - Epoch [22/100] | Train Loss: 0.0837 - Train Acc: 97.55% | Val Loss: 0.0661 - Val Acc: 98.18%
2026-07-04 20:48:16,849 - Epoch [23/100] | Train Loss: 0.0601 - Train Acc: 98.19% | Val Loss: 0.0687 - Val Acc: 98.50%
2026-07-04 20:48:24,461 - Epoch [24/100] | Train Loss: 0.0511 - Train Acc: 98.36% | Val Loss: 0.0414 - Val Acc: 98.89%
2026-07-04 20:48:32,085 - Epoch [25/100] | Train Loss: 0.0730 - Train Acc: 97.85% | Val Loss: 0.0545 - Val Acc: 98.83%
2026-07-04 20:48:39,701 - Epoch [26/100] | Train Loss: 0.0489 - Train Acc: 98.46% | Val Loss: 0.0135 - Val Acc: 99.35%
2026-07-04 20:48:47,326 - Epoch [27/100] | Train Loss: 0.0415 - Train Acc: 98.73% | Val Loss: 0.1231 - Val Acc: 96.94%
2026-07-04 20:48:54,947 - Epoch [28/100] | Train Loss: 0.0437 - Train Acc: 98.58% | Val Loss: 0.0590 - Val Acc: 98.89%
2026-07-04 20:49:02,556 - Epoch [29/100] | Train Loss: 0.0470 - Train Acc: 98.56% | Val Loss: 0.1092 - Val Acc: 98.37%
2026-07-04 20:49:10,177 - Epoch [30/100] | Train Loss: 0.0480 - Train Acc: 98.66% | Val Loss: 0.1620 - Val Acc: 96.68%
2026-07-04 20:49:17,797 - Epoch [31/100] | Train Loss: 0.0464 - Train Acc: 98.57% | Val Loss: 0.0263 - Val Acc: 99.48%
2026-07-04 20:49:25,416 - Epoch [32/100] | Train Loss: 0.0688 - Train Acc: 97.90% | Val Loss: 0.0661 - Val Acc: 98.96%
2026-07-04 20:49:33,034 - Epoch [33/100] | Train Loss: 0.0652 - Train Acc: 98.21% | Val Loss: 0.0384 - Val Acc: 98.63%
2026-07-04 20:49:40,655 - Epoch [34/100] | Train Loss: 0.0300 - Train Acc: 99.07% | Val Loss: 0.0412 - Val Acc: 99.15%
2026-07-04 20:49:48,267 - Epoch [35/100] | Train Loss: 0.0364 - Train Acc: 98.81% | Val Loss: 0.0308 - Val Acc: 99.22%
2026-07-04 20:49:55,883 - Epoch [36/100] | Train Loss: 0.0258 - Train Acc: 99.19% | Val Loss: 0.0785 - Val Acc: 98.76%
2026-07-04 20:50:03,499 - Epoch [37/100] | Train Loss: 0.0519 - Train Acc: 98.91% | Val Loss: 0.1191 - Val Acc: 97.66%
2026-07-04 20:50:11,112 - Epoch [38/100] | Train Loss: 0.1030 - Train Acc: 97.45% | Val Loss: 0.0715 - Val Acc: 98.76%
2026-07-04 20:50:18,726 - Epoch [39/100] | Train Loss: 0.0404 - Train Acc: 99.05% | Val Loss: 0.0464 - Val Acc: 98.76%
2026-07-04 20:50:26,342 - Epoch [40/100] | Train Loss: 0.1254 - Train Acc: 96.42% | Val Loss: 0.0377 - Val Acc: 98.89%
2026-07-04 20:50:33,954 - Epoch [41/100] | Train Loss: 0.0447 - Train Acc: 98.65% | Val Loss: 0.0342 - Val Acc: 98.83%
2026-07-04 20:50:41,571 - Epoch [42/100] | Train Loss: 0.0319 - Train Acc: 99.04% | Val Loss: 0.0360 - Val Acc: 99.15%
2026-07-04 20:50:49,186 - Epoch [43/100] | Train Loss: 0.0173 - Train Acc: 99.41% | Val Loss: 0.0427 - Val Acc: 99.15%
2026-07-04 20:50:56,803 - Epoch [44/100] | Train Loss: 0.0215 - Train Acc: 99.39% | Val Loss: 0.0810 - Val Acc: 99.02%
2026-07-04 20:51:04,419 - Epoch [45/100] | Train Loss: 0.0118 - Train Acc: 99.62% | Val Loss: 0.0770 - Val Acc: 99.02%
2026-07-04 20:51:12,033 - Epoch [46/100] | Train Loss: 0.0207 - Train Acc: 99.39% | Val Loss: 0.0493 - Val Acc: 98.89%
2026-07-04 20:51:19,651 - Epoch [47/100] | Train Loss: 0.0173 - Train Acc: 99.44% | Val Loss: 0.0273 - Val Acc: 99.22%
2026-07-04 20:51:27,267 - Epoch [48/100] | Train Loss: 0.0214 - Train Acc: 99.39% | Val Loss: 0.0385 - Val Acc: 99.35%
2026-07-04 20:51:34,879 - Epoch [49/100] | Train Loss: 0.0238 - Train Acc: 99.37% | Val Loss: 0.0270 - Val Acc: 99.48%
2026-07-04 20:51:42,494 - Epoch [50/100] | Train Loss: 0.0290 - Train Acc: 99.26% | Val Loss: 0.0682 - Val Acc: 98.37%
2026-07-04 20:51:50,117 - Epoch [51/100] | Train Loss: 0.0216 - Train Acc: 99.27% | Val Loss: 0.0537 - Val Acc: 98.96%
2026-07-04 20:51:57,724 - Epoch [52/100] | Train Loss: 0.0132 - Train Acc: 99.54% | Val Loss: 0.0721 - Val Acc: 98.76%
2026-07-04 20:52:05,335 - Epoch [53/100] | Train Loss: 0.0579 - Train Acc: 98.46% | Val Loss: 0.0339 - Val Acc: 99.22%
2026-07-04 20:52:12,951 - Epoch [54/100] | Train Loss: 0.0227 - Train Acc: 99.33% | Val Loss: 0.0428 - Val Acc: 99.22%
2026-07-04 20:52:20,562 - Epoch [55/100] | Train Loss: 0.0405 - Train Acc: 99.05% | Val Loss: 0.1251 - Val Acc: 98.31%
2026-07-04 20:52:28,175 - Epoch [56/100] | Train Loss: 0.0191 - Train Acc: 99.44% | Val Loss: 0.0975 - Val Acc: 99.02%
2026-07-04 20:52:35,788 - Epoch [57/100] | Train Loss: 0.1062 - Train Acc: 97.25% | Val Loss: 0.0523 - Val Acc: 98.89%
2026-07-04 20:52:43,403 - Epoch [58/100] | Train Loss: 0.0292 - Train Acc: 99.18% | Val Loss: 0.0487 - Val Acc: 99.09%
2026-07-04 20:52:51,017 - Epoch [59/100] | Train Loss: 0.0170 - Train Acc: 99.52% | Val Loss: 0.0665 - Val Acc: 99.02%
2026-07-04 20:52:58,630 - Epoch [60/100] | Train Loss: 0.0130 - Train Acc: 99.57% | Val Loss: 0.0487 - Val Acc: 99.09%
2026-07-04 20:53:06,245 - Epoch [61/100] | Train Loss: 0.0105 - Train Acc: 99.65% | Val Loss: 0.0612 - Val Acc: 98.96%
2026-07-04 20:53:13,856 - Epoch [62/100] | Train Loss: 0.0088 - Train Acc: 99.75% | Val Loss: 0.0615 - Val Acc: 98.96%
2026-07-04 20:53:21,470 - Epoch [63/100] | Train Loss: 0.0172 - Train Acc: 99.46% | Val Loss: 0.0450 - Val Acc: 99.09%
2026-07-04 20:53:29,085 - Epoch [64/100] | Train Loss: 0.0071 - Train Acc: 99.79% | Val Loss: 0.0516 - Val Acc: 99.22%
2026-07-04 20:53:36,701 - Epoch [65/100] | Train Loss: 0.0066 - Train Acc: 99.80% | Val Loss: 0.0453 - Val Acc: 99.09%
2026-07-04 20:53:44,319 - Epoch [66/100] | Train Loss: 0.0275 - Train Acc: 99.28% | Val Loss: 0.0752 - Val Acc: 98.70%
2026-07-04 20:53:51,939 - Epoch [67/100] | Train Loss: 0.0158 - Train Acc: 99.66% | Val Loss: 0.0639 - Val Acc: 98.96%
2026-07-04 20:53:59,556 - Epoch [68/100] | Train Loss: 0.0679 - Train Acc: 98.37% | Val Loss: 1.5662 - Val Acc: 96.42%
2026-07-04 20:54:07,168 - Epoch [69/100] | Train Loss: 0.0452 - Train Acc: 99.18% | Val Loss: 0.0703 - Val Acc: 99.09%
2026-07-04 20:54:14,787 - Epoch [70/100] | Train Loss: 0.0076 - Train Acc: 99.79% | Val Loss: 0.0674 - Val Acc: 99.09%
2026-07-04 20:54:22,402 - Epoch [71/100] | Train Loss: 0.0139 - Train Acc: 99.63% | Val Loss: 0.0800 - Val Acc: 99.09%
2026-07-04 20:54:30,013 - Epoch [72/100] | Train Loss: 0.0171 - Train Acc: 99.60% | Val Loss: 0.0494 - Val Acc: 99.22%
2026-07-04 20:54:37,630 - Epoch [73/100] | Train Loss: 0.0151 - Train Acc: 99.61% | Val Loss: 0.0369 - Val Acc: 99.15%
2026-07-04 20:54:45,245 - Epoch [74/100] | Train Loss: 0.0064 - Train Acc: 99.86% | Val Loss: 0.0592 - Val Acc: 99.09%
2026-07-04 20:54:52,858 - Epoch [75/100] | Train Loss: 0.0191 - Train Acc: 99.47% | Val Loss: 0.0703 - Val Acc: 98.89%
2026-07-04 20:55:00,473 - Epoch [76/100] | Train Loss: 0.0081 - Train Acc: 99.76% | Val Loss: 0.0664 - Val Acc: 98.89%
2026-07-04 20:55:08,088 - Epoch [77/100] | Train Loss: 0.0125 - Train Acc: 99.62% | Val Loss: 0.0950 - Val Acc: 99.02%
2026-07-04 20:55:15,703 - Epoch [78/100] | Train Loss: 0.0040 - Train Acc: 99.86% | Val Loss: 0.1240 - Val Acc: 99.02%
2026-07-04 20:55:23,317 - Epoch [79/100] | Train Loss: 0.0147 - Train Acc: 99.62% | Val Loss: 0.1015 - Val Acc: 98.89%
2026-07-04 20:55:30,930 - Epoch [80/100] | Train Loss: 0.0155 - Train Acc: 99.64% | Val Loss: 0.0381 - Val Acc: 99.22%
2026-07-04 20:55:38,547 - Epoch [81/100] | Train Loss: 0.0164 - Train Acc: 99.60% | Val Loss: 0.0270 - Val Acc: 99.54%
2026-07-04 20:55:46,166 - Epoch [82/100] | Train Loss: 0.0072 - Train Acc: 99.83% | Val Loss: 0.0418 - Val Acc: 99.28%
2026-07-04 20:55:53,780 - Epoch [83/100] | Train Loss: 0.0182 - Train Acc: 99.50% | Val Loss: 0.0618 - Val Acc: 99.22%
2026-07-04 20:56:01,400 - Epoch [84/100] | Train Loss: 0.0202 - Train Acc: 99.51% | Val Loss: 0.1272 - Val Acc: 98.44%
2026-07-04 20:56:09,014 - Epoch [85/100] | Train Loss: 0.0264 - Train Acc: 99.28% | Val Loss: 0.1007 - Val Acc: 98.96%
2026-07-04 20:56:16,632 - Epoch [86/100] | Train Loss: 0.0090 - Train Acc: 99.68% | Val Loss: 0.0599 - Val Acc: 99.09%
2026-07-04 20:56:24,243 - Epoch [87/100] | Train Loss: 0.0145 - Train Acc: 99.61% | Val Loss: 0.0320 - Val Acc: 99.28%
2026-07-04 20:56:31,854 - Epoch [88/100] | Train Loss: 0.0070 - Train Acc: 99.78% | Val Loss: 0.0390 - Val Acc: 99.22%
2026-07-04 20:56:39,470 - Epoch [89/100] | Train Loss: 0.0069 - Train Acc: 99.83% | Val Loss: 0.0451 - Val Acc: 99.22%
2026-07-04 20:56:47,090 - Epoch [90/100] | Train Loss: 0.0081 - Train Acc: 99.79% | Val Loss: 0.0453 - Val Acc: 99.02%
2026-07-04 20:56:54,710 - Epoch [91/100] | Train Loss: 0.0069 - Train Acc: 99.80% | Val Loss: 0.0291 - Val Acc: 99.35%
2026-07-04 20:57:02,322 - Epoch [92/100] | Train Loss: 0.0125 - Train Acc: 99.75% | Val Loss: 0.0349 - Val Acc: 99.41%
2026-07-04 20:57:09,928 - Epoch [93/100] | Train Loss: 0.0170 - Train Acc: 99.54% | Val Loss: 0.0496 - Val Acc: 99.09%
2026-07-04 20:57:17,538 - Epoch [94/100] | Train Loss: 0.0049 - Train Acc: 99.78% | Val Loss: 0.0372 - Val Acc: 99.41%
2026-07-04 20:57:25,149 - Epoch [95/100] | Train Loss: 0.0267 - Train Acc: 99.34% | Val Loss: 0.0262 - Val Acc: 99.35%
2026-07-04 20:57:32,765 - Epoch [96/100] | Train Loss: 0.0114 - Train Acc: 99.64% | Val Loss: 0.0434 - Val Acc: 99.22%
2026-07-04 20:57:40,388 - Epoch [97/100] | Train Loss: 0.0183 - Train Acc: 99.39% | Val Loss: 0.0612 - Val Acc: 98.57%
2026-07-04 20:57:48,005 - Epoch [98/100] | Train Loss: 0.0039 - Train Acc: 99.86% | Val Loss: 0.0308 - Val Acc: 99.48%
2026-07-04 20:57:55,621 - Epoch [99/100] | Train Loss: 0.0063 - Train Acc: 99.83% | Val Loss: 0.0348 - Val Acc: 99.41%
2026-07-04 20:58:03,240 - Epoch [100/100] | Train Loss: 0.0055 - Train Acc: 99.80% | Val Loss: 0.0698 - Val Acc: 99.28%
2026-07-04 20:58:03,240 - --------------------------------------------------
2026-07-04 20:58:03,240 - Training Complete!
2026-07-04 20:58:03,240 - Total Training Time: 761.60 seconds
2026-07-04 20:58:03,241 - Peak GPU Memory (allocated): 898.42 MB
2026-07-04 20:58:03,376 - 
 Starting Training Routine...
2026-07-04 20:58:03,376 - --------------------------------------------------
2026-07-04 20:58:03,442 - Epoch [01/50] | Train Loss: 5.5827 - Train Acc: 53.33% | Val Loss: 5.3391 - Val Acc: 58.00%
2026-07-04 20:58:03,488 - Epoch [02/50] | Train Loss: 4.5148 - Train Acc: 56.44% | Val Loss: 3.9467 - Val Acc: 62.00%
2026-07-04 20:58:03,533 - Epoch [03/50] | Train Loss: 3.8756 - Train Acc: 58.67% | Val Loss: 3.3425 - Val Acc: 62.00%
2026-07-04 20:58:03,580 - Epoch [04/50] | Train Loss: 3.2764 - Train Acc: 61.56% | Val Loss: 2.8809 - Val Acc: 62.00%
2026-07-04 20:58:03,625 - Epoch [05/50] | Train Loss: 2.7747 - Train Acc: 64.00% | Val Loss: 2.2877 - Val Acc: 66.00%
2026-07-04 20:58:03,671 - Epoch [06/50] | Train Loss: 2.5283 - Train Acc: 62.22% | Val Loss: 2.1050 - Val Acc: 68.00%
2026-07-04 20:58:03,716 - Epoch [07/50] | Train Loss: 2.0863 - Train Acc: 64.44% | Val Loss: 1.8305 - Val Acc: 66.00%
2026-07-04 20:58:03,761 - Epoch [08/50] | Train Loss: 1.9516 - Train Acc: 64.67% | Val Loss: 1.6464 - Val Acc: 68.00%
2026-07-04 20:58:03,807 - Epoch [09/50] | Train Loss: 1.8870 - Train Acc: 65.56% | Val Loss: 1.5861 - Val Acc: 70.00%
2026-07-04 20:58:03,854 - Epoch [10/50] | Train Loss: 1.7952 - Train Acc: 65.56% | Val Loss: 1.4425 - Val Acc: 68.00%
2026-07-04 20:58:03,899 - Epoch [11/50] | Train Loss: 1.6920 - Train Acc: 64.67% | Val Loss: 1.3512 - Val Acc: 70.00%
2026-07-04 20:58:03,944 - Epoch [12/50] | Train Loss: 1.4686 - Train Acc: 65.33% | Val Loss: 1.2173 - Val Acc: 70.00%
2026-07-04 20:58:03,990 - Epoch [13/50] | Train Loss: 1.3577 - Train Acc: 66.67% | Val Loss: 1.1599 - Val Acc: 68.00%
2026-07-04 20:58:04,035 - Epoch [14/50] | Train Loss: 1.3019 - Train Acc: 68.44% | Val Loss: 1.1561 - Val Acc: 70.00%
2026-07-04 20:58:04,079 - Epoch [15/50] | Train Loss: 1.2624 - Train Acc: 67.33% | Val Loss: 1.0279 - Val Acc: 70.00%
2026-07-04 20:58:04,124 - Epoch [16/50] | Train Loss: 1.1161 - Train Acc: 68.44% | Val Loss: 1.0053 - Val Acc: 70.00%
2026-07-04 20:58:04,169 - Epoch [17/50] | Train Loss: 1.2398 - Train Acc: 70.89% | Val Loss: 1.0008 - Val Acc: 72.00%
2026-07-04 20:58:04,213 - Epoch [18/50] | Train Loss: 1.0903 - Train Acc: 71.33% | Val Loss: 0.9250 - Val Acc: 70.00%
2026-07-04 20:58:04,259 - Epoch [19/50] | Train Loss: 1.0267 - Train Acc: 70.67% | Val Loss: 1.0075 - Val Acc: 74.00%
2026-07-04 20:58:04,302 - Epoch [20/50] | Train Loss: 0.9911 - Train Acc: 68.44% | Val Loss: 0.9035 - Val Acc: 74.00%
2026-07-04 20:58:04,348 - Epoch [21/50] | Train Loss: 0.9019 - Train Acc: 70.44% | Val Loss: 0.9675 - Val Acc: 74.00%
2026-07-04 20:58:04,394 - Epoch [22/50] | Train Loss: 0.8483 - Train Acc: 71.56% | Val Loss: 1.0543 - Val Acc: 76.00%
2026-07-04 20:58:04,439 - Epoch [23/50] | Train Loss: 0.8767 - Train Acc: 74.67% | Val Loss: 1.0209 - Val Acc: 76.00%
2026-07-04 20:58:04,483 - Epoch [24/50] | Train Loss: 0.7981 - Train Acc: 74.89% | Val Loss: 0.9727 - Val Acc: 76.00%
2026-07-04 20:58:04,528 - Epoch [25/50] | Train Loss: 0.8507 - Train Acc: 73.56% | Val Loss: 0.9460 - Val Acc: 74.00%
2026-07-04 20:58:04,572 - Epoch [26/50] | Train Loss: 0.7670 - Train Acc: 74.00% | Val Loss: 0.8828 - Val Acc: 74.00%
2026-07-04 20:58:04,619 - Epoch [27/50] | Train Loss: 0.7801 - Train Acc: 73.11% | Val Loss: 0.8434 - Val Acc: 74.00%
2026-07-04 20:58:04,664 - Epoch [28/50] | Train Loss: 0.7618 - Train Acc: 75.11% | Val Loss: 0.8733 - Val Acc: 74.00%
2026-07-04 20:58:04,708 - Epoch [29/50] | Train Loss: 0.7060 - Train Acc: 75.33% | Val Loss: 0.9785 - Val Acc: 72.00%
2026-07-04 20:58:04,752 - Epoch [30/50] | Train Loss: 0.7479 - Train Acc: 76.89% | Val Loss: 0.8222 - Val Acc: 76.00%
2026-07-04 20:58:04,798 - Epoch [31/50] | Train Loss: 0.6731 - Train Acc: 76.89% | Val Loss: 0.8800 - Val Acc: 74.00%
2026-07-04 20:58:04,841 - Epoch [32/50] | Train Loss: 0.6077 - Train Acc: 79.11% | Val Loss: 0.8735 - Val Acc: 74.00%
2026-07-04 20:58:04,885 - Epoch [33/50] | Train Loss: 0.6672 - Train Acc: 76.89% | Val Loss: 0.8340 - Val Acc: 76.00%
2026-07-04 20:58:04,929 - Epoch [34/50] | Train Loss: 0.6462 - Train Acc: 78.44% | Val Loss: 0.7995 - Val Acc: 74.00%
2026-07-04 20:58:04,975 - Epoch [35/50] | Train Loss: 0.6435 - Train Acc: 76.00% | Val Loss: 0.7904 - Val Acc: 74.00%
2026-07-04 20:58:05,020 - Epoch [36/50] | Train Loss: 0.5932 - Train Acc: 80.67% | Val Loss: 0.8336 - Val Acc: 78.00%
2026-07-04 20:58:05,065 - Epoch [37/50] | Train Loss: 0.5952 - Train Acc: 79.33% | Val Loss: 0.7887 - Val Acc: 76.00%
2026-07-04 20:58:05,109 - Epoch [38/50] | Train Loss: 0.6547 - Train Acc: 76.89% | Val Loss: 0.8098 - Val Acc: 80.00%
2026-07-04 20:58:05,153 - Epoch [39/50] | Train Loss: 0.5877 - Train Acc: 80.44% | Val Loss: 0.7693 - Val Acc: 78.00%
2026-07-04 20:58:05,198 - Epoch [40/50] | Train Loss: 0.5601 - Train Acc: 79.78% | Val Loss: 0.8060 - Val Acc: 80.00%
2026-07-04 20:58:05,243 - Epoch [41/50] | Train Loss: 0.5327 - Train Acc: 82.67% | Val Loss: 0.7276 - Val Acc: 78.00%
2026-07-04 20:58:05,288 - Epoch [42/50] | Train Loss: 0.5029 - Train Acc: 83.11% | Val Loss: 0.7512 - Val Acc: 82.00%
2026-07-04 20:58:05,332 - Epoch [43/50] | Train Loss: 0.5233 - Train Acc: 80.89% | Val Loss: 0.7060 - Val Acc: 82.00%
2026-07-04 20:58:05,376 - Epoch [44/50] | Train Loss: 0.5252 - Train Acc: 80.44% | Val Loss: 0.7199 - Val Acc: 82.00%
2026-07-04 20:58:05,421 - Epoch [45/50] | Train Loss: 0.4968 - Train Acc: 83.78% | Val Loss: 0.7769 - Val Acc: 80.00%
2026-07-04 20:58:05,464 - Epoch [46/50] | Train Loss: 0.4246 - Train Acc: 85.56% | Val Loss: 0.8320 - Val Acc: 80.00%
2026-07-04 20:58:05,508 - Epoch [47/50] | Train Loss: 0.5076 - Train Acc: 82.67% | Val Loss: 0.7909 - Val Acc: 80.00%
2026-07-04 20:58:05,553 - Epoch [48/50] | Train Loss: 0.4295 - Train Acc: 85.33% | Val Loss: 0.8444 - Val Acc: 80.00%
2026-07-04 20:58:05,595 - Epoch [49/50] | Train Loss: 0.4187 - Train Acc: 85.11% | Val Loss: 0.7997 - Val Acc: 80.00%
2026-07-04 20:58:05,639 - Epoch [50/50] | Train Loss: 0.4598 - Train Acc: 83.56% | Val Loss: 0.6991 - Val Acc: 78.00%
2026-07-04 20:58:05,640 - --------------------------------------------------
2026-07-04 20:58:05,641 - Training Complete!
2026-07-04 20:58:05,641 - Total Training Time: 2.26 seconds
2026-07-04 20:58:05,641 - Peak GPU Memory (allocated): 210.06 MB
2026-07-04 20:58:05,777 - 
 Starting Training Routine...
2026-07-04 20:58:05,777 - --------------------------------------------------
2026-07-04 20:58:06,058 - Epoch [01/50] | Train Loss: 4.7784 - Train Acc: 59.11% | Val Loss: 2.8721 - Val Acc: 62.00%
2026-07-04 20:58:06,319 - Epoch [02/50] | Train Loss: 3.6630 - Train Acc: 61.56% | Val Loss: 2.5820 - Val Acc: 64.00%
2026-07-04 20:58:06,581 - Epoch [03/50] | Train Loss: 3.2005 - Train Acc: 62.00% | Val Loss: 2.4391 - Val Acc: 62.00%
2026-07-04 20:58:06,842 - Epoch [04/50] | Train Loss: 2.9018 - Train Acc: 61.11% | Val Loss: 2.2739 - Val Acc: 62.00%
2026-07-04 20:58:07,103 - Epoch [05/50] | Train Loss: 2.3922 - Train Acc: 64.00% | Val Loss: 2.1472 - Val Acc: 62.00%
2026-07-04 20:58:07,364 - Epoch [06/50] | Train Loss: 2.2579 - Train Acc: 65.56% | Val Loss: 2.0820 - Val Acc: 64.00%
2026-07-04 20:58:07,626 - Epoch [07/50] | Train Loss: 2.0548 - Train Acc: 64.44% | Val Loss: 1.9182 - Val Acc: 64.00%
2026-07-04 20:58:07,887 - Epoch [08/50] | Train Loss: 2.0983 - Train Acc: 64.44% | Val Loss: 1.8122 - Val Acc: 64.00%
2026-07-04 20:58:08,147 - Epoch [09/50] | Train Loss: 1.6057 - Train Acc: 65.56% | Val Loss: 1.6439 - Val Acc: 66.00%
2026-07-04 20:58:08,408 - Epoch [10/50] | Train Loss: 1.7688 - Train Acc: 65.11% | Val Loss: 1.8405 - Val Acc: 64.00%
2026-07-04 20:58:08,663 - Epoch [11/50] | Train Loss: 1.5560 - Train Acc: 64.44% | Val Loss: 1.7510 - Val Acc: 66.00%
2026-07-04 20:58:08,918 - Epoch [12/50] | Train Loss: 1.5849 - Train Acc: 68.00% | Val Loss: 1.5918 - Val Acc: 68.00%
2026-07-04 20:58:09,183 - Epoch [13/50] | Train Loss: 1.4310 - Train Acc: 68.00% | Val Loss: 1.4883 - Val Acc: 66.00%
2026-07-04 20:58:09,443 - Epoch [14/50] | Train Loss: 1.3421 - Train Acc: 66.44% | Val Loss: 1.4472 - Val Acc: 64.00%
2026-07-04 20:58:09,704 - Epoch [15/50] | Train Loss: 1.5611 - Train Acc: 67.33% | Val Loss: 1.2742 - Val Acc: 64.00%
2026-07-04 20:58:09,964 - Epoch [16/50] | Train Loss: 1.3839 - Train Acc: 67.33% | Val Loss: 1.2475 - Val Acc: 64.00%
2026-07-04 20:58:10,227 - Epoch [17/50] | Train Loss: 1.2728 - Train Acc: 68.22% | Val Loss: 1.1866 - Val Acc: 68.00%
2026-07-04 20:58:10,489 - Epoch [18/50] | Train Loss: 1.2683 - Train Acc: 68.00% | Val Loss: 1.1996 - Val Acc: 64.00%
2026-07-04 20:58:10,747 - Epoch [19/50] | Train Loss: 1.2541 - Train Acc: 68.22% | Val Loss: 1.2268 - Val Acc: 64.00%
2026-07-04 20:58:11,002 - Epoch [20/50] | Train Loss: 1.2402 - Train Acc: 70.22% | Val Loss: 1.0218 - Val Acc: 62.00%
2026-07-04 20:58:11,264 - Epoch [21/50] | Train Loss: 1.0459 - Train Acc: 69.11% | Val Loss: 1.0449 - Val Acc: 64.00%
2026-07-04 20:58:11,518 - Epoch [22/50] | Train Loss: 1.0491 - Train Acc: 70.89% | Val Loss: 1.0464 - Val Acc: 66.00%
2026-07-04 20:58:11,775 - Epoch [23/50] | Train Loss: 1.1040 - Train Acc: 69.33% | Val Loss: 0.9506 - Val Acc: 66.00%
2026-07-04 20:58:12,035 - Epoch [24/50] | Train Loss: 1.0747 - Train Acc: 71.56% | Val Loss: 0.9707 - Val Acc: 68.00%
2026-07-04 20:58:12,292 - Epoch [25/50] | Train Loss: 1.0434 - Train Acc: 68.67% | Val Loss: 0.8765 - Val Acc: 66.00%
2026-07-04 20:58:12,551 - Epoch [26/50] | Train Loss: 1.0537 - Train Acc: 69.33% | Val Loss: 0.8606 - Val Acc: 70.00%
2026-07-04 20:58:12,814 - Epoch [27/50] | Train Loss: 1.0446 - Train Acc: 70.22% | Val Loss: 0.9379 - Val Acc: 70.00%
2026-07-04 20:58:13,069 - Epoch [28/50] | Train Loss: 0.9687 - Train Acc: 72.22% | Val Loss: 0.9521 - Val Acc: 72.00%
2026-07-04 20:58:13,325 - Epoch [29/50] | Train Loss: 0.8520 - Train Acc: 71.78% | Val Loss: 0.9417 - Val Acc: 68.00%
2026-07-04 20:58:13,579 - Epoch [30/50] | Train Loss: 0.9370 - Train Acc: 72.22% | Val Loss: 0.8395 - Val Acc: 66.00%
2026-07-04 20:58:13,840 - Epoch [31/50] | Train Loss: 0.9365 - Train Acc: 71.11% | Val Loss: 0.8497 - Val Acc: 64.00%
2026-07-04 20:58:14,096 - Epoch [32/50] | Train Loss: 0.8351 - Train Acc: 73.78% | Val Loss: 0.8407 - Val Acc: 68.00%
2026-07-04 20:58:14,352 - Epoch [33/50] | Train Loss: 0.8793 - Train Acc: 74.44% | Val Loss: 0.8399 - Val Acc: 66.00%
2026-07-04 20:58:14,610 - Epoch [34/50] | Train Loss: 0.8515 - Train Acc: 73.33% | Val Loss: 0.8206 - Val Acc: 66.00%
2026-07-04 20:58:14,869 - Epoch [35/50] | Train Loss: 0.8610 - Train Acc: 74.89% | Val Loss: 0.7823 - Val Acc: 66.00%
2026-07-04 20:58:15,130 - Epoch [36/50] | Train Loss: 0.7854 - Train Acc: 73.78% | Val Loss: 0.7607 - Val Acc: 68.00%
2026-07-04 20:58:15,391 - Epoch [37/50] | Train Loss: 0.7462 - Train Acc: 74.00% | Val Loss: 0.7262 - Val Acc: 74.00%
2026-07-04 20:58:15,651 - Epoch [38/50] | Train Loss: 0.8330 - Train Acc: 74.67% | Val Loss: 0.7475 - Val Acc: 72.00%
2026-07-04 20:58:15,907 - Epoch [39/50] | Train Loss: 0.8047 - Train Acc: 74.67% | Val Loss: 0.7412 - Val Acc: 68.00%
2026-07-04 20:58:16,164 - Epoch [40/50] | Train Loss: 0.8220 - Train Acc: 76.22% | Val Loss: 0.7143 - Val Acc: 70.00%
2026-07-04 20:58:16,424 - Epoch [41/50] | Train Loss: 0.7902 - Train Acc: 75.78% | Val Loss: 0.6763 - Val Acc: 70.00%
2026-07-04 20:58:16,685 - Epoch [42/50] | Train Loss: 0.7389 - Train Acc: 76.89% | Val Loss: 0.6223 - Val Acc: 72.00%
2026-07-04 20:58:16,948 - Epoch [43/50] | Train Loss: 0.7596 - Train Acc: 74.00% | Val Loss: 0.6480 - Val Acc: 72.00%
2026-07-04 20:58:17,206 - Epoch [44/50] | Train Loss: 0.7347 - Train Acc: 76.00% | Val Loss: 0.6167 - Val Acc: 72.00%
2026-07-04 20:58:17,471 - Epoch [45/50] | Train Loss: 0.6651 - Train Acc: 78.89% | Val Loss: 0.6393 - Val Acc: 72.00%
2026-07-04 20:58:17,727 - Epoch [46/50] | Train Loss: 0.6657 - Train Acc: 76.22% | Val Loss: 0.6438 - Val Acc: 76.00%
2026-07-04 20:58:17,984 - Epoch [47/50] | Train Loss: 0.6594 - Train Acc: 77.33% | Val Loss: 0.6789 - Val Acc: 74.00%
2026-07-04 20:58:18,241 - Epoch [48/50] | Train Loss: 0.7458 - Train Acc: 76.22% | Val Loss: 0.6221 - Val Acc: 76.00%
2026-07-04 20:58:18,497 - Epoch [49/50] | Train Loss: 0.7348 - Train Acc: 77.33% | Val Loss: 0.6099 - Val Acc: 74.00%
2026-07-04 20:58:18,761 - Epoch [50/50] | Train Loss: 0.7076 - Train Acc: 77.78% | Val Loss: 0.6313 - Val Acc: 72.00%
2026-07-04 20:58:18,761 - --------------------------------------------------
2026-07-04 20:58:18,761 - Training Complete!
2026-07-04 20:58:18,761 - Total Training Time: 12.98 seconds
2026-07-04 20:58:18,761 - Peak GPU Memory (allocated): 899.04 MB
2026-07-04 20:58:18,901 - 
 Starting Training Routine...
2026-07-04 20:58:18,901 - --------------------------------------------------
2026-07-04 20:58:19,440 - Epoch [01/50] | Train Loss: 2.7353 - Train Acc: 64.22% | Val Loss: 1.9372 - Val Acc: 72.00%
2026-07-04 20:58:19,970 - Epoch [02/50] | Train Loss: 2.3093 - Train Acc: 67.11% | Val Loss: 1.7173 - Val Acc: 80.00%
2026-07-04 20:58:20,502 - Epoch [03/50] | Train Loss: 1.9862 - Train Acc: 70.22% | Val Loss: 1.6659 - Val Acc: 74.00%
2026-07-04 20:58:21,034 - Epoch [04/50] | Train Loss: 1.8794 - Train Acc: 72.00% | Val Loss: 1.5346 - Val Acc: 74.00%
2026-07-04 20:58:21,567 - Epoch [05/50] | Train Loss: 1.7025 - Train Acc: 72.89% | Val Loss: 1.4102 - Val Acc: 76.00%
2026-07-04 20:58:22,097 - Epoch [06/50] | Train Loss: 1.5620 - Train Acc: 74.67% | Val Loss: 1.4030 - Val Acc: 78.00%
2026-07-04 20:58:22,628 - Epoch [07/50] | Train Loss: 1.4446 - Train Acc: 75.56% | Val Loss: 1.2892 - Val Acc: 78.00%
2026-07-04 20:58:23,160 - Epoch [08/50] | Train Loss: 1.4034 - Train Acc: 76.67% | Val Loss: 1.2876 - Val Acc: 78.00%
2026-07-04 20:58:23,685 - Epoch [09/50] | Train Loss: 1.2751 - Train Acc: 75.78% | Val Loss: 1.2532 - Val Acc: 76.00%
2026-07-04 20:58:24,216 - Epoch [10/50] | Train Loss: 1.2415 - Train Acc: 78.67% | Val Loss: 1.2153 - Val Acc: 80.00%
2026-07-04 20:58:24,747 - Epoch [11/50] | Train Loss: 1.1033 - Train Acc: 79.33% | Val Loss: 1.1591 - Val Acc: 80.00%
2026-07-04 20:58:25,277 - Epoch [12/50] | Train Loss: 1.0521 - Train Acc: 80.22% | Val Loss: 1.1133 - Val Acc: 82.00%
2026-07-04 20:58:25,810 - Epoch [13/50] | Train Loss: 0.9697 - Train Acc: 81.78% | Val Loss: 1.1173 - Val Acc: 80.00%
2026-07-04 20:58:26,334 - Epoch [14/50] | Train Loss: 0.9510 - Train Acc: 80.00% | Val Loss: 1.0760 - Val Acc: 80.00%
2026-07-04 20:58:26,865 - Epoch [15/50] | Train Loss: 0.9155 - Train Acc: 81.11% | Val Loss: 1.0878 - Val Acc: 82.00%
2026-07-04 20:58:27,388 - Epoch [16/50] | Train Loss: 0.8728 - Train Acc: 81.56% | Val Loss: 1.0036 - Val Acc: 78.00%
2026-07-04 20:58:27,919 - Epoch [17/50] | Train Loss: 0.7989 - Train Acc: 82.67% | Val Loss: 0.9526 - Val Acc: 82.00%
2026-07-04 20:58:28,450 - Epoch [18/50] | Train Loss: 0.8348 - Train Acc: 81.11% | Val Loss: 0.9350 - Val Acc: 82.00%
2026-07-04 20:58:28,980 - Epoch [19/50] | Train Loss: 0.6974 - Train Acc: 82.89% | Val Loss: 0.9736 - Val Acc: 80.00%
2026-07-04 20:58:29,505 - Epoch [20/50] | Train Loss: 0.7104 - Train Acc: 82.44% | Val Loss: 0.9750 - Val Acc: 80.00%
2026-07-04 20:58:30,029 - Epoch [21/50] | Train Loss: 0.6568 - Train Acc: 83.56% | Val Loss: 0.9530 - Val Acc: 78.00%
2026-07-04 20:58:30,553 - Epoch [22/50] | Train Loss: 0.6609 - Train Acc: 84.44% | Val Loss: 0.9481 - Val Acc: 82.00%
2026-07-04 20:58:31,078 - Epoch [23/50] | Train Loss: 0.6062 - Train Acc: 84.67% | Val Loss: 0.8685 - Val Acc: 82.00%
2026-07-04 20:58:31,609 - Epoch [24/50] | Train Loss: 0.5904 - Train Acc: 85.78% | Val Loss: 0.8743 - Val Acc: 82.00%
2026-07-04 20:58:32,134 - Epoch [25/50] | Train Loss: 0.5562 - Train Acc: 85.11% | Val Loss: 0.8796 - Val Acc: 84.00%
2026-07-04 20:58:32,659 - Epoch [26/50] | Train Loss: 0.5627 - Train Acc: 87.33% | Val Loss: 0.8488 - Val Acc: 84.00%
2026-07-04 20:58:33,190 - Epoch [27/50] | Train Loss: 0.5035 - Train Acc: 86.89% | Val Loss: 0.9486 - Val Acc: 80.00%
2026-07-04 20:58:33,713 - Epoch [28/50] | Train Loss: 0.4865 - Train Acc: 86.89% | Val Loss: 0.9195 - Val Acc: 78.00%
2026-07-04 20:58:34,236 - Epoch [29/50] | Train Loss: 0.4783 - Train Acc: 88.67% | Val Loss: 0.8048 - Val Acc: 84.00%
2026-07-04 20:58:34,767 - Epoch [30/50] | Train Loss: 0.4347 - Train Acc: 88.67% | Val Loss: 0.7676 - Val Acc: 84.00%
2026-07-04 20:58:35,300 - Epoch [31/50] | Train Loss: 0.4146 - Train Acc: 89.11% | Val Loss: 0.7733 - Val Acc: 80.00%
2026-07-04 20:58:35,824 - Epoch [32/50] | Train Loss: 0.4125 - Train Acc: 89.78% | Val Loss: 0.7542 - Val Acc: 82.00%
2026-07-04 20:58:36,355 - Epoch [33/50] | Train Loss: 0.4373 - Train Acc: 88.67% | Val Loss: 0.7619 - Val Acc: 82.00%
2026-07-04 20:58:36,880 - Epoch [34/50] | Train Loss: 0.4072 - Train Acc: 89.33% | Val Loss: 0.8088 - Val Acc: 82.00%
2026-07-04 20:58:37,407 - Epoch [35/50] | Train Loss: 0.3945 - Train Acc: 88.89% | Val Loss: 0.7790 - Val Acc: 82.00%
2026-07-04 20:58:37,932 - Epoch [36/50] | Train Loss: 0.3502 - Train Acc: 90.89% | Val Loss: 0.8051 - Val Acc: 82.00%
2026-07-04 20:58:38,458 - Epoch [37/50] | Train Loss: 0.3354 - Train Acc: 89.78% | Val Loss: 0.7800 - Val Acc: 82.00%
2026-07-04 20:58:38,983 - Epoch [38/50] | Train Loss: 0.3257 - Train Acc: 91.78% | Val Loss: 0.7038 - Val Acc: 84.00%
2026-07-04 20:58:39,515 - Epoch [39/50] | Train Loss: 0.2837 - Train Acc: 90.89% | Val Loss: 0.7173 - Val Acc: 84.00%
2026-07-04 20:58:40,039 - Epoch [40/50] | Train Loss: 0.3171 - Train Acc: 92.00% | Val Loss: 0.7352 - Val Acc: 84.00%
2026-07-04 20:58:40,564 - Epoch [41/50] | Train Loss: 0.2922 - Train Acc: 92.22% | Val Loss: 0.7010 - Val Acc: 84.00%
2026-07-04 20:58:41,090 - Epoch [42/50] | Train Loss: 0.2840 - Train Acc: 91.78% | Val Loss: 0.7126 - Val Acc: 84.00%
2026-07-04 20:58:41,611 - Epoch [43/50] | Train Loss: 0.2744 - Train Acc: 92.22% | Val Loss: 0.7756 - Val Acc: 84.00%
2026-07-04 20:58:42,137 - Epoch [44/50] | Train Loss: 0.2998 - Train Acc: 92.22% | Val Loss: 0.7398 - Val Acc: 84.00%
2026-07-04 20:58:42,660 - Epoch [45/50] | Train Loss: 0.2666 - Train Acc: 92.67% | Val Loss: 0.7431 - Val Acc: 84.00%
2026-07-04 20:58:43,186 - Epoch [46/50] | Train Loss: 0.2245 - Train Acc: 93.11% | Val Loss: 0.7243 - Val Acc: 82.00%
2026-07-04 20:58:43,710 - Epoch [47/50] | Train Loss: 0.2615 - Train Acc: 93.56% | Val Loss: 0.7360 - Val Acc: 82.00%
2026-07-04 20:58:44,236 - Epoch [48/50] | Train Loss: 0.2660 - Train Acc: 92.89% | Val Loss: 0.7211 - Val Acc: 82.00%
2026-07-04 20:58:44,761 - Epoch [49/50] | Train Loss: 0.2242 - Train Acc: 94.22% | Val Loss: 0.7349 - Val Acc: 82.00%
2026-07-04 20:58:45,285 - Epoch [50/50] | Train Loss: 0.2176 - Train Acc: 93.33% | Val Loss: 0.7634 - Val Acc: 82.00%
2026-07-04 20:58:45,286 - --------------------------------------------------
2026-07-04 20:58:45,286 - Training Complete!
2026-07-04 20:58:45,286 - Total Training Time: 26.38 seconds
2026-07-04 20:58:45,286 - Peak GPU Memory (allocated): 1396.79 MB
2026-07-04 20:58:45,364 - 
 Starting Training Routine...
2026-07-04 20:58:45,365 - --------------------------------------------------
2026-07-04 20:58:45,410 - Epoch [01/100] | Train Loss: 2.3360 - Train Acc: 19.56% | Val Loss: 2.3708 - Val Acc: 18.00%
2026-07-04 20:58:45,456 - Epoch [02/100] | Train Loss: 2.2492 - Train Acc: 22.00% | Val Loss: 2.3589 - Val Acc: 18.00%
2026-07-04 20:58:45,501 - Epoch [03/100] | Train Loss: 2.1435 - Train Acc: 26.44% | Val Loss: 2.2500 - Val Acc: 20.00%
2026-07-04 20:58:45,547 - Epoch [04/100] | Train Loss: 1.9057 - Train Acc: 26.67% | Val Loss: 2.1642 - Val Acc: 10.00%
2026-07-04 20:58:45,592 - Epoch [05/100] | Train Loss: 1.8854 - Train Acc: 30.44% | Val Loss: 2.2359 - Val Acc: 26.00%
2026-07-04 20:58:45,635 - Epoch [06/100] | Train Loss: 1.8839 - Train Acc: 30.22% | Val Loss: 1.9427 - Val Acc: 32.00%
2026-07-04 20:58:45,680 - Epoch [07/100] | Train Loss: 1.5988 - Train Acc: 38.67% | Val Loss: 1.5907 - Val Acc: 40.00%
2026-07-04 20:58:45,726 - Epoch [08/100] | Train Loss: 1.4772 - Train Acc: 47.56% | Val Loss: 2.3824 - Val Acc: 26.00%
2026-07-04 20:58:45,770 - Epoch [09/100] | Train Loss: 1.6953 - Train Acc: 39.33% | Val Loss: 1.5189 - Val Acc: 42.00%
2026-07-04 20:58:45,815 - Epoch [10/100] | Train Loss: 1.4903 - Train Acc: 44.89% | Val Loss: 2.0952 - Val Acc: 18.00%
2026-07-04 20:58:45,859 - Epoch [11/100] | Train Loss: 1.6941 - Train Acc: 38.89% | Val Loss: 1.5955 - Val Acc: 40.00%
2026-07-04 20:58:45,903 - Epoch [12/100] | Train Loss: 1.3151 - Train Acc: 50.00% | Val Loss: 1.7055 - Val Acc: 44.00%
2026-07-04 20:58:45,947 - Epoch [13/100] | Train Loss: 1.2641 - Train Acc: 52.22% | Val Loss: 1.2856 - Val Acc: 46.00%
2026-07-04 20:58:45,992 - Epoch [14/100] | Train Loss: 1.2241 - Train Acc: 54.00% | Val Loss: 1.4188 - Val Acc: 52.00%
2026-07-04 20:58:46,036 - Epoch [15/100] | Train Loss: 1.0926 - Train Acc: 59.56% | Val Loss: 1.2622 - Val Acc: 50.00%
2026-07-04 20:58:46,081 - Epoch [16/100] | Train Loss: 1.1805 - Train Acc: 57.78% | Val Loss: 1.1669 - Val Acc: 60.00%
2026-07-04 20:58:46,127 - Epoch [17/100] | Train Loss: 0.9884 - Train Acc: 60.22% | Val Loss: 1.1343 - Val Acc: 58.00%
2026-07-04 20:58:46,172 - Epoch [18/100] | Train Loss: 1.2642 - Train Acc: 53.33% | Val Loss: 3.2047 - Val Acc: 30.00%
2026-07-04 20:58:46,216 - Epoch [19/100] | Train Loss: 1.0475 - Train Acc: 60.89% | Val Loss: 1.5120 - Val Acc: 56.00%
2026-07-04 20:58:46,260 - Epoch [20/100] | Train Loss: 1.0181 - Train Acc: 63.56% | Val Loss: 1.1905 - Val Acc: 50.00%
2026-07-04 20:58:46,304 - Epoch [21/100] | Train Loss: 1.2393 - Train Acc: 59.78% | Val Loss: 1.2179 - Val Acc: 60.00%
2026-07-04 20:58:46,347 - Epoch [22/100] | Train Loss: 1.0659 - Train Acc: 60.22% | Val Loss: 1.0044 - Val Acc: 70.00%
2026-07-04 20:58:46,394 - Epoch [23/100] | Train Loss: 0.8693 - Train Acc: 68.67% | Val Loss: 1.4695 - Val Acc: 50.00%
2026-07-04 20:58:46,437 - Epoch [24/100] | Train Loss: 1.3869 - Train Acc: 57.78% | Val Loss: 1.5662 - Val Acc: 44.00%
2026-07-04 20:58:46,481 - Epoch [25/100] | Train Loss: 1.2713 - Train Acc: 55.33% | Val Loss: 1.6378 - Val Acc: 50.00%
2026-07-04 20:58:46,525 - Epoch [26/100] | Train Loss: 1.3928 - Train Acc: 54.44% | Val Loss: 1.7063 - Val Acc: 48.00%
2026-07-04 20:58:46,570 - Epoch [27/100] | Train Loss: 1.4202 - Train Acc: 54.89% | Val Loss: 2.4629 - Val Acc: 32.00%
2026-07-04 20:58:46,613 - Epoch [28/100] | Train Loss: 1.0770 - Train Acc: 62.67% | Val Loss: 1.5811 - Val Acc: 42.00%
2026-07-04 20:58:46,657 - Epoch [29/100] | Train Loss: 0.9883 - Train Acc: 64.00% | Val Loss: 1.0868 - Val Acc: 64.00%
2026-07-04 20:58:46,700 - Epoch [30/100] | Train Loss: 1.0024 - Train Acc: 61.78% | Val Loss: 1.2645 - Val Acc: 66.00%
2026-07-04 20:58:46,744 - Epoch [31/100] | Train Loss: 1.1148 - Train Acc: 59.78% | Val Loss: 1.3132 - Val Acc: 54.00%
2026-07-04 20:58:46,790 - Epoch [32/100] | Train Loss: 1.0034 - Train Acc: 63.11% | Val Loss: 1.2867 - Val Acc: 58.00%
2026-07-04 20:58:46,836 - Epoch [33/100] | Train Loss: 0.8932 - Train Acc: 65.33% | Val Loss: 1.1068 - Val Acc: 70.00%
2026-07-04 20:58:46,880 - Epoch [34/100] | Train Loss: 0.7729 - Train Acc: 69.33% | Val Loss: 1.0664 - Val Acc: 72.00%
2026-07-04 20:58:46,924 - Epoch [35/100] | Train Loss: 0.6882 - Train Acc: 73.56% | Val Loss: 1.1073 - Val Acc: 70.00%
2026-07-04 20:58:46,969 - Epoch [36/100] | Train Loss: 0.5643 - Train Acc: 78.89% | Val Loss: 1.6026 - Val Acc: 56.00%
2026-07-04 20:58:47,013 - Epoch [37/100] | Train Loss: 0.6883 - Train Acc: 76.44% | Val Loss: 1.0929 - Val Acc: 70.00%
2026-07-04 20:58:47,058 - Epoch [38/100] | Train Loss: 0.5173 - Train Acc: 82.67% | Val Loss: 1.0790 - Val Acc: 72.00%
2026-07-04 20:58:47,101 - Epoch [39/100] | Train Loss: 0.4230 - Train Acc: 85.78% | Val Loss: 1.1029 - Val Acc: 66.00%
2026-07-04 20:58:47,145 - Epoch [40/100] | Train Loss: 0.4589 - Train Acc: 82.67% | Val Loss: 0.9750 - Val Acc: 74.00%
2026-07-04 20:58:47,190 - Epoch [41/100] | Train Loss: 0.6786 - Train Acc: 75.78% | Val Loss: 1.1620 - Val Acc: 62.00%
2026-07-04 20:58:47,235 - Epoch [42/100] | Train Loss: 0.5655 - Train Acc: 78.89% | Val Loss: 0.9805 - Val Acc: 70.00%
2026-07-04 20:58:47,278 - Epoch [43/100] | Train Loss: 0.5891 - Train Acc: 77.11% | Val Loss: 1.6064 - Val Acc: 48.00%
2026-07-04 20:58:47,323 - Epoch [44/100] | Train Loss: 0.8548 - Train Acc: 71.78% | Val Loss: 0.8232 - Val Acc: 74.00%
2026-07-04 20:58:47,368 - Epoch [45/100] | Train Loss: 0.7488 - Train Acc: 76.00% | Val Loss: 1.1657 - Val Acc: 64.00%
2026-07-04 20:58:47,412 - Epoch [46/100] | Train Loss: 0.6351 - Train Acc: 76.67% | Val Loss: 0.8374 - Val Acc: 70.00%
2026-07-04 20:58:47,456 - Epoch [47/100] | Train Loss: 0.4358 - Train Acc: 85.11% | Val Loss: 1.0005 - Val Acc: 76.00%
2026-07-04 20:58:47,500 - Epoch [48/100] | Train Loss: 0.3206 - Train Acc: 87.78% | Val Loss: 1.0900 - Val Acc: 72.00%
2026-07-04 20:58:47,543 - Epoch [49/100] | Train Loss: 0.3503 - Train Acc: 85.11% | Val Loss: 1.1454 - Val Acc: 68.00%
2026-07-04 20:58:47,588 - Epoch [50/100] | Train Loss: 0.3112 - Train Acc: 88.00% | Val Loss: 1.1104 - Val Acc: 74.00%
2026-07-04 20:58:47,633 - Epoch [51/100] | Train Loss: 0.3896 - Train Acc: 85.11% | Val Loss: 1.4470 - Val Acc: 62.00%
2026-07-04 20:58:47,676 - Epoch [52/100] | Train Loss: 0.3731 - Train Acc: 85.33% | Val Loss: 1.7557 - Val Acc: 52.00%
2026-07-04 20:58:47,720 - Epoch [53/100] | Train Loss: 0.7268 - Train Acc: 76.22% | Val Loss: 1.3214 - Val Acc: 66.00%
2026-07-04 20:58:47,764 - Epoch [54/100] | Train Loss: 0.4721 - Train Acc: 82.44% | Val Loss: 1.5129 - Val Acc: 66.00%
2026-07-04 20:58:47,808 - Epoch [55/100] | Train Loss: 0.3815 - Train Acc: 87.11% | Val Loss: 0.7997 - Val Acc: 74.00%
2026-07-04 20:58:47,853 - Epoch [56/100] | Train Loss: 0.4284 - Train Acc: 81.78% | Val Loss: 0.8979 - Val Acc: 72.00%
2026-07-04 20:58:47,897 - Epoch [57/100] | Train Loss: 0.3376 - Train Acc: 88.89% | Val Loss: 1.1596 - Val Acc: 66.00%
2026-07-04 20:58:47,941 - Epoch [58/100] | Train Loss: 0.3757 - Train Acc: 86.22% | Val Loss: 1.4844 - Val Acc: 66.00%
2026-07-04 20:58:47,985 - Epoch [59/100] | Train Loss: 0.2055 - Train Acc: 91.11% | Val Loss: 1.4382 - Val Acc: 74.00%
2026-07-04 20:58:48,030 - Epoch [60/100] | Train Loss: 0.2989 - Train Acc: 88.67% | Val Loss: 1.1421 - Val Acc: 76.00%
2026-07-04 20:58:48,073 - Epoch [61/100] | Train Loss: 0.2283 - Train Acc: 91.33% | Val Loss: 1.1059 - Val Acc: 76.00%
2026-07-04 20:58:48,117 - Epoch [62/100] | Train Loss: 0.2565 - Train Acc: 90.00% | Val Loss: 1.5122 - Val Acc: 70.00%
2026-07-04 20:58:48,161 - Epoch [63/100] | Train Loss: 0.3556 - Train Acc: 89.56% | Val Loss: 1.0284 - Val Acc: 74.00%
2026-07-04 20:58:48,205 - Epoch [64/100] | Train Loss: 0.2047 - Train Acc: 93.33% | Val Loss: 1.0458 - Val Acc: 72.00%
2026-07-04 20:58:48,250 - Epoch [65/100] | Train Loss: 0.2753 - Train Acc: 90.44% | Val Loss: 1.0968 - Val Acc: 76.00%
2026-07-04 20:58:48,293 - Epoch [66/100] | Train Loss: 0.1296 - Train Acc: 96.00% | Val Loss: 0.9887 - Val Acc: 76.00%
2026-07-04 20:58:48,337 - Epoch [67/100] | Train Loss: 0.1663 - Train Acc: 93.78% | Val Loss: 0.7491 - Val Acc: 78.00%
2026-07-04 20:58:48,383 - Epoch [68/100] | Train Loss: 0.2752 - Train Acc: 94.67% | Val Loss: 0.8214 - Val Acc: 82.00%
2026-07-04 20:58:48,427 - Epoch [69/100] | Train Loss: 0.3927 - Train Acc: 87.11% | Val Loss: 1.1869 - Val Acc: 70.00%
2026-07-04 20:58:48,471 - Epoch [70/100] | Train Loss: 0.8023 - Train Acc: 77.56% | Val Loss: 2.3908 - Val Acc: 46.00%
2026-07-04 20:58:48,514 - Epoch [71/100] | Train Loss: 0.5115 - Train Acc: 83.33% | Val Loss: 0.6673 - Val Acc: 86.00%
2026-07-04 20:58:48,559 - Epoch [72/100] | Train Loss: 0.5337 - Train Acc: 82.22% | Val Loss: 1.0438 - Val Acc: 62.00%
2026-07-04 20:58:48,603 - Epoch [73/100] | Train Loss: 0.3520 - Train Acc: 87.11% | Val Loss: 0.6814 - Val Acc: 78.00%
2026-07-04 20:58:48,648 - Epoch [74/100] | Train Loss: 0.3197 - Train Acc: 89.11% | Val Loss: 0.8211 - Val Acc: 68.00%
2026-07-04 20:58:48,693 - Epoch [75/100] | Train Loss: 0.2873 - Train Acc: 89.33% | Val Loss: 0.6663 - Val Acc: 74.00%
2026-07-04 20:58:48,738 - Epoch [76/100] | Train Loss: 0.1551 - Train Acc: 94.00% | Val Loss: 0.7550 - Val Acc: 80.00%
2026-07-04 20:58:48,785 - Epoch [77/100] | Train Loss: 0.1630 - Train Acc: 93.56% | Val Loss: 1.0927 - Val Acc: 70.00%
2026-07-04 20:58:48,831 - Epoch [78/100] | Train Loss: 0.4614 - Train Acc: 84.00% | Val Loss: 1.3374 - Val Acc: 64.00%
2026-07-04 20:58:48,873 - Epoch [79/100] | Train Loss: 0.5670 - Train Acc: 84.00% | Val Loss: 1.0204 - Val Acc: 70.00%
2026-07-04 20:58:48,917 - Epoch [80/100] | Train Loss: 0.3616 - Train Acc: 87.11% | Val Loss: 0.8597 - Val Acc: 72.00%
2026-07-04 20:58:48,960 - Epoch [81/100] | Train Loss: 0.3397 - Train Acc: 86.67% | Val Loss: 1.0467 - Val Acc: 76.00%
2026-07-04 20:58:49,004 - Epoch [82/100] | Train Loss: 0.4118 - Train Acc: 87.33% | Val Loss: 2.1396 - Val Acc: 54.00%
2026-07-04 20:58:49,049 - Epoch [83/100] | Train Loss: 0.3766 - Train Acc: 86.22% | Val Loss: 0.7631 - Val Acc: 76.00%
2026-07-04 20:58:49,093 - Epoch [84/100] | Train Loss: 0.2536 - Train Acc: 90.89% | Val Loss: 0.7002 - Val Acc: 84.00%
2026-07-04 20:58:49,136 - Epoch [85/100] | Train Loss: 0.1658 - Train Acc: 92.89% | Val Loss: 0.8790 - Val Acc: 78.00%
2026-07-04 20:58:49,180 - Epoch [86/100] | Train Loss: 0.1062 - Train Acc: 96.00% | Val Loss: 1.0164 - Val Acc: 72.00%
2026-07-04 20:58:49,225 - Epoch [87/100] | Train Loss: 0.1228 - Train Acc: 96.00% | Val Loss: 0.9479 - Val Acc: 76.00%
2026-07-04 20:58:49,269 - Epoch [88/100] | Train Loss: 0.1076 - Train Acc: 95.56% | Val Loss: 0.8542 - Val Acc: 80.00%
2026-07-04 20:58:49,313 - Epoch [89/100] | Train Loss: 0.0849 - Train Acc: 95.11% | Val Loss: 0.9430 - Val Acc: 82.00%
2026-07-04 20:58:49,357 - Epoch [90/100] | Train Loss: 0.0545 - Train Acc: 97.56% | Val Loss: 1.1589 - Val Acc: 72.00%
2026-07-04 20:58:49,401 - Epoch [91/100] | Train Loss: 0.5875 - Train Acc: 85.11% | Val Loss: 1.2894 - Val Acc: 72.00%
2026-07-04 20:58:49,446 - Epoch [92/100] | Train Loss: 0.6347 - Train Acc: 85.11% | Val Loss: 2.4536 - Val Acc: 58.00%
2026-07-04 20:58:49,489 - Epoch [93/100] | Train Loss: 0.4653 - Train Acc: 84.22% | Val Loss: 1.0581 - Val Acc: 60.00%
2026-07-04 20:58:49,533 - Epoch [94/100] | Train Loss: 0.2036 - Train Acc: 91.11% | Val Loss: 1.0039 - Val Acc: 70.00%
2026-07-04 20:58:49,578 - Epoch [95/100] | Train Loss: 0.1514 - Train Acc: 94.44% | Val Loss: 0.9653 - Val Acc: 78.00%
2026-07-04 20:58:49,621 - Epoch [96/100] | Train Loss: 0.1104 - Train Acc: 95.11% | Val Loss: 0.9484 - Val Acc: 78.00%
2026-07-04 20:58:49,666 - Epoch [97/100] | Train Loss: 0.0846 - Train Acc: 96.89% | Val Loss: 0.7640 - Val Acc: 86.00%
2026-07-04 20:58:49,710 - Epoch [98/100] | Train Loss: 0.0632 - Train Acc: 96.89% | Val Loss: 0.8268 - Val Acc: 82.00%
2026-07-04 20:58:49,753 - Epoch [99/100] | Train Loss: 0.0662 - Train Acc: 97.33% | Val Loss: 1.3311 - Val Acc: 76.00%
2026-07-04 20:58:49,798 - Epoch [100/100] | Train Loss: 0.2193 - Train Acc: 93.78% | Val Loss: 1.9487 - Val Acc: 58.00%
2026-07-04 20:58:49,798 - --------------------------------------------------
2026-07-04 20:58:49,798 - Training Complete!
2026-07-04 20:58:49,798 - Total Training Time: 4.43 seconds
2026-07-04 20:58:49,798 - Peak GPU Memory (allocated): 206.62 MB
2026-07-04 20:58:49,878 - 
 Starting Training Routine...
2026-07-04 20:58:49,878 - --------------------------------------------------
2026-07-04 20:58:50,136 - Epoch [01/100] | Train Loss: 2.3116 - Train Acc: 22.00% | Val Loss: 2.3970 - Val Acc: 2.00%
2026-07-04 20:58:50,396 - Epoch [02/100] | Train Loss: 1.9189 - Train Acc: 29.11% | Val Loss: 2.8312 - Val Acc: 16.00%
2026-07-04 20:58:50,652 - Epoch [03/100] | Train Loss: 1.8942 - Train Acc: 30.00% | Val Loss: 2.6817 - Val Acc: 16.00%
2026-07-04 20:58:50,907 - Epoch [04/100] | Train Loss: 1.6725 - Train Acc: 37.78% | Val Loss: 2.6659 - Val Acc: 16.00%
2026-07-04 20:58:51,163 - Epoch [05/100] | Train Loss: 1.6560 - Train Acc: 40.89% | Val Loss: 2.6337 - Val Acc: 16.00%
2026-07-04 20:58:51,418 - Epoch [06/100] | Train Loss: 1.7582 - Train Acc: 38.44% | Val Loss: 3.7677 - Val Acc: 24.00%
2026-07-04 20:58:51,675 - Epoch [07/100] | Train Loss: 1.7247 - Train Acc: 34.89% | Val Loss: 1.6132 - Val Acc: 44.00%
2026-07-04 20:58:51,936 - Epoch [08/100] | Train Loss: 1.6705 - Train Acc: 40.22% | Val Loss: 1.6061 - Val Acc: 38.00%
2026-07-04 20:58:52,198 - Epoch [09/100] | Train Loss: 1.6203 - Train Acc: 38.00% | Val Loss: 2.2202 - Val Acc: 32.00%
2026-07-04 20:58:52,452 - Epoch [10/100] | Train Loss: 1.7017 - Train Acc: 40.67% | Val Loss: 2.2973 - Val Acc: 34.00%
2026-07-04 20:58:52,709 - Epoch [11/100] | Train Loss: 1.6936 - Train Acc: 39.78% | Val Loss: 1.5282 - Val Acc: 42.00%
2026-07-04 20:58:52,972 - Epoch [12/100] | Train Loss: 1.5738 - Train Acc: 41.78% | Val Loss: 1.5930 - Val Acc: 40.00%
2026-07-04 20:58:53,229 - Epoch [13/100] | Train Loss: 1.4565 - Train Acc: 44.00% | Val Loss: 1.4781 - Val Acc: 36.00%
2026-07-04 20:58:53,491 - Epoch [14/100] | Train Loss: 1.4312 - Train Acc: 46.00% | Val Loss: 1.4363 - Val Acc: 46.00%
2026-07-04 20:58:53,752 - Epoch [15/100] | Train Loss: 1.3389 - Train Acc: 43.33% | Val Loss: 1.2592 - Val Acc: 52.00%
2026-07-04 20:58:54,014 - Epoch [16/100] | Train Loss: 1.3914 - Train Acc: 47.33% | Val Loss: 1.3204 - Val Acc: 48.00%
2026-07-04 20:58:54,270 - Epoch [17/100] | Train Loss: 1.3510 - Train Acc: 49.11% | Val Loss: 1.6470 - Val Acc: 38.00%
2026-07-04 20:58:54,526 - Epoch [18/100] | Train Loss: 1.5187 - Train Acc: 39.11% | Val Loss: 2.5122 - Val Acc: 38.00%
2026-07-04 20:58:54,782 - Epoch [19/100] | Train Loss: 1.3875 - Train Acc: 45.33% | Val Loss: 1.8444 - Val Acc: 36.00%
2026-07-04 20:58:55,039 - Epoch [20/100] | Train Loss: 1.3892 - Train Acc: 46.89% | Val Loss: 1.4583 - Val Acc: 38.00%
2026-07-04 20:58:55,296 - Epoch [21/100] | Train Loss: 1.3270 - Train Acc: 48.22% | Val Loss: 1.5943 - Val Acc: 44.00%
2026-07-04 20:58:55,551 - Epoch [22/100] | Train Loss: 1.2235 - Train Acc: 51.33% | Val Loss: 1.2186 - Val Acc: 48.00%
2026-07-04 20:58:55,812 - Epoch [23/100] | Train Loss: 1.3513 - Train Acc: 50.00% | Val Loss: 1.3327 - Val Acc: 40.00%
2026-07-04 20:58:56,068 - Epoch [24/100] | Train Loss: 1.2642 - Train Acc: 51.78% | Val Loss: 1.5319 - Val Acc: 30.00%
2026-07-04 20:58:56,323 - Epoch [25/100] | Train Loss: 1.2775 - Train Acc: 48.44% | Val Loss: 1.3053 - Val Acc: 46.00%
2026-07-04 20:58:56,580 - Epoch [26/100] | Train Loss: 1.3357 - Train Acc: 47.56% | Val Loss: 1.5397 - Val Acc: 42.00%
2026-07-04 20:58:56,835 - Epoch [27/100] | Train Loss: 1.1977 - Train Acc: 51.33% | Val Loss: 1.4890 - Val Acc: 46.00%
2026-07-04 20:58:57,092 - Epoch [28/100] | Train Loss: 1.1410 - Train Acc: 50.67% | Val Loss: 2.2663 - Val Acc: 32.00%
2026-07-04 20:58:57,346 - Epoch [29/100] | Train Loss: 1.1380 - Train Acc: 54.22% | Val Loss: 1.2634 - Val Acc: 48.00%
2026-07-04 20:58:57,602 - Epoch [30/100] | Train Loss: 1.3547 - Train Acc: 47.78% | Val Loss: 2.2645 - Val Acc: 26.00%
2026-07-04 20:58:57,856 - Epoch [31/100] | Train Loss: 1.5314 - Train Acc: 44.89% | Val Loss: 4.5853 - Val Acc: 16.00%
2026-07-04 20:58:58,114 - Epoch [32/100] | Train Loss: 1.5089 - Train Acc: 41.11% | Val Loss: 2.7139 - Val Acc: 34.00%
2026-07-04 20:58:58,369 - Epoch [33/100] | Train Loss: 1.5228 - Train Acc: 43.11% | Val Loss: 1.9330 - Val Acc: 44.00%
2026-07-04 20:58:58,626 - Epoch [34/100] | Train Loss: 1.3001 - Train Acc: 48.44% | Val Loss: 1.4756 - Val Acc: 46.00%
2026-07-04 20:58:58,881 - Epoch [35/100] | Train Loss: 1.5707 - Train Acc: 40.22% | Val Loss: 3.6929 - Val Acc: 16.00%
2026-07-04 20:58:59,136 - Epoch [36/100] | Train Loss: 1.5559 - Train Acc: 42.22% | Val Loss: 1.7400 - Val Acc: 36.00%
2026-07-04 20:58:59,393 - Epoch [37/100] | Train Loss: 1.4449 - Train Acc: 42.44% | Val Loss: 1.3206 - Val Acc: 44.00%
2026-07-04 20:58:59,649 - Epoch [38/100] | Train Loss: 1.2981 - Train Acc: 45.33% | Val Loss: 1.2600 - Val Acc: 46.00%
2026-07-04 20:58:59,906 - Epoch [39/100] | Train Loss: 1.1657 - Train Acc: 52.44% | Val Loss: 1.1752 - Val Acc: 52.00%
2026-07-04 20:59:00,169 - Epoch [40/100] | Train Loss: 1.1377 - Train Acc: 50.67% | Val Loss: 1.1233 - Val Acc: 52.00%
2026-07-04 20:59:00,431 - Epoch [41/100] | Train Loss: 1.1786 - Train Acc: 52.89% | Val Loss: 1.1389 - Val Acc: 56.00%
2026-07-04 20:59:00,689 - Epoch [42/100] | Train Loss: 1.1646 - Train Acc: 54.22% | Val Loss: 1.4475 - Val Acc: 48.00%
2026-07-04 20:59:00,946 - Epoch [43/100] | Train Loss: 1.2487 - Train Acc: 51.11% | Val Loss: 1.8181 - Val Acc: 46.00%
2026-07-04 20:59:01,204 - Epoch [44/100] | Train Loss: 1.1835 - Train Acc: 51.78% | Val Loss: 1.4019 - Val Acc: 52.00%
2026-07-04 20:59:01,460 - Epoch [45/100] | Train Loss: 1.1143 - Train Acc: 54.89% | Val Loss: 1.2271 - Val Acc: 42.00%
2026-07-04 20:59:01,717 - Epoch [46/100] | Train Loss: 1.0882 - Train Acc: 54.00% | Val Loss: 1.3913 - Val Acc: 46.00%
2026-07-04 20:59:01,973 - Epoch [47/100] | Train Loss: 1.1042 - Train Acc: 52.67% | Val Loss: 1.3144 - Val Acc: 50.00%
2026-07-04 20:59:02,230 - Epoch [48/100] | Train Loss: 1.1822 - Train Acc: 56.67% | Val Loss: 1.3223 - Val Acc: 46.00%
2026-07-04 20:59:02,487 - Epoch [49/100] | Train Loss: 1.2265 - Train Acc: 51.11% | Val Loss: 1.8113 - Val Acc: 42.00%
2026-07-04 20:59:02,745 - Epoch [50/100] | Train Loss: 1.2102 - Train Acc: 52.44% | Val Loss: 1.6746 - Val Acc: 46.00%
2026-07-04 20:59:03,000 - Epoch [51/100] | Train Loss: 1.2560 - Train Acc: 52.00% | Val Loss: 1.7538 - Val Acc: 38.00%
2026-07-04 20:59:03,257 - Epoch [52/100] | Train Loss: 1.2470 - Train Acc: 49.33% | Val Loss: 1.3684 - Val Acc: 50.00%
2026-07-04 20:59:03,512 - Epoch [53/100] | Train Loss: 1.1535 - Train Acc: 54.00% | Val Loss: 1.3592 - Val Acc: 52.00%
2026-07-04 20:59:03,769 - Epoch [54/100] | Train Loss: 1.0561 - Train Acc: 57.78% | Val Loss: 1.2376 - Val Acc: 44.00%
2026-07-04 20:59:04,025 - Epoch [55/100] | Train Loss: 1.0962 - Train Acc: 58.89% | Val Loss: 1.0586 - Val Acc: 60.00%
2026-07-04 20:59:04,286 - Epoch [56/100] | Train Loss: 1.0575 - Train Acc: 58.00% | Val Loss: 1.4711 - Val Acc: 48.00%
2026-07-04 20:59:04,541 - Epoch [57/100] | Train Loss: 1.3652 - Train Acc: 48.00% | Val Loss: 1.4942 - Val Acc: 46.00%
2026-07-04 20:59:04,799 - Epoch [58/100] | Train Loss: 1.5494 - Train Acc: 48.44% | Val Loss: 1.7158 - Val Acc: 32.00%
2026-07-04 20:59:05,054 - Epoch [59/100] | Train Loss: 1.4040 - Train Acc: 46.67% | Val Loss: 1.2173 - Val Acc: 54.00%
2026-07-04 20:59:05,312 - Epoch [60/100] | Train Loss: 1.2031 - Train Acc: 53.78% | Val Loss: 1.2968 - Val Acc: 50.00%
2026-07-04 20:59:05,568 - Epoch [61/100] | Train Loss: 1.1171 - Train Acc: 54.89% | Val Loss: 1.1079 - Val Acc: 62.00%
2026-07-04 20:59:05,823 - Epoch [62/100] | Train Loss: 1.0423 - Train Acc: 60.67% | Val Loss: 1.0771 - Val Acc: 60.00%
2026-07-04 20:59:06,079 - Epoch [63/100] | Train Loss: 0.9987 - Train Acc: 59.33% | Val Loss: 1.1110 - Val Acc: 62.00%
2026-07-04 20:59:06,334 - Epoch [64/100] | Train Loss: 0.9919 - Train Acc: 61.11% | Val Loss: 1.1616 - Val Acc: 62.00%
2026-07-04 20:59:06,591 - Epoch [65/100] | Train Loss: 1.0459 - Train Acc: 59.33% | Val Loss: 1.0543 - Val Acc: 62.00%
2026-07-04 20:59:06,846 - Epoch [66/100] | Train Loss: 1.1413 - Train Acc: 54.22% | Val Loss: 1.0653 - Val Acc: 60.00%
2026-07-04 20:59:07,101 - Epoch [67/100] | Train Loss: 0.9847 - Train Acc: 57.56% | Val Loss: 1.0750 - Val Acc: 50.00%
2026-07-04 20:59:07,358 - Epoch [68/100] | Train Loss: 0.9329 - Train Acc: 61.11% | Val Loss: 1.0128 - Val Acc: 56.00%
2026-07-04 20:59:07,619 - Epoch [69/100] | Train Loss: 0.9249 - Train Acc: 63.11% | Val Loss: 0.9605 - Val Acc: 58.00%
2026-07-04 20:59:07,880 - Epoch [70/100] | Train Loss: 0.9581 - Train Acc: 60.00% | Val Loss: 1.0921 - Val Acc: 62.00%
2026-07-04 20:59:08,135 - Epoch [71/100] | Train Loss: 0.9555 - Train Acc: 61.78% | Val Loss: 1.3758 - Val Acc: 52.00%
2026-07-04 20:59:08,393 - Epoch [72/100] | Train Loss: 1.1648 - Train Acc: 52.22% | Val Loss: 2.7079 - Val Acc: 24.00%
2026-07-04 20:59:08,649 - Epoch [73/100] | Train Loss: 1.2136 - Train Acc: 47.78% | Val Loss: 2.4033 - Val Acc: 30.00%
2026-07-04 20:59:08,906 - Epoch [74/100] | Train Loss: 1.2755 - Train Acc: 49.33% | Val Loss: 1.3028 - Val Acc: 46.00%
2026-07-04 20:59:09,163 - Epoch [75/100] | Train Loss: 1.1109 - Train Acc: 57.56% | Val Loss: 1.0779 - Val Acc: 56.00%
2026-07-04 20:59:09,420 - Epoch [76/100] | Train Loss: 1.0337 - Train Acc: 58.22% | Val Loss: 1.0742 - Val Acc: 56.00%
2026-07-04 20:59:09,676 - Epoch [77/100] | Train Loss: 1.0189 - Train Acc: 57.33% | Val Loss: 1.5138 - Val Acc: 56.00%
2026-07-04 20:59:09,933 - Epoch [78/100] | Train Loss: 0.9839 - Train Acc: 59.11% | Val Loss: 1.3117 - Val Acc: 48.00%
2026-07-04 20:59:10,188 - Epoch [79/100] | Train Loss: 0.9960 - Train Acc: 60.89% | Val Loss: 1.0890 - Val Acc: 58.00%
2026-07-04 20:59:10,445 - Epoch [80/100] | Train Loss: 0.9560 - Train Acc: 60.89% | Val Loss: 0.9838 - Val Acc: 60.00%
2026-07-04 20:59:10,701 - Epoch [81/100] | Train Loss: 0.9678 - Train Acc: 64.89% | Val Loss: 1.0109 - Val Acc: 56.00%
2026-07-04 20:59:10,957 - Epoch [82/100] | Train Loss: 0.9836 - Train Acc: 59.11% | Val Loss: 1.3495 - Val Acc: 52.00%
2026-07-04 20:59:11,214 - Epoch [83/100] | Train Loss: 1.0041 - Train Acc: 59.78% | Val Loss: 1.6268 - Val Acc: 44.00%
2026-07-04 20:59:11,468 - Epoch [84/100] | Train Loss: 1.0529 - Train Acc: 59.33% | Val Loss: 1.2362 - Val Acc: 56.00%
2026-07-04 20:59:11,725 - Epoch [85/100] | Train Loss: 1.0055 - Train Acc: 60.67% | Val Loss: 1.0489 - Val Acc: 56.00%
2026-07-04 20:59:11,981 - Epoch [86/100] | Train Loss: 1.0016 - Train Acc: 60.44% | Val Loss: 1.0407 - Val Acc: 62.00%
2026-07-04 20:59:12,238 - Epoch [87/100] | Train Loss: 0.9046 - Train Acc: 62.44% | Val Loss: 0.9528 - Val Acc: 70.00%
2026-07-04 20:59:12,499 - Epoch [88/100] | Train Loss: 0.9530 - Train Acc: 61.11% | Val Loss: 1.1683 - Val Acc: 64.00%
2026-07-04 20:59:12,754 - Epoch [89/100] | Train Loss: 0.8746 - Train Acc: 66.44% | Val Loss: 0.9455 - Val Acc: 66.00%
2026-07-04 20:59:13,016 - Epoch [90/100] | Train Loss: 0.8268 - Train Acc: 65.56% | Val Loss: 0.8255 - Val Acc: 68.00%
2026-07-04 20:59:13,278 - Epoch [91/100] | Train Loss: 0.8823 - Train Acc: 61.78% | Val Loss: 0.8420 - Val Acc: 72.00%
2026-07-04 20:59:13,533 - Epoch [92/100] | Train Loss: 0.8308 - Train Acc: 64.67% | Val Loss: 0.8566 - Val Acc: 68.00%
2026-07-04 20:59:13,790 - Epoch [93/100] | Train Loss: 0.7850 - Train Acc: 66.22% | Val Loss: 0.8732 - Val Acc: 72.00%
2026-07-04 20:59:14,046 - Epoch [94/100] | Train Loss: 0.7881 - Train Acc: 66.44% | Val Loss: 1.1112 - Val Acc: 64.00%
2026-07-04 20:59:14,302 - Epoch [95/100] | Train Loss: 0.9214 - Train Acc: 64.67% | Val Loss: 0.9513 - Val Acc: 66.00%
2026-07-04 20:59:14,558 - Epoch [96/100] | Train Loss: 0.8284 - Train Acc: 62.89% | Val Loss: 1.1347 - Val Acc: 52.00%
2026-07-04 20:59:14,813 - Epoch [97/100] | Train Loss: 0.8885 - Train Acc: 63.56% | Val Loss: 1.0127 - Val Acc: 60.00%
2026-07-04 20:59:15,070 - Epoch [98/100] | Train Loss: 0.8121 - Train Acc: 66.22% | Val Loss: 1.0332 - Val Acc: 62.00%
2026-07-04 20:59:15,326 - Epoch [99/100] | Train Loss: 0.8036 - Train Acc: 65.78% | Val Loss: 1.0673 - Val Acc: 62.00%
2026-07-04 20:59:15,582 - Epoch [100/100] | Train Loss: 0.7851 - Train Acc: 67.11% | Val Loss: 1.0388 - Val Acc: 58.00%
2026-07-04 20:59:15,582 - --------------------------------------------------
2026-07-04 20:59:15,583 - Training Complete!
2026-07-04 20:59:15,583 - Total Training Time: 25.71 seconds
2026-07-04 20:59:15,583 - Peak GPU Memory (allocated): 899.04 MB
2026-07-04 20:59:15,685 - 
 Starting Training Routine...
2026-07-04 20:59:15,685 - --------------------------------------------------
2026-07-04 20:59:16,211 - Epoch [01/100] | Train Loss: 2.6161 - Train Acc: 25.33% | Val Loss: 4.2789 - Val Acc: 6.00%
2026-07-04 20:59:16,742 - Epoch [02/100] | Train Loss: 1.6200 - Train Acc: 42.44% | Val Loss: 3.3339 - Val Acc: 12.00%
2026-07-04 20:59:17,276 - Epoch [03/100] | Train Loss: 1.3199 - Train Acc: 52.89% | Val Loss: 5.4702 - Val Acc: 16.00%
2026-07-04 20:59:17,800 - Epoch [04/100] | Train Loss: 1.1791 - Train Acc: 53.33% | Val Loss: 4.0455 - Val Acc: 18.00%
2026-07-04 20:59:18,325 - Epoch [05/100] | Train Loss: 1.1880 - Train Acc: 57.78% | Val Loss: 4.0809 - Val Acc: 16.00%
2026-07-04 20:59:18,850 - Epoch [06/100] | Train Loss: 1.0941 - Train Acc: 60.22% | Val Loss: 4.2231 - Val Acc: 32.00%
2026-07-04 20:59:19,374 - Epoch [07/100] | Train Loss: 1.0726 - Train Acc: 58.67% | Val Loss: 1.7621 - Val Acc: 38.00%
2026-07-04 20:59:19,907 - Epoch [08/100] | Train Loss: 1.0356 - Train Acc: 61.78% | Val Loss: 1.4857 - Val Acc: 52.00%
2026-07-04 20:59:20,439 - Epoch [09/100] | Train Loss: 1.1211 - Train Acc: 59.11% | Val Loss: 1.7793 - Val Acc: 48.00%
2026-07-04 20:59:20,963 - Epoch [10/100] | Train Loss: 1.0385 - Train Acc: 59.78% | Val Loss: 1.8218 - Val Acc: 46.00%
2026-07-04 20:59:21,487 - Epoch [11/100] | Train Loss: 1.1801 - Train Acc: 56.67% | Val Loss: 1.5321 - Val Acc: 58.00%
2026-07-04 20:59:22,012 - Epoch [12/100] | Train Loss: 1.0396 - Train Acc: 62.22% | Val Loss: 1.4795 - Val Acc: 50.00%
2026-07-04 20:59:22,543 - Epoch [13/100] | Train Loss: 0.9849 - Train Acc: 63.78% | Val Loss: 1.1466 - Val Acc: 62.00%
2026-07-04 20:59:23,073 - Epoch [14/100] | Train Loss: 0.9643 - Train Acc: 65.56% | Val Loss: 1.3240 - Val Acc: 50.00%
2026-07-04 20:59:23,597 - Epoch [15/100] | Train Loss: 0.8814 - Train Acc: 65.78% | Val Loss: 1.1768 - Val Acc: 60.00%
2026-07-04 20:59:24,121 - Epoch [16/100] | Train Loss: 0.8345 - Train Acc: 67.78% | Val Loss: 1.5093 - Val Acc: 60.00%
2026-07-04 20:59:24,645 - Epoch [17/100] | Train Loss: 0.9108 - Train Acc: 66.00% | Val Loss: 2.4074 - Val Acc: 26.00%
2026-07-04 20:59:25,170 - Epoch [18/100] | Train Loss: 1.1512 - Train Acc: 58.00% | Val Loss: 4.5619 - Val Acc: 28.00%
2026-07-04 20:59:25,695 - Epoch [19/100] | Train Loss: 1.0673 - Train Acc: 60.89% | Val Loss: 1.8561 - Val Acc: 32.00%
2026-07-04 20:59:26,219 - Epoch [20/100] | Train Loss: 1.0612 - Train Acc: 57.78% | Val Loss: 1.8394 - Val Acc: 42.00%
2026-07-04 20:59:26,743 - Epoch [21/100] | Train Loss: 0.9072 - Train Acc: 64.00% | Val Loss: 1.0751 - Val Acc: 56.00%
2026-07-04 20:59:27,276 - Epoch [22/100] | Train Loss: 0.8360 - Train Acc: 68.22% | Val Loss: 1.0377 - Val Acc: 62.00%
2026-07-04 20:59:27,808 - Epoch [23/100] | Train Loss: 0.8284 - Train Acc: 68.67% | Val Loss: 1.2981 - Val Acc: 66.00%
2026-07-04 20:59:28,334 - Epoch [24/100] | Train Loss: 0.7736 - Train Acc: 67.56% | Val Loss: 1.0139 - Val Acc: 66.00%
2026-07-04 20:59:28,866 - Epoch [25/100] | Train Loss: 0.7278 - Train Acc: 72.00% | Val Loss: 0.9391 - Val Acc: 70.00%
2026-07-04 20:59:29,399 - Epoch [26/100] | Train Loss: 0.7045 - Train Acc: 74.22% | Val Loss: 1.3794 - Val Acc: 48.00%
2026-07-04 20:59:29,923 - Epoch [27/100] | Train Loss: 0.7373 - Train Acc: 73.56% | Val Loss: 1.1279 - Val Acc: 60.00%
2026-07-04 20:59:30,447 - Epoch [28/100] | Train Loss: 0.6504 - Train Acc: 76.44% | Val Loss: 1.0741 - Val Acc: 64.00%
2026-07-04 20:59:30,972 - Epoch [29/100] | Train Loss: 0.6233 - Train Acc: 77.78% | Val Loss: 1.0454 - Val Acc: 58.00%
2026-07-04 20:59:31,497 - Epoch [30/100] | Train Loss: 0.7005 - Train Acc: 73.78% | Val Loss: 1.1039 - Val Acc: 60.00%
2026-07-04 20:59:32,023 - Epoch [31/100] | Train Loss: 0.6795 - Train Acc: 73.33% | Val Loss: 0.8847 - Val Acc: 72.00%
2026-07-04 20:59:32,557 - Epoch [32/100] | Train Loss: 0.6289 - Train Acc: 77.56% | Val Loss: 1.0057 - Val Acc: 64.00%
2026-07-04 20:59:33,081 - Epoch [33/100] | Train Loss: 0.6088 - Train Acc: 76.00% | Val Loss: 1.1497 - Val Acc: 62.00%
2026-07-04 20:59:33,607 - Epoch [34/100] | Train Loss: 0.5334 - Train Acc: 78.44% | Val Loss: 0.9910 - Val Acc: 62.00%
2026-07-04 20:59:34,133 - Epoch [35/100] | Train Loss: 0.5867 - Train Acc: 78.67% | Val Loss: 1.0764 - Val Acc: 72.00%
2026-07-04 20:59:34,659 - Epoch [36/100] | Train Loss: 0.5402 - Train Acc: 78.44% | Val Loss: 1.1875 - Val Acc: 68.00%
2026-07-04 20:59:35,182 - Epoch [37/100] | Train Loss: 0.4917 - Train Acc: 82.44% | Val Loss: 1.0661 - Val Acc: 70.00%
2026-07-04 20:59:35,706 - Epoch [38/100] | Train Loss: 0.5669 - Train Acc: 78.44% | Val Loss: 0.7540 - Val Acc: 78.00%
2026-07-04 20:59:36,238 - Epoch [39/100] | Train Loss: 0.4914 - Train Acc: 81.78% | Val Loss: 0.5934 - Val Acc: 80.00%
2026-07-04 20:59:36,771 - Epoch [40/100] | Train Loss: 0.4095 - Train Acc: 84.67% | Val Loss: 0.7397 - Val Acc: 78.00%
2026-07-04 20:59:37,296 - Epoch [41/100] | Train Loss: 0.4856 - Train Acc: 81.11% | Val Loss: 0.9104 - Val Acc: 80.00%
2026-07-04 20:59:37,821 - Epoch [42/100] | Train Loss: 0.5075 - Train Acc: 79.78% | Val Loss: 0.9463 - Val Acc: 66.00%
2026-07-04 20:59:38,347 - Epoch [43/100] | Train Loss: 0.4928 - Train Acc: 80.22% | Val Loss: 0.8591 - Val Acc: 78.00%
2026-07-04 20:59:38,872 - Epoch [44/100] | Train Loss: 0.6374 - Train Acc: 76.67% | Val Loss: 1.0859 - Val Acc: 62.00%
2026-07-04 20:59:39,397 - Epoch [45/100] | Train Loss: 0.6056 - Train Acc: 81.33% | Val Loss: 2.1269 - Val Acc: 56.00%
2026-07-04 20:59:39,923 - Epoch [46/100] | Train Loss: 0.5499 - Train Acc: 76.67% | Val Loss: 1.4135 - Val Acc: 62.00%
2026-07-04 20:59:40,449 - Epoch [47/100] | Train Loss: 0.5630 - Train Acc: 76.67% | Val Loss: 0.8649 - Val Acc: 74.00%
2026-07-04 20:59:40,976 - Epoch [48/100] | Train Loss: 0.5243 - Train Acc: 80.44% | Val Loss: 1.1715 - Val Acc: 56.00%
2026-07-04 20:59:41,500 - Epoch [49/100] | Train Loss: 0.4691 - Train Acc: 81.78% | Val Loss: 1.1143 - Val Acc: 66.00%
2026-07-04 20:59:42,025 - Epoch [50/100] | Train Loss: 0.5139 - Train Acc: 83.33% | Val Loss: 1.0403 - Val Acc: 68.00%
2026-07-04 20:59:42,548 - Epoch [51/100] | Train Loss: 0.5533 - Train Acc: 78.44% | Val Loss: 1.0756 - Val Acc: 68.00%
2026-07-04 20:59:43,073 - Epoch [52/100] | Train Loss: 0.5717 - Train Acc: 81.11% | Val Loss: 1.1998 - Val Acc: 56.00%
2026-07-04 20:59:43,596 - Epoch [53/100] | Train Loss: 0.5025 - Train Acc: 81.33% | Val Loss: 0.8685 - Val Acc: 72.00%
2026-07-04 20:59:44,119 - Epoch [54/100] | Train Loss: 0.4891 - Train Acc: 80.67% | Val Loss: 0.9192 - Val Acc: 68.00%
2026-07-04 20:59:44,643 - Epoch [55/100] | Train Loss: 0.4432 - Train Acc: 84.67% | Val Loss: 0.6713 - Val Acc: 82.00%
2026-07-04 20:59:45,168 - Epoch [56/100] | Train Loss: 0.4159 - Train Acc: 85.78% | Val Loss: 0.6840 - Val Acc: 78.00%
2026-07-04 20:59:45,692 - Epoch [57/100] | Train Loss: 0.5235 - Train Acc: 80.00% | Val Loss: 1.1436 - Val Acc: 70.00%
2026-07-04 20:59:46,216 - Epoch [58/100] | Train Loss: 0.6046 - Train Acc: 78.67% | Val Loss: 1.1072 - Val Acc: 70.00%
2026-07-04 20:59:46,740 - Epoch [59/100] | Train Loss: 0.4783 - Train Acc: 82.22% | Val Loss: 0.6232 - Val Acc: 82.00%
2026-07-04 20:59:47,262 - Epoch [60/100] | Train Loss: 0.4046 - Train Acc: 85.11% | Val Loss: 0.5348 - Val Acc: 84.00%
2026-07-04 20:59:47,794 - Epoch [61/100] | Train Loss: 0.3823 - Train Acc: 84.44% | Val Loss: 0.8178 - Val Acc: 78.00%
2026-07-04 20:59:48,319 - Epoch [62/100] | Train Loss: 0.6198 - Train Acc: 77.11% | Val Loss: 0.6777 - Val Acc: 74.00%
2026-07-04 20:59:48,845 - Epoch [63/100] | Train Loss: 0.5017 - Train Acc: 81.56% | Val Loss: 1.5439 - Val Acc: 68.00%
2026-07-04 20:59:49,367 - Epoch [64/100] | Train Loss: 0.5234 - Train Acc: 81.56% | Val Loss: 0.9483 - Val Acc: 68.00%
2026-07-04 20:59:49,890 - Epoch [65/100] | Train Loss: 0.4984 - Train Acc: 80.00% | Val Loss: 0.7561 - Val Acc: 76.00%
2026-07-04 20:59:50,414 - Epoch [66/100] | Train Loss: 0.3877 - Train Acc: 88.44% | Val Loss: 0.6009 - Val Acc: 84.00%
2026-07-04 20:59:50,938 - Epoch [67/100] | Train Loss: 0.3606 - Train Acc: 85.78% | Val Loss: 0.7060 - Val Acc: 74.00%
2026-07-04 20:59:51,462 - Epoch [68/100] | Train Loss: 0.3546 - Train Acc: 84.67% | Val Loss: 0.7650 - Val Acc: 70.00%
2026-07-04 20:59:51,985 - Epoch [69/100] | Train Loss: 0.4322 - Train Acc: 83.56% | Val Loss: 1.1776 - Val Acc: 66.00%
2026-07-04 20:59:52,509 - Epoch [70/100] | Train Loss: 0.5192 - Train Acc: 82.00% | Val Loss: 1.9618 - Val Acc: 52.00%
2026-07-04 20:59:53,034 - Epoch [71/100] | Train Loss: 0.4940 - Train Acc: 82.44% | Val Loss: 3.0707 - Val Acc: 46.00%
2026-07-04 20:59:53,559 - Epoch [72/100] | Train Loss: 0.4779 - Train Acc: 83.78% | Val Loss: 1.5928 - Val Acc: 58.00%
2026-07-04 20:59:54,083 - Epoch [73/100] | Train Loss: 0.5722 - Train Acc: 80.67% | Val Loss: 2.0795 - Val Acc: 62.00%
2026-07-04 20:59:54,606 - Epoch [74/100] | Train Loss: 0.4658 - Train Acc: 83.56% | Val Loss: 1.3163 - Val Acc: 70.00%
2026-07-04 20:59:55,132 - Epoch [75/100] | Train Loss: 0.5150 - Train Acc: 81.78% | Val Loss: 0.8099 - Val Acc: 74.00%
2026-07-04 20:59:55,656 - Epoch [76/100] | Train Loss: 0.4095 - Train Acc: 84.00% | Val Loss: 1.0901 - Val Acc: 70.00%
2026-07-04 20:59:56,181 - Epoch [77/100] | Train Loss: 0.3805 - Train Acc: 86.00% | Val Loss: 0.9848 - Val Acc: 78.00%
2026-07-04 20:59:56,706 - Epoch [78/100] | Train Loss: 0.3996 - Train Acc: 85.78% | Val Loss: 2.3450 - Val Acc: 54.00%
2026-07-04 20:59:57,230 - Epoch [79/100] | Train Loss: 0.4200 - Train Acc: 83.33% | Val Loss: 0.8978 - Val Acc: 62.00%
2026-07-04 20:59:57,756 - Epoch [80/100] | Train Loss: 0.3964 - Train Acc: 86.22% | Val Loss: 0.7083 - Val Acc: 72.00%
2026-07-04 20:59:58,281 - Epoch [81/100] | Train Loss: 0.4231 - Train Acc: 83.56% | Val Loss: 1.2035 - Val Acc: 66.00%
2026-07-04 20:59:58,803 - Epoch [82/100] | Train Loss: 0.4542 - Train Acc: 83.78% | Val Loss: 2.8280 - Val Acc: 48.00%
2026-07-04 20:59:59,327 - Epoch [83/100] | Train Loss: 0.4832 - Train Acc: 82.00% | Val Loss: 8.1498 - Val Acc: 14.00%
2026-07-04 20:59:59,849 - Epoch [84/100] | Train Loss: 0.4628 - Train Acc: 83.11% | Val Loss: 1.6709 - Val Acc: 58.00%
2026-07-04 21:00:00,375 - Epoch [85/100] | Train Loss: 0.3811 - Train Acc: 86.67% | Val Loss: 1.1016 - Val Acc: 64.00%
2026-07-04 21:00:00,900 - Epoch [86/100] | Train Loss: 0.3720 - Train Acc: 86.22% | Val Loss: 0.6624 - Val Acc: 76.00%
2026-07-04 21:00:01,425 - Epoch [87/100] | Train Loss: 0.3612 - Train Acc: 86.89% | Val Loss: 0.5356 - Val Acc: 86.00%
2026-07-04 21:00:01,949 - Epoch [88/100] | Train Loss: 0.3141 - Train Acc: 87.33% | Val Loss: 0.8943 - Val Acc: 68.00%
2026-07-04 21:00:02,473 - Epoch [89/100] | Train Loss: 0.3146 - Train Acc: 89.33% | Val Loss: 0.5762 - Val Acc: 80.00%
2026-07-04 21:00:02,997 - Epoch [90/100] | Train Loss: 0.2782 - Train Acc: 90.89% | Val Loss: 0.8153 - Val Acc: 78.00%
2026-07-04 21:00:03,522 - Epoch [91/100] | Train Loss: 0.3205 - Train Acc: 88.00% | Val Loss: 0.6529 - Val Acc: 80.00%
2026-07-04 21:00:04,047 - Epoch [92/100] | Train Loss: 0.2203 - Train Acc: 92.22% | Val Loss: 0.6525 - Val Acc: 80.00%
2026-07-04 21:00:04,570 - Epoch [93/100] | Train Loss: 0.2216 - Train Acc: 92.67% | Val Loss: 0.5899 - Val Acc: 76.00%
2026-07-04 21:00:05,093 - Epoch [94/100] | Train Loss: 0.1971 - Train Acc: 92.67% | Val Loss: 0.6734 - Val Acc: 74.00%
2026-07-04 21:00:05,616 - Epoch [95/100] | Train Loss: 0.3427 - Train Acc: 86.44% | Val Loss: 0.5510 - Val Acc: 82.00%
2026-07-04 21:00:06,142 - Epoch [96/100] | Train Loss: 0.2633 - Train Acc: 88.67% | Val Loss: 0.6779 - Val Acc: 76.00%
2026-07-04 21:00:06,667 - Epoch [97/100] | Train Loss: 0.2144 - Train Acc: 93.33% | Val Loss: 0.8113 - Val Acc: 70.00%
2026-07-04 21:00:07,190 - Epoch [98/100] | Train Loss: 0.2582 - Train Acc: 90.89% | Val Loss: 0.7258 - Val Acc: 78.00%
2026-07-04 21:00:07,715 - Epoch [99/100] | Train Loss: 0.2342 - Train Acc: 91.11% | Val Loss: 0.6891 - Val Acc: 80.00%
2026-07-04 21:00:08,238 - Epoch [100/100] | Train Loss: 0.2769 - Train Acc: 90.00% | Val Loss: 1.7164 - Val Acc: 64.00%
2026-07-04 21:00:08,238 - --------------------------------------------------
2026-07-04 21:00:08,238 - Training Complete!
2026-07-04 21:00:08,239 - Total Training Time: 52.55 seconds
2026-07-04 21:00:08,239 - Peak GPU Memory (allocated): 1396.79 MB
2026-07-05 18:34:45,344 - 
 Starting Training Routine...
2026-07-05 18:34:45,344 - --------------------------------------------------
2026-07-05 18:34:46,518 - Epoch [01/100] | Train Loss: 0.8441 - Train Acc: 67.86% | Val Loss: 0.5501 - Val Acc: 79.08%
2026-07-05 18:34:47,255 - Epoch [02/100] | Train Loss: 0.4082 - Train Acc: 85.20% | Val Loss: 2.5422 - Val Acc: 38.99%
2026-07-05 18:34:48,004 - Epoch [03/100] | Train Loss: 0.2868 - Train Acc: 89.92% | Val Loss: 0.6542 - Val Acc: 76.66%
2026-07-05 18:34:48,749 - Epoch [04/100] | Train Loss: 0.2439 - Train Acc: 91.65% | Val Loss: 2.0051 - Val Acc: 52.82%
2026-07-05 18:34:49,506 - Epoch [05/100] | Train Loss: 0.2172 - Train Acc: 92.62% | Val Loss: 1.6638 - Val Acc: 59.33%
2026-07-05 18:34:50,244 - Epoch [06/100] | Train Loss: 0.1867 - Train Acc: 93.59% | Val Loss: 1.2060 - Val Acc: 66.57%
2026-07-05 18:34:50,983 - Epoch [07/100] | Train Loss: 0.1666 - Train Acc: 94.05% | Val Loss: 0.8066 - Val Acc: 73.15%
2026-07-05 18:34:51,728 - Epoch [08/100] | Train Loss: 0.1571 - Train Acc: 94.53% | Val Loss: 0.2556 - Val Acc: 90.86%
2026-07-05 18:34:52,485 - Epoch [09/100] | Train Loss: 0.1339 - Train Acc: 95.31% | Val Loss: 0.2820 - Val Acc: 89.83%
2026-07-05 18:34:53,240 - Epoch [10/100] | Train Loss: 0.1220 - Train Acc: 95.69% | Val Loss: 0.1082 - Val Acc: 96.42%
2026-07-05 18:34:54,040 - Epoch [11/100] | Train Loss: 0.1214 - Train Acc: 95.78% | Val Loss: 1.1505 - Val Acc: 65.47%
2026-07-05 18:34:54,813 - Epoch [12/100] | Train Loss: 0.1262 - Train Acc: 95.78% | Val Loss: 0.5838 - Val Acc: 84.42%
2026-07-05 18:34:55,570 - Epoch [13/100] | Train Loss: 0.0958 - Train Acc: 96.73% | Val Loss: 0.3256 - Val Acc: 88.81%
2026-07-05 18:34:56,299 - Epoch [14/100] | Train Loss: 0.0928 - Train Acc: 96.75% | Val Loss: 1.1307 - Val Acc: 74.10%
2026-07-05 18:34:57,044 - Epoch [15/100] | Train Loss: 0.0937 - Train Acc: 96.62% | Val Loss: 0.1127 - Val Acc: 96.42%
2026-07-05 18:35:24,184 - 
 Starting Training Routine...
2026-07-05 18:35:24,184 - --------------------------------------------------
2026-07-05 18:35:24,434 - Epoch [01/100] | Train Loss: 2.2534 - Train Acc: 20.67% | Val Loss: 2.3731 - Val Acc: 16.00%
2026-07-05 18:35:24,470 - Epoch [02/100] | Train Loss: 2.0813 - Train Acc: 28.67% | Val Loss: 2.2511 - Val Acc: 22.00%
2026-07-05 18:35:24,499 - Epoch [03/100] | Train Loss: 1.9123 - Train Acc: 28.67% | Val Loss: 2.1686 - Val Acc: 14.00%
2026-07-05 18:35:24,529 - Epoch [04/100] | Train Loss: 1.6763 - Train Acc: 34.67% | Val Loss: 2.4239 - Val Acc: 26.00%
2026-07-05 18:35:24,557 - Epoch [05/100] | Train Loss: 1.6522 - Train Acc: 37.11% | Val Loss: 2.1167 - Val Acc: 24.00%
2026-07-05 18:35:24,584 - Epoch [06/100] | Train Loss: 1.4926 - Train Acc: 42.89% | Val Loss: 1.9628 - Val Acc: 20.00%
2026-07-05 18:35:24,614 - Epoch [07/100] | Train Loss: 1.3161 - Train Acc: 47.78% | Val Loss: 1.7513 - Val Acc: 36.00%
2026-07-05 18:35:24,643 - Epoch [08/100] | Train Loss: 1.2632 - Train Acc: 52.89% | Val Loss: 1.6637 - Val Acc: 38.00%
2026-07-05 18:35:24,675 - Epoch [09/100] | Train Loss: 1.4147 - Train Acc: 46.89% | Val Loss: 1.6453 - Val Acc: 40.00%
2026-07-05 18:35:24,704 - Epoch [10/100] | Train Loss: 1.3913 - Train Acc: 46.67% | Val Loss: 1.6582 - Val Acc: 48.00%
2026-07-05 18:35:24,732 - Epoch [11/100] | Train Loss: 1.4157 - Train Acc: 50.00% | Val Loss: 1.4568 - Val Acc: 50.00%
2026-07-05 18:35:24,761 - Epoch [12/100] | Train Loss: 1.2147 - Train Acc: 54.67% | Val Loss: 1.6367 - Val Acc: 46.00%
2026-07-05 18:35:24,788 - Epoch [13/100] | Train Loss: 1.0817 - Train Acc: 57.33% | Val Loss: 1.2985 - Val Acc: 50.00%
2026-07-05 18:35:24,819 - Epoch [14/100] | Train Loss: 1.0275 - Train Acc: 57.78% | Val Loss: 1.0371 - Val Acc: 66.00%
2026-07-05 18:35:24,846 - Epoch [15/100] | Train Loss: 0.9592 - Train Acc: 64.67% | Val Loss: 1.4638 - Val Acc: 54.00%
2026-07-05 18:35:24,874 - Epoch [16/100] | Train Loss: 0.8814 - Train Acc: 65.33% | Val Loss: 1.0355 - Val Acc: 68.00%
2026-07-05 18:35:24,897 - Epoch [17/100] | Train Loss: 0.7845 - Train Acc: 70.44% | Val Loss: 1.3208 - Val Acc: 60.00%
2026-07-05 18:35:24,925 - Epoch [18/100] | Train Loss: 1.2106 - Train Acc: 52.89% | Val Loss: 2.0111 - Val Acc: 42.00%
2026-07-05 18:35:24,954 - Epoch [19/100] | Train Loss: 1.0905 - Train Acc: 59.78% | Val Loss: 1.6191 - Val Acc: 42.00%
2026-07-05 18:35:24,984 - Epoch [20/100] | Train Loss: 0.9151 - Train Acc: 66.00% | Val Loss: 1.4763 - Val Acc: 54.00%
2026-07-05 18:35:25,009 - Epoch [21/100] | Train Loss: 0.7031 - Train Acc: 74.89% | Val Loss: 0.8232 - Val Acc: 72.00%
2026-07-05 18:35:25,036 - Epoch [22/100] | Train Loss: 0.5770 - Train Acc: 76.22% | Val Loss: 1.1301 - Val Acc: 60.00%
2026-07-05 18:35:25,069 - Epoch [23/100] | Train Loss: 1.1146 - Train Acc: 61.56% | Val Loss: 1.3361 - Val Acc: 56.00%
2026-07-05 18:35:25,093 - Epoch [24/100] | Train Loss: 1.1698 - Train Acc: 57.78% | Val Loss: 1.2569 - Val Acc: 56.00%
2026-07-05 18:35:25,124 - Epoch [25/100] | Train Loss: 1.1656 - Train Acc: 57.78% | Val Loss: 1.0644 - Val Acc: 58.00%
2026-07-05 18:35:25,147 - Epoch [26/100] | Train Loss: 0.8841 - Train Acc: 69.56% | Val Loss: 1.1112 - Val Acc: 64.00%
2026-07-05 18:35:25,175 - Epoch [27/100] | Train Loss: 1.0953 - Train Acc: 62.44% | Val Loss: 1.5593 - Val Acc: 44.00%
2026-07-05 18:35:25,203 - Epoch [28/100] | Train Loss: 1.0117 - Train Acc: 62.44% | Val Loss: 1.0994 - Val Acc: 64.00%
2026-07-05 18:35:25,233 - Epoch [29/100] | Train Loss: 1.1421 - Train Acc: 58.67% | Val Loss: 1.6692 - Val Acc: 48.00%
2026-07-05 18:35:25,260 - Epoch [30/100] | Train Loss: 1.2792 - Train Acc: 52.00% | Val Loss: 1.4461 - Val Acc: 46.00%
2026-07-05 18:35:25,286 - Epoch [31/100] | Train Loss: 1.0464 - Train Acc: 60.00% | Val Loss: 1.2079 - Val Acc: 62.00%
2026-07-05 18:35:25,314 - Epoch [32/100] | Train Loss: 0.9754 - Train Acc: 65.33% | Val Loss: 1.0598 - Val Acc: 60.00%
2026-07-05 18:35:25,341 - Epoch [33/100] | Train Loss: 0.8593 - Train Acc: 69.11% | Val Loss: 0.8931 - Val Acc: 68.00%
2026-07-05 18:35:25,369 - Epoch [34/100] | Train Loss: 0.7348 - Train Acc: 73.11% | Val Loss: 0.8864 - Val Acc: 66.00%
2026-07-05 18:35:25,398 - Epoch [35/100] | Train Loss: 0.6349 - Train Acc: 76.89% | Val Loss: 0.9323 - Val Acc: 72.00%
2026-07-05 18:35:25,424 - Epoch [36/100] | Train Loss: 0.5268 - Train Acc: 81.56% | Val Loss: 0.8712 - Val Acc: 70.00%
2026-07-05 18:35:25,447 - Epoch [37/100] | Train Loss: 0.6723 - Train Acc: 75.33% | Val Loss: 0.9277 - Val Acc: 70.00%
2026-07-05 18:35:25,480 - Epoch [38/100] | Train Loss: 0.5735 - Train Acc: 79.11% | Val Loss: 0.8121 - Val Acc: 74.00%
2026-07-05 18:35:25,509 - Epoch [39/100] | Train Loss: 0.5176 - Train Acc: 80.00% | Val Loss: 0.7446 - Val Acc: 76.00%
2026-07-05 18:35:25,537 - Epoch [40/100] | Train Loss: 0.4131 - Train Acc: 84.22% | Val Loss: 0.7770 - Val Acc: 68.00%
2026-07-05 18:35:25,565 - Epoch [41/100] | Train Loss: 0.7055 - Train Acc: 76.00% | Val Loss: 0.9127 - Val Acc: 66.00%
2026-07-05 18:35:25,593 - Epoch [42/100] | Train Loss: 0.5806 - Train Acc: 77.33% | Val Loss: 0.9495 - Val Acc: 64.00%
2026-07-05 18:35:25,619 - Epoch [43/100] | Train Loss: 0.4365 - Train Acc: 85.56% | Val Loss: 0.7692 - Val Acc: 68.00%
2026-07-05 18:35:25,647 - Epoch [44/100] | Train Loss: 0.3877 - Train Acc: 85.56% | Val Loss: 0.8233 - Val Acc: 72.00%
2026-07-05 18:35:25,675 - Epoch [45/100] | Train Loss: 0.5295 - Train Acc: 85.33% | Val Loss: 0.9647 - Val Acc: 70.00%
2026-07-05 18:35:25,702 - Epoch [46/100] | Train Loss: 0.4415 - Train Acc: 81.78% | Val Loss: 0.7382 - Val Acc: 74.00%
2026-07-05 18:35:25,730 - Epoch [47/100] | Train Loss: 0.3549 - Train Acc: 85.78% | Val Loss: 0.7764 - Val Acc: 74.00%
2026-07-05 18:35:25,758 - Epoch [48/100] | Train Loss: 0.2740 - Train Acc: 92.22% | Val Loss: 0.8785 - Val Acc: 70.00%
2026-07-05 18:35:25,786 - Epoch [49/100] | Train Loss: 0.6337 - Train Acc: 79.33% | Val Loss: 1.0401 - Val Acc: 62.00%
2026-07-05 18:35:25,809 - Epoch [50/100] | Train Loss: 0.5384 - Train Acc: 82.89% | Val Loss: 1.1217 - Val Acc: 56.00%
2026-07-05 18:35:25,835 - Epoch [51/100] | Train Loss: 0.7377 - Train Acc: 75.11% | Val Loss: 0.7794 - Val Acc: 70.00%
2026-07-05 18:35:25,863 - Epoch [52/100] | Train Loss: 0.4724 - Train Acc: 84.89% | Val Loss: 1.2620 - Val Acc: 58.00%
2026-07-05 18:35:25,894 - Epoch [53/100] | Train Loss: 0.5352 - Train Acc: 80.67% | Val Loss: 1.1003 - Val Acc: 66.00%
2026-07-05 18:35:25,923 - Epoch [54/100] | Train Loss: 0.4271 - Train Acc: 86.44% | Val Loss: 1.0382 - Val Acc: 76.00%
2026-07-05 18:35:25,949 - Epoch [55/100] | Train Loss: 0.3318 - Train Acc: 87.56% | Val Loss: 0.9295 - Val Acc: 70.00%
2026-07-05 18:35:25,979 - Epoch [56/100] | Train Loss: 0.3877 - Train Acc: 86.00% | Val Loss: 1.1545 - Val Acc: 68.00%
2026-07-05 18:35:26,003 - Epoch [57/100] | Train Loss: 0.3766 - Train Acc: 87.11% | Val Loss: 1.1582 - Val Acc: 66.00%
2026-07-05 18:35:26,033 - Epoch [58/100] | Train Loss: 0.5340 - Train Acc: 83.11% | Val Loss: 1.0734 - Val Acc: 56.00%
2026-07-05 18:35:26,057 - Epoch [59/100] | Train Loss: 0.7120 - Train Acc: 76.89% | Val Loss: 2.5178 - Val Acc: 52.00%
2026-07-05 18:35:26,090 - Epoch [60/100] | Train Loss: 0.4659 - Train Acc: 83.78% | Val Loss: 1.6997 - Val Acc: 62.00%
2026-07-05 18:35:26,113 - Epoch [61/100] | Train Loss: 0.4073 - Train Acc: 85.78% | Val Loss: 0.8520 - Val Acc: 76.00%
2026-07-05 18:35:26,144 - Epoch [62/100] | Train Loss: 0.3288 - Train Acc: 85.56% | Val Loss: 0.7955 - Val Acc: 76.00%
2026-07-05 18:35:26,168 - Epoch [63/100] | Train Loss: 0.2363 - Train Acc: 91.78% | Val Loss: 0.6774 - Val Acc: 82.00%
2026-07-05 18:35:26,196 - Epoch [64/100] | Train Loss: 0.1802 - Train Acc: 93.78% | Val Loss: 0.8527 - Val Acc: 80.00%
2026-07-05 18:35:26,229 - Epoch [65/100] | Train Loss: 0.2534 - Train Acc: 90.89% | Val Loss: 0.7258 - Val Acc: 78.00%
2026-07-05 18:35:26,254 - Epoch [66/100] | Train Loss: 0.2971 - Train Acc: 89.56% | Val Loss: 1.2285 - Val Acc: 70.00%
2026-07-05 18:35:26,284 - Epoch [67/100] | Train Loss: 0.2882 - Train Acc: 90.89% | Val Loss: 0.6391 - Val Acc: 78.00%
2026-07-05 18:35:26,307 - Epoch [68/100] | Train Loss: 0.2208 - Train Acc: 91.78% | Val Loss: 0.6220 - Val Acc: 80.00%
2026-07-05 18:35:26,341 - Epoch [69/100] | Train Loss: 0.2250 - Train Acc: 91.11% | Val Loss: 0.7616 - Val Acc: 78.00%
2026-07-05 18:35:26,369 - Epoch [70/100] | Train Loss: 0.2036 - Train Acc: 93.33% | Val Loss: 0.4591 - Val Acc: 86.00%
2026-07-05 18:35:26,397 - Epoch [71/100] | Train Loss: 0.1573 - Train Acc: 95.11% | Val Loss: 0.5383 - Val Acc: 80.00%
2026-07-05 18:35:26,425 - Epoch [72/100] | Train Loss: 0.3452 - Train Acc: 88.22% | Val Loss: 0.6976 - Val Acc: 80.00%
2026-07-05 18:35:26,452 - Epoch [73/100] | Train Loss: 0.2431 - Train Acc: 91.56% | Val Loss: 0.5689 - Val Acc: 78.00%
2026-07-05 18:35:26,474 - Epoch [74/100] | Train Loss: 0.1806 - Train Acc: 94.22% | Val Loss: 0.6024 - Val Acc: 78.00%
2026-07-05 18:35:26,504 - Epoch [75/100] | Train Loss: 0.1731 - Train Acc: 94.00% | Val Loss: 0.8259 - Val Acc: 76.00%
2026-07-05 18:35:26,533 - Epoch [76/100] | Train Loss: 0.1068 - Train Acc: 96.44% | Val Loss: 0.7820 - Val Acc: 82.00%
2026-07-05 18:35:26,557 - Epoch [77/100] | Train Loss: 0.1195 - Train Acc: 95.56% | Val Loss: 0.8221 - Val Acc: 80.00%
2026-07-05 18:35:26,585 - Epoch [78/100] | Train Loss: 0.2502 - Train Acc: 93.33% | Val Loss: 1.0428 - Val Acc: 72.00%
2026-07-05 18:35:26,618 - Epoch [79/100] | Train Loss: 0.2394 - Train Acc: 92.00% | Val Loss: 0.7879 - Val Acc: 74.00%
2026-07-05 18:35:26,643 - Epoch [80/100] | Train Loss: 0.1945 - Train Acc: 94.44% | Val Loss: 0.5871 - Val Acc: 78.00%
2026-07-05 18:35:26,674 - Epoch [81/100] | Train Loss: 0.1357 - Train Acc: 95.56% | Val Loss: 0.7880 - Val Acc: 78.00%
2026-07-05 18:35:26,701 - Epoch [82/100] | Train Loss: 0.1094 - Train Acc: 96.22% | Val Loss: 0.5563 - Val Acc: 84.00%
2026-07-05 18:35:26,724 - Epoch [83/100] | Train Loss: 0.0915 - Train Acc: 96.67% | Val Loss: 0.5871 - Val Acc: 78.00%
2026-07-05 18:35:26,757 - Epoch [84/100] | Train Loss: 0.0509 - Train Acc: 98.22% | Val Loss: 0.6184 - Val Acc: 82.00%
2026-07-05 18:35:26,784 - Epoch [85/100] | Train Loss: 0.1090 - Train Acc: 96.44% | Val Loss: 0.7139 - Val Acc: 80.00%
2026-07-05 18:35:26,810 - Epoch [86/100] | Train Loss: 0.0614 - Train Acc: 97.78% | Val Loss: 0.5460 - Val Acc: 84.00%
2026-07-05 18:35:26,835 - Epoch [87/100] | Train Loss: 0.0562 - Train Acc: 98.22% | Val Loss: 0.5096 - Val Acc: 82.00%
2026-07-05 18:35:26,868 - Epoch [88/100] | Train Loss: 0.0456 - Train Acc: 98.44% | Val Loss: 0.5947 - Val Acc: 82.00%
2026-07-05 18:35:26,893 - Epoch [89/100] | Train Loss: 0.0464 - Train Acc: 98.67% | Val Loss: 0.5739 - Val Acc: 80.00%
2026-07-05 18:35:26,918 - Epoch [90/100] | Train Loss: 0.0230 - Train Acc: 99.78% | Val Loss: 0.5657 - Val Acc: 82.00%
2026-07-05 18:35:26,947 - Epoch [91/100] | Train Loss: 0.0549 - Train Acc: 97.33% | Val Loss: 1.0270 - Val Acc: 76.00%
2026-07-05 18:35:26,974 - Epoch [92/100] | Train Loss: 0.0396 - Train Acc: 98.67% | Val Loss: 0.5302 - Val Acc: 80.00%
2026-07-05 18:35:27,006 - Epoch [93/100] | Train Loss: 0.0216 - Train Acc: 99.56% | Val Loss: 0.6550 - Val Acc: 80.00%
2026-07-05 18:35:27,033 - Epoch [94/100] | Train Loss: 0.0209 - Train Acc: 99.56% | Val Loss: 0.5860 - Val Acc: 84.00%
2026-07-05 18:35:27,057 - Epoch [95/100] | Train Loss: 0.0350 - Train Acc: 99.33% | Val Loss: 0.7139 - Val Acc: 80.00%
2026-07-05 18:35:27,085 - Epoch [96/100] | Train Loss: 0.0979 - Train Acc: 97.56% | Val Loss: 0.9856 - Val Acc: 84.00%
2026-07-05 18:35:27,114 - Epoch [97/100] | Train Loss: 0.0752 - Train Acc: 97.56% | Val Loss: 1.0039 - Val Acc: 78.00%
2026-07-05 18:35:27,144 - Epoch [98/100] | Train Loss: 0.0636 - Train Acc: 97.78% | Val Loss: 0.8854 - Val Acc: 76.00%
2026-07-05 18:35:27,168 - Epoch [99/100] | Train Loss: 0.0905 - Train Acc: 98.67% | Val Loss: 0.8000 - Val Acc: 82.00%
2026-07-05 18:35:27,196 - Epoch [100/100] | Train Loss: 0.8592 - Train Acc: 82.22% | Val Loss: 0.7703 - Val Acc: 68.00%
2026-07-05 18:35:27,196 - --------------------------------------------------
2026-07-05 18:35:27,196 - Training Complete!
2026-07-05 18:35:27,196 - Total Training Time: 3.01 seconds
2026-07-05 18:35:27,196 - Peak GPU Memory (allocated): 94.98 MB
2026-07-05 18:36:16,493 - 
 Starting Training Routine...
2026-07-05 18:36:16,493 - --------------------------------------------------
2026-07-05 18:36:16,750 - Epoch [01/100] | Train Loss: 2.2534 - Train Acc: 20.67% | Val Loss: 2.3731 - Val Acc: 16.00%
2026-07-05 18:36:16,784 - Epoch [02/100] | Train Loss: 2.0811 - Train Acc: 28.44% | Val Loss: 2.2533 - Val Acc: 22.00%
2026-07-05 18:36:16,815 - Epoch [03/100] | Train Loss: 1.9090 - Train Acc: 28.67% | Val Loss: 2.1699 - Val Acc: 20.00%
2026-07-05 18:36:16,846 - Epoch [04/100] | Train Loss: 1.6846 - Train Acc: 34.89% | Val Loss: 2.3870 - Val Acc: 24.00%
2026-07-05 18:36:16,875 - Epoch [05/100] | Train Loss: 1.6520 - Train Acc: 36.44% | Val Loss: 2.0799 - Val Acc: 22.00%
2026-07-05 18:36:16,907 - Epoch [06/100] | Train Loss: 1.4947 - Train Acc: 42.67% | Val Loss: 1.9733 - Val Acc: 20.00%
2026-07-05 18:36:16,937 - Epoch [07/100] | Train Loss: 1.3261 - Train Acc: 48.00% | Val Loss: 1.6960 - Val Acc: 34.00%
2026-07-05 18:36:16,968 - Epoch [08/100] | Train Loss: 1.2628 - Train Acc: 52.67% | Val Loss: 1.7830 - Val Acc: 34.00%
2026-07-05 18:36:16,997 - Epoch [09/100] | Train Loss: 1.4212 - Train Acc: 47.33% | Val Loss: 1.4898 - Val Acc: 48.00%
2026-07-05 18:36:17,029 - Epoch [10/100] | Train Loss: 1.3238 - Train Acc: 49.56% | Val Loss: 1.6351 - Val Acc: 50.00%
2026-07-05 18:36:17,062 - Epoch [11/100] | Train Loss: 1.3997 - Train Acc: 48.89% | Val Loss: 1.5257 - Val Acc: 62.00%
2026-07-05 18:36:17,093 - Epoch [12/100] | Train Loss: 1.2243 - Train Acc: 53.78% | Val Loss: 1.4195 - Val Acc: 52.00%
2026-07-05 18:36:17,120 - Epoch [13/100] | Train Loss: 1.0767 - Train Acc: 57.11% | Val Loss: 1.2716 - Val Acc: 56.00%
2026-07-05 18:36:17,153 - Epoch [14/100] | Train Loss: 1.0823 - Train Acc: 56.44% | Val Loss: 1.1912 - Val Acc: 54.00%
2026-07-05 18:36:17,185 - Epoch [15/100] | Train Loss: 1.0167 - Train Acc: 58.22% | Val Loss: 1.4081 - Val Acc: 56.00%
2026-07-05 18:36:17,209 - Epoch [16/100] | Train Loss: 1.0978 - Train Acc: 59.78% | Val Loss: 1.1711 - Val Acc: 64.00%
2026-07-05 18:36:17,243 - Epoch [17/100] | Train Loss: 0.9821 - Train Acc: 64.00% | Val Loss: 1.2493 - Val Acc: 58.00%
2026-07-05 18:36:17,272 - Epoch [18/100] | Train Loss: 1.2177 - Train Acc: 51.78% | Val Loss: 2.5186 - Val Acc: 38.00%
2026-07-05 18:36:17,299 - Epoch [19/100] | Train Loss: 0.9892 - Train Acc: 64.00% | Val Loss: 1.4938 - Val Acc: 56.00%
2026-07-05 18:36:17,328 - Epoch [20/100] | Train Loss: 0.8037 - Train Acc: 71.11% | Val Loss: 1.1389 - Val Acc: 68.00%
2026-07-05 18:36:17,357 - Epoch [21/100] | Train Loss: 0.7184 - Train Acc: 71.56% | Val Loss: 1.1013 - Val Acc: 66.00%
2026-07-05 18:36:17,387 - Epoch [22/100] | Train Loss: 0.5897 - Train Acc: 78.22% | Val Loss: 0.9171 - Val Acc: 64.00%
2026-07-05 18:36:17,413 - Epoch [23/100] | Train Loss: 0.8410 - Train Acc: 69.33% | Val Loss: 1.0520 - Val Acc: 58.00%
2026-07-05 18:36:17,443 - Epoch [24/100] | Train Loss: 1.2180 - Train Acc: 57.11% | Val Loss: 1.5222 - Val Acc: 46.00%
2026-07-05 18:36:17,468 - Epoch [25/100] | Train Loss: 1.0902 - Train Acc: 62.89% | Val Loss: 1.2035 - Val Acc: 48.00%
2026-07-05 18:36:17,494 - Epoch [26/100] | Train Loss: 1.0273 - Train Acc: 63.56% | Val Loss: 1.2980 - Val Acc: 64.00%
2026-07-05 18:36:17,523 - Epoch [27/100] | Train Loss: 1.0629 - Train Acc: 62.00% | Val Loss: 1.0432 - Val Acc: 64.00%
2026-07-05 18:36:17,554 - Epoch [28/100] | Train Loss: 0.9772 - Train Acc: 63.78% | Val Loss: 1.2287 - Val Acc: 60.00%
2026-07-05 18:36:17,579 - Epoch [29/100] | Train Loss: 0.7451 - Train Acc: 73.11% | Val Loss: 0.7950 - Val Acc: 76.00%
2026-07-05 18:36:17,605 - Epoch [30/100] | Train Loss: 0.8288 - Train Acc: 72.00% | Val Loss: 1.2590 - Val Acc: 54.00%
2026-07-05 18:36:17,633 - Epoch [31/100] | Train Loss: 0.8972 - Train Acc: 69.78% | Val Loss: 1.0815 - Val Acc: 64.00%
2026-07-05 18:36:17,663 - Epoch [32/100] | Train Loss: 0.7830 - Train Acc: 75.56% | Val Loss: 1.3007 - Val Acc: 60.00%
2026-07-05 18:36:17,694 - Epoch [33/100] | Train Loss: 0.6598 - Train Acc: 75.11% | Val Loss: 0.9378 - Val Acc: 72.00%
2026-07-05 18:36:17,722 - Epoch [34/100] | Train Loss: 0.5709 - Train Acc: 79.78% | Val Loss: 0.7490 - Val Acc: 78.00%
2026-07-05 18:36:17,751 - Epoch [35/100] | Train Loss: 0.4439 - Train Acc: 84.00% | Val Loss: 0.7263 - Val Acc: 74.00%
2026-07-05 18:36:17,780 - Epoch [36/100] | Train Loss: 0.4532 - Train Acc: 83.33% | Val Loss: 0.6522 - Val Acc: 76.00%
2026-07-05 18:36:17,808 - Epoch [37/100] | Train Loss: 0.4289 - Train Acc: 84.67% | Val Loss: 0.5913 - Val Acc: 78.00%
2026-07-05 18:36:17,834 - Epoch [38/100] | Train Loss: 0.3043 - Train Acc: 87.11% | Val Loss: 0.7164 - Val Acc: 76.00%
2026-07-05 18:36:17,864 - Epoch [39/100] | Train Loss: 0.2691 - Train Acc: 90.00% | Val Loss: 0.5387 - Val Acc: 80.00%
2026-07-05 18:36:17,894 - Epoch [40/100] | Train Loss: 0.2826 - Train Acc: 88.44% | Val Loss: 0.6459 - Val Acc: 74.00%
2026-07-05 18:36:17,920 - Epoch [41/100] | Train Loss: 0.8332 - Train Acc: 74.89% | Val Loss: 1.2011 - Val Acc: 52.00%
2026-07-05 18:36:17,946 - Epoch [42/100] | Train Loss: 0.7411 - Train Acc: 73.78% | Val Loss: 1.0215 - Val Acc: 72.00%
2026-07-05 18:36:17,973 - Epoch [43/100] | Train Loss: 0.6838 - Train Acc: 75.56% | Val Loss: 1.7284 - Val Acc: 46.00%
2026-07-05 18:36:18,003 - Epoch [44/100] | Train Loss: 0.5514 - Train Acc: 79.11% | Val Loss: 1.0299 - Val Acc: 64.00%
2026-07-05 18:36:18,028 - Epoch [45/100] | Train Loss: 0.5288 - Train Acc: 82.00% | Val Loss: 0.8782 - Val Acc: 64.00%
2026-07-05 18:36:18,056 - Epoch [46/100] | Train Loss: 0.4246 - Train Acc: 82.89% | Val Loss: 0.5451 - Val Acc: 80.00%
2026-07-05 18:36:18,084 - Epoch [47/100] | Train Loss: 0.3256 - Train Acc: 88.00% | Val Loss: 1.1291 - Val Acc: 72.00%
2026-07-05 18:36:18,114 - Epoch [48/100] | Train Loss: 0.5420 - Train Acc: 82.67% | Val Loss: 1.2174 - Val Acc: 70.00%
2026-07-05 18:36:18,139 - Epoch [49/100] | Train Loss: 0.4868 - Train Acc: 80.22% | Val Loss: 1.0933 - Val Acc: 68.00%
2026-07-05 18:36:18,167 - Epoch [50/100] | Train Loss: 0.4204 - Train Acc: 82.89% | Val Loss: 0.9421 - Val Acc: 70.00%
2026-07-05 18:36:18,195 - Epoch [51/100] | Train Loss: 0.4052 - Train Acc: 84.44% | Val Loss: 0.8595 - Val Acc: 74.00%
2026-07-05 18:36:18,223 - Epoch [52/100] | Train Loss: 0.4607 - Train Acc: 83.78% | Val Loss: 1.0395 - Val Acc: 70.00%
2026-07-05 18:36:18,251 - Epoch [53/100] | Train Loss: 0.5056 - Train Acc: 84.00% | Val Loss: 0.9883 - Val Acc: 68.00%
2026-07-05 18:36:18,278 - Epoch [54/100] | Train Loss: 0.6839 - Train Acc: 74.67% | Val Loss: 1.0925 - Val Acc: 66.00%
2026-07-05 18:36:18,306 - Epoch [55/100] | Train Loss: 0.4971 - Train Acc: 81.33% | Val Loss: 1.1110 - Val Acc: 56.00%
2026-07-05 18:36:18,333 - Epoch [56/100] | Train Loss: 0.4598 - Train Acc: 86.00% | Val Loss: 0.9955 - Val Acc: 70.00%
2026-07-05 18:36:18,355 - Epoch [57/100] | Train Loss: 0.4002 - Train Acc: 88.00% | Val Loss: 0.8185 - Val Acc: 66.00%
2026-07-05 18:36:18,384 - Epoch [58/100] | Train Loss: 0.4809 - Train Acc: 82.44% | Val Loss: 1.5266 - Val Acc: 64.00%
2026-07-05 18:36:18,414 - Epoch [59/100] | Train Loss: 0.3261 - Train Acc: 88.00% | Val Loss: 0.9854 - Val Acc: 70.00%
2026-07-05 18:36:18,443 - Epoch [60/100] | Train Loss: 0.2910 - Train Acc: 89.56% | Val Loss: 0.7004 - Val Acc: 80.00%
2026-07-05 18:36:18,466 - Epoch [61/100] | Train Loss: 0.3198 - Train Acc: 89.78% | Val Loss: 1.0848 - Val Acc: 70.00%
2026-07-05 18:36:18,494 - Epoch [62/100] | Train Loss: 0.2922 - Train Acc: 88.44% | Val Loss: 0.7979 - Val Acc: 76.00%
2026-07-05 18:36:18,523 - Epoch [63/100] | Train Loss: 0.1699 - Train Acc: 94.44% | Val Loss: 0.7268 - Val Acc: 82.00%
2026-07-05 18:36:18,553 - Epoch [64/100] | Train Loss: 0.4955 - Train Acc: 84.89% | Val Loss: 1.1129 - Val Acc: 72.00%
2026-07-05 18:36:18,577 - Epoch [65/100] | Train Loss: 0.3538 - Train Acc: 88.22% | Val Loss: 0.6734 - Val Acc: 72.00%
2026-07-05 18:36:18,605 - Epoch [66/100] | Train Loss: 0.1964 - Train Acc: 93.56% | Val Loss: 0.6869 - Val Acc: 74.00%
2026-07-05 18:36:18,633 - Epoch [67/100] | Train Loss: 0.1979 - Train Acc: 92.67% | Val Loss: 0.7651 - Val Acc: 74.00%
2026-07-05 18:36:18,663 - Epoch [68/100] | Train Loss: 0.1949 - Train Acc: 92.89% | Val Loss: 0.8464 - Val Acc: 72.00%
2026-07-05 18:36:18,693 - Epoch [69/100] | Train Loss: 0.4286 - Train Acc: 88.89% | Val Loss: 1.2134 - Val Acc: 64.00%
2026-07-05 18:36:18,716 - Epoch [70/100] | Train Loss: 0.2434 - Train Acc: 89.78% | Val Loss: 0.7650 - Val Acc: 78.00%
2026-07-05 18:36:18,747 - Epoch [71/100] | Train Loss: 0.1840 - Train Acc: 94.67% | Val Loss: 0.8573 - Val Acc: 76.00%
2026-07-05 18:36:18,775 - Epoch [72/100] | Train Loss: 0.3233 - Train Acc: 90.67% | Val Loss: 0.7562 - Val Acc: 68.00%
2026-07-05 18:36:18,799 - Epoch [73/100] | Train Loss: 0.2337 - Train Acc: 92.89% | Val Loss: 0.7109 - Val Acc: 78.00%
2026-07-05 18:36:18,827 - Epoch [74/100] | Train Loss: 0.1793 - Train Acc: 93.11% | Val Loss: 0.7608 - Val Acc: 76.00%
2026-07-05 18:36:18,855 - Epoch [75/100] | Train Loss: 0.1206 - Train Acc: 96.67% | Val Loss: 0.8120 - Val Acc: 74.00%
2026-07-05 18:36:18,883 - Epoch [76/100] | Train Loss: 0.0960 - Train Acc: 97.33% | Val Loss: 0.8102 - Val Acc: 78.00%
2026-07-05 18:36:18,914 - Epoch [77/100] | Train Loss: 0.0983 - Train Acc: 96.00% | Val Loss: 0.8798 - Val Acc: 80.00%
2026-07-05 18:36:18,940 - Epoch [78/100] | Train Loss: 0.1618 - Train Acc: 94.00% | Val Loss: 1.2376 - Val Acc: 66.00%
2026-07-05 18:36:18,966 - Epoch [79/100] | Train Loss: 0.2983 - Train Acc: 88.89% | Val Loss: 0.9546 - Val Acc: 64.00%
2026-07-05 18:36:18,994 - Epoch [80/100] | Train Loss: 0.2881 - Train Acc: 89.33% | Val Loss: 1.3718 - Val Acc: 62.00%
2026-07-05 18:36:19,023 - Epoch [81/100] | Train Loss: 0.7575 - Train Acc: 83.78% | Val Loss: 1.1460 - Val Acc: 72.00%
2026-07-05 18:36:19,049 - Epoch [82/100] | Train Loss: 0.5049 - Train Acc: 84.22% | Val Loss: 1.1034 - Val Acc: 66.00%
2026-07-05 18:36:19,077 - Epoch [83/100] | Train Loss: 0.3731 - Train Acc: 86.89% | Val Loss: 1.1633 - Val Acc: 68.00%
2026-07-05 18:36:19,105 - Epoch [84/100] | Train Loss: 0.3599 - Train Acc: 88.44% | Val Loss: 0.9126 - Val Acc: 68.00%
2026-07-05 18:36:19,133 - Epoch [85/100] | Train Loss: 0.2506 - Train Acc: 90.67% | Val Loss: 0.8517 - Val Acc: 72.00%
2026-07-05 18:36:19,160 - Epoch [86/100] | Train Loss: 0.1840 - Train Acc: 93.11% | Val Loss: 0.7297 - Val Acc: 74.00%
2026-07-05 18:36:19,188 - Epoch [87/100] | Train Loss: 0.1632 - Train Acc: 94.44% | Val Loss: 0.7938 - Val Acc: 76.00%
2026-07-05 18:36:19,216 - Epoch [88/100] | Train Loss: 0.1032 - Train Acc: 96.22% | Val Loss: 0.9209 - Val Acc: 76.00%
2026-07-05 18:36:19,244 - Epoch [89/100] | Train Loss: 0.0603 - Train Acc: 97.33% | Val Loss: 0.9092 - Val Acc: 78.00%
2026-07-05 18:36:19,273 - Epoch [90/100] | Train Loss: 0.0585 - Train Acc: 97.11% | Val Loss: 0.8870 - Val Acc: 78.00%
2026-07-05 18:36:19,299 - Epoch [91/100] | Train Loss: 0.0674 - Train Acc: 97.78% | Val Loss: 0.9193 - Val Acc: 76.00%
2026-07-05 18:36:19,327 - Epoch [92/100] | Train Loss: 0.0322 - Train Acc: 98.67% | Val Loss: 1.0132 - Val Acc: 76.00%
2026-07-05 18:36:19,355 - Epoch [93/100] | Train Loss: 0.0365 - Train Acc: 98.67% | Val Loss: 1.0891 - Val Acc: 78.00%
2026-07-05 18:36:19,383 - Epoch [94/100] | Train Loss: 0.0497 - Train Acc: 97.78% | Val Loss: 0.9864 - Val Acc: 76.00%
2026-07-05 18:36:19,413 - Epoch [95/100] | Train Loss: 0.0306 - Train Acc: 99.33% | Val Loss: 1.0655 - Val Acc: 78.00%
2026-07-05 18:36:19,440 - Epoch [96/100] | Train Loss: 0.1807 - Train Acc: 94.00% | Val Loss: 1.6068 - Val Acc: 68.00%
2026-07-05 18:36:19,466 - Epoch [97/100] | Train Loss: 0.3576 - Train Acc: 89.33% | Val Loss: 0.8189 - Val Acc: 74.00%
2026-07-05 18:36:19,494 - Epoch [98/100] | Train Loss: 0.2111 - Train Acc: 92.67% | Val Loss: 1.1308 - Val Acc: 76.00%
2026-07-05 18:36:19,524 - Epoch [99/100] | Train Loss: 0.2060 - Train Acc: 94.00% | Val Loss: 0.9660 - Val Acc: 78.00%
2026-07-05 18:36:19,554 - Epoch [100/100] | Train Loss: 0.5714 - Train Acc: 88.00% | Val Loss: 1.4290 - Val Acc: 66.00%
2026-07-05 18:36:19,554 - --------------------------------------------------
2026-07-05 18:36:19,554 - Training Complete!
2026-07-05 18:36:19,554 - Total Training Time: 3.06 seconds
2026-07-05 18:36:19,554 - Peak GPU Memory (allocated): 94.98 MB
2026-07-05 18:36:19,593 - 
 Starting Training Routine...
2026-07-05 18:36:19,593 - --------------------------------------------------
2026-07-05 18:36:19,625 - Epoch [01/50] | Train Loss: 4.1703 - Train Acc: 59.33% | Val Loss: 2.8772 - Val Acc: 62.00%
2026-07-05 18:36:19,653 - Epoch [02/50] | Train Loss: 3.1762 - Train Acc: 61.33% | Val Loss: 2.3711 - Val Acc: 68.00%
2026-07-05 18:36:19,683 - Epoch [03/50] | Train Loss: 2.6259 - Train Acc: 62.00% | Val Loss: 2.0582 - Val Acc: 66.00%
2026-07-05 18:36:19,716 - Epoch [04/50] | Train Loss: 2.2733 - Train Acc: 62.89% | Val Loss: 1.8620 - Val Acc: 66.00%
2026-07-05 18:36:19,744 - Epoch [05/50] | Train Loss: 2.1354 - Train Acc: 66.00% | Val Loss: 1.7086 - Val Acc: 68.00%
2026-07-05 18:36:19,774 - Epoch [06/50] | Train Loss: 1.7635 - Train Acc: 67.33% | Val Loss: 1.5304 - Val Acc: 74.00%
2026-07-05 18:36:19,806 - Epoch [07/50] | Train Loss: 1.5415 - Train Acc: 67.56% | Val Loss: 1.4092 - Val Acc: 76.00%
2026-07-05 18:36:19,834 - Epoch [08/50] | Train Loss: 1.3908 - Train Acc: 69.33% | Val Loss: 1.3131 - Val Acc: 76.00%
2026-07-05 18:36:19,863 - Epoch [09/50] | Train Loss: 1.4025 - Train Acc: 68.00% | Val Loss: 1.2375 - Val Acc: 78.00%
2026-07-05 18:36:19,893 - Epoch [10/50] | Train Loss: 1.2303 - Train Acc: 70.67% | Val Loss: 1.1568 - Val Acc: 76.00%
2026-07-05 18:36:19,924 - Epoch [11/50] | Train Loss: 1.1359 - Train Acc: 71.56% | Val Loss: 1.1316 - Val Acc: 80.00%
2026-07-05 18:36:19,953 - Epoch [12/50] | Train Loss: 1.0243 - Train Acc: 73.11% | Val Loss: 1.0777 - Val Acc: 76.00%
2026-07-05 18:36:19,983 - Epoch [13/50] | Train Loss: 0.9593 - Train Acc: 75.11% | Val Loss: 1.0624 - Val Acc: 74.00%
2026-07-05 18:36:20,014 - Epoch [14/50] | Train Loss: 0.8641 - Train Acc: 75.78% | Val Loss: 0.9978 - Val Acc: 74.00%
2026-07-05 18:36:20,043 - Epoch [15/50] | Train Loss: 0.7838 - Train Acc: 77.56% | Val Loss: 0.9787 - Val Acc: 78.00%
2026-07-05 18:36:20,077 - Epoch [16/50] | Train Loss: 0.7690 - Train Acc: 77.78% | Val Loss: 0.9379 - Val Acc: 80.00%
2026-07-05 18:36:20,105 - Epoch [17/50] | Train Loss: 0.7069 - Train Acc: 78.44% | Val Loss: 0.9168 - Val Acc: 78.00%
2026-07-05 18:36:20,133 - Epoch [18/50] | Train Loss: 0.7131 - Train Acc: 77.56% | Val Loss: 0.8823 - Val Acc: 82.00%
2026-07-05 18:36:20,164 - Epoch [19/50] | Train Loss: 0.6412 - Train Acc: 80.00% | Val Loss: 0.8544 - Val Acc: 80.00%
2026-07-05 18:36:20,195 - Epoch [20/50] | Train Loss: 0.6385 - Train Acc: 79.11% | Val Loss: 0.8669 - Val Acc: 80.00%
2026-07-05 18:36:20,224 - Epoch [21/50] | Train Loss: 0.6006 - Train Acc: 82.22% | Val Loss: 0.8350 - Val Acc: 78.00%
2026-07-05 18:36:20,253 - Epoch [22/50] | Train Loss: 0.6193 - Train Acc: 78.44% | Val Loss: 0.8112 - Val Acc: 80.00%
2026-07-05 18:36:20,285 - Epoch [23/50] | Train Loss: 0.5641 - Train Acc: 80.67% | Val Loss: 0.7743 - Val Acc: 82.00%
2026-07-05 18:36:20,315 - Epoch [24/50] | Train Loss: 0.5649 - Train Acc: 82.67% | Val Loss: 0.7999 - Val Acc: 80.00%
2026-07-05 18:36:20,344 - Epoch [25/50] | Train Loss: 0.5377 - Train Acc: 83.78% | Val Loss: 0.7602 - Val Acc: 80.00%
2026-07-05 18:36:20,373 - Epoch [26/50] | Train Loss: 0.5007 - Train Acc: 82.22% | Val Loss: 0.7905 - Val Acc: 78.00%
2026-07-05 18:36:20,400 - Epoch [27/50] | Train Loss: 0.5044 - Train Acc: 82.44% | Val Loss: 0.8110 - Val Acc: 78.00%
2026-07-05 18:36:20,431 - Epoch [28/50] | Train Loss: 0.4547 - Train Acc: 83.56% | Val Loss: 0.7919 - Val Acc: 78.00%
2026-07-05 18:36:20,459 - Epoch [29/50] | Train Loss: 0.4589 - Train Acc: 84.22% | Val Loss: 0.7086 - Val Acc: 86.00%
2026-07-05 18:36:20,489 - Epoch [30/50] | Train Loss: 0.4317 - Train Acc: 86.00% | Val Loss: 0.7226 - Val Acc: 82.00%
2026-07-05 18:36:20,515 - Epoch [31/50] | Train Loss: 0.4619 - Train Acc: 85.78% | Val Loss: 0.7133 - Val Acc: 82.00%
2026-07-05 18:36:20,544 - Epoch [32/50] | Train Loss: 0.3920 - Train Acc: 86.44% | Val Loss: 0.7199 - Val Acc: 82.00%
2026-07-05 18:36:20,577 - Epoch [33/50] | Train Loss: 0.3850 - Train Acc: 86.44% | Val Loss: 0.7356 - Val Acc: 82.00%
2026-07-05 18:36:20,605 - Epoch [34/50] | Train Loss: 0.3730 - Train Acc: 85.78% | Val Loss: 0.7405 - Val Acc: 80.00%
2026-07-05 18:36:20,633 - Epoch [35/50] | Train Loss: 0.3813 - Train Acc: 87.33% | Val Loss: 0.6864 - Val Acc: 82.00%
2026-07-05 18:36:20,663 - Epoch [36/50] | Train Loss: 0.3587 - Train Acc: 87.78% | Val Loss: 0.6855 - Val Acc: 82.00%
2026-07-05 18:36:20,694 - Epoch [37/50] | Train Loss: 0.3450 - Train Acc: 85.56% | Val Loss: 0.7033 - Val Acc: 84.00%
2026-07-05 18:36:20,723 - Epoch [38/50] | Train Loss: 0.3523 - Train Acc: 88.44% | Val Loss: 0.6540 - Val Acc: 84.00%
2026-07-05 18:36:20,751 - Epoch [39/50] | Train Loss: 0.3381 - Train Acc: 88.22% | Val Loss: 0.6393 - Val Acc: 82.00%
2026-07-05 18:36:20,779 - Epoch [40/50] | Train Loss: 0.3092 - Train Acc: 90.22% | Val Loss: 0.6152 - Val Acc: 82.00%
2026-07-05 18:36:20,807 - Epoch [41/50] | Train Loss: 0.2912 - Train Acc: 89.33% | Val Loss: 0.6174 - Val Acc: 82.00%
2026-07-05 18:36:20,841 - Epoch [42/50] | Train Loss: 0.2967 - Train Acc: 90.00% | Val Loss: 0.6041 - Val Acc: 84.00%
2026-07-05 18:36:20,869 - Epoch [43/50] | Train Loss: 0.3025 - Train Acc: 90.67% | Val Loss: 0.6278 - Val Acc: 84.00%
2026-07-05 18:36:20,897 - Epoch [44/50] | Train Loss: 0.2980 - Train Acc: 88.67% | Val Loss: 0.6446 - Val Acc: 86.00%
2026-07-05 18:36:20,925 - Epoch [45/50] | Train Loss: 0.2972 - Train Acc: 88.89% | Val Loss: 0.6409 - Val Acc: 86.00%
2026-07-05 18:36:20,953 - Epoch [46/50] | Train Loss: 0.2527 - Train Acc: 92.00% | Val Loss: 0.6189 - Val Acc: 86.00%
2026-07-05 18:36:20,983 - Epoch [47/50] | Train Loss: 0.2558 - Train Acc: 91.11% | Val Loss: 0.6330 - Val Acc: 84.00%
2026-07-05 18:36:21,014 - Epoch [48/50] | Train Loss: 0.2386 - Train Acc: 92.89% | Val Loss: 0.6088 - Val Acc: 84.00%
2026-07-05 18:36:21,036 - Epoch [49/50] | Train Loss: 0.2455 - Train Acc: 91.11% | Val Loss: 0.6206 - Val Acc: 84.00%
2026-07-05 18:36:21,070 - Epoch [50/50] | Train Loss: 0.2473 - Train Acc: 92.22% | Val Loss: 0.6632 - Val Acc: 84.00%
2026-07-05 18:36:21,070 - --------------------------------------------------
2026-07-05 18:36:21,070 - Training Complete!
2026-07-05 18:36:21,070 - Total Training Time: 1.47 seconds
2026-07-05 18:36:21,070 - Peak GPU Memory (allocated): 94.98 MB
2026-07-05 18:48:34,333 - 
 Starting Training Routine...
2026-07-05 18:48:34,333 - --------------------------------------------------
2026-07-05 18:48:35,798 - Epoch [01/100] | Train Loss: 1.0629 - Train Acc: 58.22% | Val Loss: 0.9174 - Val Acc: 65.69%
2026-07-05 18:48:37,027 - Epoch [02/100] | Train Loss: 0.5632 - Train Acc: 78.77% | Val Loss: 0.8563 - Val Acc: 70.01%
2026-07-05 18:48:38,247 - Epoch [03/100] | Train Loss: 0.3499 - Train Acc: 87.48% | Val Loss: 0.8106 - Val Acc: 70.30%
2026-07-05 18:48:39,445 - Epoch [04/100] | Train Loss: 0.2721 - Train Acc: 90.75% | Val Loss: 8.0101 - Val Acc: 26.04%
2026-07-05 18:48:40,664 - Epoch [05/100] | Train Loss: 0.2568 - Train Acc: 91.34% | Val Loss: 0.6561 - Val Acc: 80.76%
